id,popularity,revenue,runtime,title,vote_average,vote_count,tags
19995,150.437577,2787965087,162.0,avatar,7.2,11800,"action adventure fantasy sciencefiction cultureclash future spacewar spacecolony society spacetravel futuristic romance space alien tribe alienplanet cgi marine soldier battle loveaffair antiwar powerrelations mindandsoul 3d in the 22nd century, a paraplegic marine is dispatched to the moon pandora on a unique mission, but becomes torn between following orders and protecting an alien civilization. enter the world of pandora."
285,139.082615,961000000,169.0,pirates of the caribbean: at world's end,6.9,4500,"adventure fantasy action ocean drugabuse exoticisland eastindiatradingcompany loveofone'slife traitor shipwreck strongwoman ship alliance calypso afterlife fighter pirate swashbuckler aftercreditsstinger captain barbossa, long believed to be dead, has come back to life and is headed to the edge of the earth with will turner and elizabeth swann. but nothing is quite as it seems. at the end of the world, the adventure begins."
206647,107.376788,880674609,148.0,spectre,6.3,4466,"action adventure crime spy basedonnovel secretagent sequel mi6 britishsecretservice unitedkingdom a cryptic message from bond’s past sends him on a trail to uncover a sinister organization. while m battles political forces to keep the secret service alive, bond peels back the layers of deceit to reveal the terrible truth behind spectre. a plan no one escapes"
49026,112.31295,1084939099,165.0,the dark knight rises,7.6,9106,"action crime drama thriller dccomics crimefighter terrorist secretidentity burglar hostagedrama timebomb gothamcity vigilante cover-up superhero villainess tragichero terrorism destruction catwoman catburglar imax flood criminalunderworld batman following the death of district attorney harvey dent, batman assumes responsibility for dent's crimes to protect the late attorney's reputation and is subsequently hunted by the gotham city police department. eight years later, batman encounters the mysterious selina kyle and the villainous bane, a new terrorist leader who overwhelms gotham's finest. the dark knight resurfaces to protect a city that has branded him an enemy. the legend ends"
49529,43.926995,284139100,132.0,john carter,6.1,2124,"action adventure sciencefiction basedonnovel mars medallion spacetravel princess alien steampunk martian escape edgarriceburroughs alienrace superhumanstrength marscivilization swordandplanet 19thcentury 3d john carter is a war-weary, former military captain who's inexplicably transported to the mysterious and exotic planet of barsoom (mars) and reluctantly becomes embroiled in an epic conflict. it's a world on the brink of collapse, and carter rediscovers his humanity when he realizes the survival of barsoom and its people rests in his hands. lost in our world, found in another."
559,115.699814,890871626,139.0,spider-man 3,5.9,3576,"fantasy action adventure dualidentity amnesia sandstorm loveofone'slife forgiveness spider wretch deathofafriend egomania sand narcism hostility marvelcomic sequel superhero revenge the seemingly invincible spider-man goes up against an all-new crop of villain – including the shape-shifting sandman. while spider-man’s superpowers are altered by an alien organism, his alter ego, peter parker, deals with nemesis eddie brock and also gets caught up in a love triangle. the battle within."
38757,48.681969,591794936,100.0,tangled,7.4,3330,"animation family hostage magic horse fairytale musical princess animation tower blondewoman selfishness healingpower basedonfairytale duringcreditsstinger healinggift animalsidekick when the kingdom's most wanted-and most charming-bandit flynn rider hides out in a mysterious tower, he's taken hostage by rapunzel, a beautiful and feisty tower-bound teen with 70 feet of magical, golden hair. flynn's curious captor, who's looking for her ticket out of the tower where she's been locked away for years, strikes a deal with the handsome thief and the unlikely duo sets off on an action-packed escapade, complete with a super-cop horse, an over-protective chameleon and a gruff gang of pub thugs. they're taking adventure to new lengths."
99861,134.279229,1405403694,141.0,avengers: age of ultron,7.3,6767,"action adventure sciencefiction marvelcomic sequel superhero basedoncomicbook vision superheroteam duringcreditsstinger marvelcinematicuniverse 3d when tony stark tries to jumpstart a dormant peacekeeping program, things go awry and earth’s mightiest heroes are put to the ultimate test as the fate of the planet hangs in the balance. as the villainous ultron emerges, it is up to the avengers to stop him from enacting his terrible plans, and soon uneasy alliances and unexpected action pave the way for an epic and unique global adventure. a new age has come."
767,98.885637,933959197,153.0,harry potter and the half-blood prince,7.4,5293,"adventure fantasy family witch magic broom schoolofwitchcraft wizardry apparition teenagecrush werewolf as harry begins his sixth year at hogwarts, he discovers an old book marked as 'property of the half-blood prince', and begins to learn more about lord voldemort's dark past. dark secrets revealed"
209112,155.790452,873260194,151.0,batman v superman: dawn of justice,5.7,7004,"action adventure fantasy dccomics vigilante superhero basedoncomicbook revenge superpowers clarkkent brucewayne dcextendeduniverse fearing the actions of a god-like super hero left unchecked, gotham city’s own formidable, forceful vigilante takes on metropolis’s most revered, modern-day savior, while the world wrestles with what sort of hero it really needs. and with batman and superman at war with one another, a new threat quickly arises, putting mankind in greater danger than it’s ever known before. justice or revenge"
1452,57.925623,391081192,154.0,superman returns,5.4,1400,"adventure fantasy action sciencefiction savingtheworld dccomics invulnerability sequel superhero basedoncomicbook kryptonite superpowers superhumanstrength lexluthor superman returns to discover his 5-year absence has allowed lex luthor to walk free, and that those he was closest too felt abandoned and have moved on. luthor plots his ultimate revenge that could see millions killed and change the face of the planet forever, as well as ridding himself of the man of steel. "
10764,107.928811,586090727,106.0,quantum of solace,6.1,2965,"adventure action thriller crime killing undercover secretagent britishsecretservice quantum of solace continues the adventures of james bond after casino royale. betrayed by vesper, the woman he loved, 007 fights the urge to make his latest mission personal. pursuing his determination to uncover the truth, bond and m interrogate mr. white, who reveals that the organization that blackmailed vesper is far more complex and dangerous than anyone had imagined. for love, for hate, for justice, for revenge."
58,145.847379,1065659812,151.0,pirates of the caribbean: dead man's chest,7.0,5246,"adventure fantasy action witch fortuneteller bondage exoticisland monster captain cardgame eastindiatradingcompany compass ship daughter pirate swashbuckler aftercreditsstinger captain jack sparrow works his way out of a blood debt with the ghostly davey jones, he also attempts to avoid eternal damnation. jack is back!"
57201,49.046956,89289910,149.0,the lone ranger,5.9,2311,"action adventure western texas horse survivor texasranger partner outlaw escape lawyer train loneranger comanche theloneranger tonto the texas rangers chase down a gang of outlaws led by butch cavendish, but the gang ambushes the rangers, seemingly killing them all. one survivor is found, however, by an american indian named tonto, who nurses him back to health. the ranger, donning a mask and riding a white stallion named silver, teams up with tonto to bring the unscrupulous gang and others of that ilk to justice. never take off the mask"
49521,99.398009,662845518,143.0,man of steel,6.5,6359,"action adventure fantasy sciencefiction savingtheworld dccomics superhero basedoncomicbook superhuman alieninvasion reboot superpowers dcextendeduniverse a young boy learns that he has extraordinary powers and is not of this earth. as a young man, he journeys to discover where he came from and what he was sent here to do. but the hero in him must emerge if he is to save the world from annihilation and become the symbol of hope for all mankind. you will believe that a man can fly."
2454,53.978602,419651413,150.0,the chronicles of narnia: prince caspian,6.3,1630,"adventure family fantasy basedonnovel fictionalplace brothersisterrelationship lion humanbeing wretch leapintime matteroflifeanddeath faith uncle narnia fantasyworld one year after their incredible adventures in the lion, the witch and the wardrobe, peter, edmund, lucy and susan pevensie return to narnia to aid a young prince whose life has been threatened by the evil king miraz. now, with the help of a colorful cast of new characters, including trufflehunter the badger and nikabrik the dwarf, the pevensie clan embarks on an incredible quest to ensure that narnia is returned to its rightful heir. hope has a new face."
24428,144.448633,1519557910,143.0,the avengers,7.4,11776,"sciencefiction action adventure newyork shield marvelcomic superhero basedoncomicbook alieninvasion superheroteam aftercreditsstinger duringcreditsstinger marvelcinematicuniverse when an unexpected enemy emerges and threatens global safety and security, nick fury, director of the international peacekeeping agency known as s.h.i.e.l.d., finds himself in need of a team to pull the world back from the brink of disaster. spanning the globe, a daring recruitment effort begins! some assembly required."
1865,135.413856,1045713802,136.0,pirates of the caribbean: on stranger tides,6.4,4948,"adventure action fantasy sea captain mutiny sword primeminister sailing silver ship duke mermaid pirate soldier battle swashbuckler aftercreditsstinger 3d captain jack sparrow crosses paths with a woman from his past, and he's not sure if it's love -- or if she's a ruthless con artist who's using him to find the fabled fountain of youth. when she forces him aboard the queen anne's revenge, the ship of the formidable pirate blackbeard, jack finds himself on an unexpected adventure in which he doesn't know who to fear more: blackbeard or the woman from his past. live forever or die trying."
41154,52.035179,624026776,106.0,men in black 3,6.2,4160,"action comedy sciencefiction timetravel timemachine alien fictionalgovernmentagency seeingthefuture changinghistory agents j (will smith) and k (tommy lee jones) are back...in time. j has seen some inexplicable things in his 15 years with the men in black, but nothing, not even aliens, perplexes him as much as his wry, reticent partner. but when k's life and the fate of the planet are put at stake, agent j will have to travel back in time to put things right. j discovers that there are secrets to the universe that k never told him - secrets that will reveal themselves as he teams up with the young agent k (josh brolin) to save his partner, the agency, and the future of humankind. they are back... in time."
122917,120.965743,956019788,144.0,the hobbit: the battle of the five armies,7.1,4760,"action adventure fantasy corruption elves dwarves orcs middle-earth(tolkien) hobbit dragon battle unlikelyfriendship epicbattle swordandsorcery immediately after the events of the desolation of smaug, bilbo and the dwarves try to defend erebor's mountain of treasure from others who claim it: the men of the ruined laketown and the elves of mirkwood. meanwhile an army of orcs led by azog the defiler is marching on erebor, fueled by the rise of the dark lord sauron. dwarves, elves and men must unite, and the hope for middle-earth falls into bilbo's hands. witness the defining chapter of the middle-earth saga"
1930,89.866276,752215857,136.0,the amazing spider-man,6.5,6586,"action adventure fantasy lossoffather vigilante serum marvelcomic scientificexperiment spiderbite maskedvigilante reboot superpowers geneticengineering socialoutcast duringcreditsstinger peter parker is an outcast high schooler abandoned by his parents as a boy, leaving him to be raised by his uncle ben and aunt may. like most teenagers, peter is trying to figure out who he is and how he got to be the person he is today. as peter discovers a mysterious briefcase that belonged to his father, he begins a quest to understand his parents' disappearance – leading him directly to oscorp and the lab of dr. curt connors, his father's former partner. as spider-man is set on a collision course with connors' alter ego, the lizard, peter will make life-altering choices to use his powers and shape his destiny to become a hero. the untold story begins."
20662,37.668301,310669540,140.0,robin hood,6.2,1398,"action adventure robinhood archer knight sherwoodforest bowandarrow middleages medieval kingofengland when soldier robin happens upon the dying robert of loxley, he promises to return the man's sword to his family in nottingham. there, he assumes robert's identity; romances his widow, marion; and draws the ire of the town's sheriff and king john's henchman, godfrey. rise and rise again, until lambs become lions."
57158,94.370564,958400000,161.0,the hobbit: the desolation of smaug,7.6,4524,"adventure fantasy elves dwarves orcs hobbit dragon wizard swordandsorcery the dwarves, bilbo and gandalf have successfully escaped the misty mountains, and bilbo has gained the one ring. they all continue their journey to get their gold back from the dragon, smaug. beyond darkness... beyond desolation... lies the greatest danger of all."
2268,42.990906,372234864,113.0,the golden compass,5.8,1303,"adventure fantasy england compass experiment lordship uncle polarbear orphan animal basedonyoungadultnovel after overhearing a shocking secret, precocious orphan lyra belacqua trades her carefree existence roaming the halls of jordan college for an otherworldly adventure in the far north, unaware that it's part of her destiny. there are worlds beyond our own - the compass will show the way."
254,61.22601,550000000,187.0,king kong,6.6,2337,"adventure drama action filmbusiness screenplay showbusiness filmmaking filmproducer exoticisland monster indigenous ship dinosaur in 1933 new york, an overly ambitious movie producer coerces his cast and hired ship crew to travel to mysterious skull island, where they encounter kong, a giant ape who is immediately smitten with the leading lady. the eighth wonder of the world."
597,100.025899,1845034188,194.0,titanic,7.5,7562,"drama romance thriller shipwreck iceberg ship panic titanic oceanliner epic richwoman-poorman love disaster tragiclove classdifferences imax starcrossedlovers steerage salvage richsnob 3d 1910s 84 years later, a 101-year-old woman named rose dewitt bukater tells the story to her granddaughter lizzy calvert, brock lovett, lewis bodine, bobby buell and anatoly mikailavich on the keldysh about her life set in april 10th 1912, on a ship called titanic when young rose boards the departing ship with the upper-class passengers and her mother, ruth dewitt bukater, and her fiancé, caledon hockley. meanwhile, a drifter and artist named jack dawson and his best friend fabrizio de rossi win third-class tickets to the ship in a game. and she explains the whole story from departure until the death of titanic on its first and last voyage april 15th, 1912 at 2:20 in the morning. nothing on earth could come between them."
271110,198.372395,1153304495,147.0,captain america: civil war,7.1,7241,"adventure action sciencefiction civilwar war marvelcomic sequel superhero basedoncomicbook imax aftercreditsstinger duringcreditsstinger marvelcinematicuniverse 3d following the events of age of ultron, the collective governments of the world pass an act designed to regulate all superhuman activity. this polarizes opinion amongst the avengers, causing two factions to side with iron man or captain america, which causes an epic battle between former allies. divided we fall"
44833,64.928382,303025485,131.0,battleship,5.5,2114,"thriller action adventure sciencefiction fight u.s.navy mindreading hongkong soccer scientist fictionalwar naval armada battleship navalcombat jdsmyoko lostcommunication taser buoy communicationsexpert jointchiefsofstaff crashlanding jetfighterpilot navylieutenant permissiontomarry ussjohnpauljones basedonboardgame aftercreditsstinger mightymo ussmissouri when mankind beams a radio signal into space, a reply comes from ‘planet g’, in the form of several alien crafts that splash down in the waters off hawaii. lieutenant alex hopper is a weapons officer assigned to the uss john paul jones, part of an international naval coalition which becomes the world's last hope for survival as they engage the hostile alien force of unimaginable strength. while taking on the invaders, hopper must also try to live up to the potential his brother, and his fiancée's father, admiral shane, expect of him. the battle for earth begins at sea"
135397,418.708552,1513528810,124.0,jurassic world,6.5,8662,"action adventure sciencefiction thriller monster dna tyrannosaurusrex velociraptor island sequel suspense disaster escape dinosaur amusementpark animalattack themepark jurassicpark 3d animalhorror twenty-two years after the events of jurassic park, isla nublar now features a fully functioning dinosaur theme park, jurassic world, as originally envisioned by john hammond. the park is open."
37724,93.004993,1108561013,143.0,skyfall,6.9,7604,"action adventure thriller spy secretagent sociopath killer artgallery britishsecretservice istanbulturkey imax uzi boobytrap impersonatingapoliceofficer macao when bond's latest assignment goes gravely wrong and agents around the world are exposed, mi6 is attacked forcing m to relocate the agency. these events cause her authority and position to be challenged by gareth mallory, the new chairman of the intelligence and security committee. with mi6 now compromised from both inside and out, m is left with one ally she can trust: bond. 007 takes to the shadows - aided only by field agent, eve - following a trail to the mysterious silva, whose lethal and hidden motives have yet to reveal themselves. think on your sins."
558,35.149586,783766341,127.0,spider-man 2,6.7,4321,"action adventure fantasy dualidentity loveofone'slife pizzaboy marvelcomic sequel superhero doctor scientist tentacle death supervillain peter parker is going through a major identity crisis. burned out from being spider-man, he decides to shelve his superhero alter ego, which leaves the city suffering in the wake of carnage left by the evil doc ock. in the meantime, parker still can't act on his feelings for mary jane watson, a girl he's loved since childhood. there's a hero in all of us."
68721,77.68208,1215439994,130.0,iron man 3,6.8,8806,"action adventure sciencefiction terrorist waronterror tennessee malibu marvelcomic superhero basedoncomicbook tonystark ironman aftercreditsstinger marvelcinematicuniverse mandarin 3d warmachine ironpatriot extremis when tony stark's world is torn apart by a formidable terrorist called the mandarin, he starts an odyssey of rebuilding and retribution. unleash the power behind the armor."
12155,78.530105,1025491110,108.0,alice in wonderland,6.4,4645,"family fantasy adventure basedonnovel fictionalplace queen fantasy aliceinwonderland fantasyworld 3d alice, an unpretentious and individual 19-year-old, is betrothed to a dunce of an english nobleman. at her engagement party, she escapes the crowd to consider whether to go through with the marriage and falls down a hole in the garden after spotting an unusual rabbit. arriving in a strange and surreal place called 'underland,' she finds herself in a world that resembles the nightmares she had as a child, filled with talking animals, villainous queens and knights, and frumious bandersnatches. alice realizes that she is there for a reason – to conquer the horrific jabberwocky and restore the rightful queen to her throne. you're invited to a very important date."
36668,3.857526,459359555,104.0,x-men: the last stand,6.3,3525,"adventure action sciencefiction thriller mutant marvelcomic basedoncomicbook superhuman beast cyclops aftercreditsstinger when a cure is found to treat mutations, lines are drawn amongst the x-men and the brotherhood, a band of powerful mutants organized under xavier's former ally, magneto. take a stand"
62211,89.186492,743559607,104.0,monsters university,7.0,3528,animation family monster dormitory games animation bestfriend university scary aftercreditsstinger a look at the relationship between mike and sulley during their days at monsters university — when they weren't necessarily the best of friends. school never looked this scary.
8373,21.939663,836297228,150.0,transformers: revenge of the fallen,6.0,3138,"sciencefiction action adventure egypt sun chaos symbol artifact transformers tank robot imax duringcreditsstinger sam witwicky leaves the autobots behind for a normal life. but when his mind is filled with cryptic symbols, the decepticons target him and he is dragged back into the transformers' war. revenge is coming."
91314,116.840296,1091405097,165.0,transformers: age of extinction,5.8,3095,"sciencefiction action adventure sequel alien transformers giantrobot robot imax transformingrobot as humanity picks up the pieces, following the conclusion of ""transformers: dark of the moon,"" autobots and decepticons have all but vanished from the face of the planet. however, a group of powerful, ingenious businessman and scientists attempt to learn from past transformer incursions and push the boundaries of technology beyond what they can control - all while an ancient, powerful transformer menace sets earth in his cross-hairs. this is not war. it's extinction."
68728,46.985445,491868548,130.0,oz: the great and powerful,5.7,3530,"fantasy adventure family circus witch magic hope illusion lost magictrick wizard 3d oscar diggs, a small-time circus illusionist and con-artist, is whisked from kansas to the land of oz where the inhabitants assume he's the great wizard of prophecy, there to save oz from the clutches of evil. in oz, nothing is what it seems"
102382,89.270217,705717432,142.0,the amazing spider-man 2,6.5,4179,"action adventure fantasy obsession marvelcomic sequel basedoncomicbook electrocution medicalexperiment electricity superpowers for peter parker, life is busy. between taking out the bad guys as spider-man and spending time with the person he loves, gwen stacy, high school graduation cannot come quickly enough. peter has not forgotten about the promise he made to gwen’s father to protect her by staying away, but that is a promise he cannot keep. things will change for peter when a new villain, electro, emerges, an old friend, harry osborn, returns, and peter uncovers new clues about his past. no more secrets."
20526,73.79505,400062763,125.0,tron: legacy,6.3,2841,"adventure action sciencefiction artificialintelligence secretidentity computerprogram dystopia computer deception duel motorcycle neonlight autocracy sam flynn, the tech-savvy and daring son of kevin flynn, investigates his father's disappearance and is pulled into the grid. with the help of a mysterious program named quorra, sam quests to stop evil dictator clu from crossing into the real world. the game has changed."
49013,49.98659,559852396,106.0,cars 2,5.8,2033,animation family adventure comedy carrace sequel comedy anthropomorphism bestfriend duringcreditsstinger star race car lightning mcqueen and his pal mater head overseas to compete in the world grand prix race. but the road to the championship becomes rocky as mater gets caught up in an intriguing adventure of his own: international espionage. ka-ciao!
44912,51.872839,219851172,114.0,green lantern,5.1,2487,"adventure action thriller sciencefiction dccomics transformation superhero alien alieninfection magicalobject protector superpowers origin 3d for centuries, a small but powerful force of warriors called the green lantern corps has sworn to keep intergalactic order. each green lantern wears a ring that grants him superpowers. but when a new enemy called parallax threatens to destroy the balance of power in the universe, their fate and the fate of earth lie in the hands of the first human ever recruited. in our darkest hour, there will be light."
10193,59.995418,1066969703,103.0,toy story 3,7.6,4597,"animation family comedy hostage college toy barbie animation escape daycare teddybear duringcreditsstinger toycomestolife personification inanimateobjectscomingtolife toystory woody, buzz, and the rest of andy's toys haven't been played with in years. with andy about to go to college, the gang find themselves accidentally left at a nefarious day care center. the toys must band together to escape and return home to andy. no toy gets left behind."
534,71.862892,371353001,115.0,terminator salvation,5.9,2463,"action sciencefiction thriller savingtheworld artificialintelligence prophecy sanfrancisco cyborg killerrobot gasstation post-apocalyptic dystopia army firearm wartime losangeles all grown up in post-apocalyptic 2018, john connor must lead the resistance of humans against the increasingly dominating militaristic robots. but when marcus wright appears, his existence confuses the mission as connor tries to determine whether wright has come from the future or the past -- and whether he's friend or foe. the end begins."
168259,102.322217,1506249360,137.0,furious 7,7.3,4176,action carrace speed revenge suspense car race musclecar deckard shaw seeks revenge against dominic toretto and his family for his comatose brother. vengeance hits home
72190,81.834855,531865000,116.0,world war z,6.7,5560,"action drama horror sciencefiction thriller dystopia apocalypse zombie nuclearweapons multipleperspectives zombieapocalypse life for former united nations investigator gerry lane and his family seems content. suddenly, the world is plagued by a mysterious infection turning whole human populations into rampaging mindless zombies. after barely escaping the chaos, lane is persuaded to go on a mission to investigate this disease. what follows is a perilous trek around the world where lane must brave horrific dangers and long odds to find answers before human civilization falls. remember philly!"
127585,118.078691,747862775,131.0,x-men: days of future past,7.5,6032,"action adventure fantasy sciencefiction 1970s mutant timetravel marvelcomic basedoncomicbook superhuman storm beast aftercreditsstinger changingthepastorfuture the ultimate x-men ensemble fights a war for the survival of the species across two time periods as they join forces with their younger selves in an epic battle that must change the past – to save our future. to save the future, they must alter the past"
54138,78.291018,467365246,132.0,star trek into darkness,7.4,4418,"action adventure sciencefiction spacecraft friendship sequel futuristic space alien imax spaceopera terroristbombing 3d when the crew of the enterprise is called back home, they find an unstoppable force of terror from within their own organization has detonated the fleet and everything it stands for, leaving our world in a state of crisis.  with a personal score to settle, captain kirk leads a manhunt to a war-zone world to capture a one man weapon of mass destruction. as our heroes are propelled into an epic chess game of life and death, love will be challenged, friendships will be torn apart, and sacrifices must be made for the only family kirk has left: his crew. earth will fall"
81005,43.349855,197687603,114.0,jack the giant slayer,5.5,2598,"action family fantasy basedonfairytale giant the story of an ancient war that is reignited when a young farmhand unwittingly opens a gateway between our world and a fearsome race of giants. unleashed on the earth for the first time in centuries, the giants strive to reclaim the land they once lost, forcing the young man, jack into the battle of his life to stop them. fighting for a kingdom, its people, and the love of a brave princess, he comes face to face with the unstoppable warriors he thought only existed in legend–and gets the chance to become a legend himself. prepare for a giant adventure"
64682,61.196071,351040419,143.0,the great gatsby,7.3,3769,"drama romance basedonnovel infidelity obsession hope 3d an adaptation of f. scott fitzgerald's long island-set novel, where midwesterner nick carraway is lured into the lavish world of his neighbor, jay gatsby. soon enough, however, carraway will see through the cracks of gatsby's nouveau riche existence, where obsession, madness, and tragedy await. reserving judgments is a matter of infinite hope... i come to the admission that it has a limit."
9543,62.169881,335154643,116.0,prince of persia: the sands of time,6.2,2317,"adventure fantasy action romance persia sandstorm brotheragainstbrother armageddon regent basedonvideogame a rogue prince reluctantly joins forces with a mysterious princess and together, they race against dark forces to safeguard an ancient dagger capable of releasing the sands of time – gift from the gods that can reverse time and allow its possessor to rule the world. defy the future"
68726,56.523205,407602906,131.0,pacific rim,6.7,4794,"action sciencefiction adventure dystopia giantrobot giantmonster apocalypse imax duringcreditsstinger 3d when legions of monstrous creatures, known as kaiju, started rising from the sea, a war began that would take millions of lives and consume humanity's resources for years on end. to combat the giant kaiju, a special type of weapon was devised: massive robots, called jaegers, which are controlled simultaneously by two pilots whose minds are locked in a neural bridge. but even the jaegers are proving nearly defenseless in the face of the relentless kaiju. on the verge of defeat, the forces defending mankind have no choice but to turn to two unlikely heroes—a washed-up former pilot (charlie hunnam) and an untested trainee (rinko kikuchi)—who are teamed to drive a legendary but seemingly obsolete jaeger from the past. together, they stand as mankind's last hope against the mounting apocalypse. to fight monsters, we created monsters"
38356,28.529607,1123746996,154.0,transformers: dark of the moon,6.1,3299,"action sciencefiction adventure moon spacecraft traitor bodyguard alienplanet basedoncartoon transformers giantrobot sabotage worddomination commando duringcreditsstinger sam witwicky takes his first tenuous steps into adulthood while remaining a reluctant human ally of autobot-leader optimus prime. the film centers around the space race between the ussr and the usa, suggesting there was a hidden transformers role in it all that remains one of the planet's most dangerous secrets. the invasion we always feared. an enemy we never expected."
217,75.674458,786636033,122.0,indiana jones and the kingdom of the crystal skull,5.7,2495,"adventure action savingtheworld riddle whip treasure mexicocity leatherjacket machinegun alienphenomenons mayacivilization peru treasurehunt nuclearexplosion refrigerator archaeologist indianajones archeology  set during the cold war, the soviets – led by sword-wielding irina spalko – are in search of a crystal skull which has supernatural powers related to a mystical lost city of gold. after being captured and then escaping from them, indy is coerced to head to peru at the behest of a young man whose friend – and indy's colleague – professor oxley has been captured for his knowledge of the skull's whereabouts. the adventure continues . . ."
105864,51.692953,331926147,93.0,the good dinosaur,6.6,1736,adventure animation family tyrannosaurusrex friends alternatehistory dinosaur fear storm nature human journey an epic journey into the world of dinosaurs where an apatosaurus named arlo makes an unlikely human friend. little arms with big attitude
62177,125.114374,538983207,93.0,brave,6.7,4641,"animation adventure comedy family action fantasy scotland rebel bravery kingdom archer wish bear scot rebelliousdaughter turnsintoanimal archery ruins aftercreditsstinger peaceoffering womandirector courage 3d brave is set in the mystical scottish highlands, where mérida is the princess of a kingdom ruled by king fergus and queen elinor. an unruly daughter and an accomplished archer, mérida one day defies a sacred custom of the land and inadvertently brings turmoil to the kingdom. in an attempt to set things right, mérida seeks out an eccentric old wise woman and is granted an ill-fated wish. also figuring into mérida’s quest — and serving as comic relief — are the kingdom’s three lords: the enormous lord macguffin, the surly lord macintosh, and the disagreeable lord dingwall. change your fate."
188927,65.352913,343471816,122.0,star trek beyond,6.6,2568,"action adventure sciencefiction sequel stranded hatred spaceopera the uss enterprise crew explores the furthest reaches of uncharted space, where they encounter a mysterious new enemy who puts them and everything the federation stands for to the test. "
10681,66.390712,521311860,98.0,wall·e,7.8,6296,"animation family romanticcomedy wall·e is the last robot left on an earth that has been overrun with garbage and all humans have fled to outer space. for 700 years he has continued to try and clean up the mess, but has developed some rather interesting human-like qualities. when a ship arrives with a sleek new type of robot, wall·e thinks he's finally found a friend and stows away on the ship when it leaves. an adventure beyond the ordinar-e."
5174,22.57178,258022233,91.0,rush hour 3,6.1,783,"action comedy crime thriller ambassador after an attempted assassination on ambassador han, inspector lee and detective carter are back in action as they head to paris to protect a french woman with knowledge of the triads' secret leaders. lee also holds secret meetings with a united nations authority, but his personal struggles with a chinese criminal mastermind named kenji, which reveals that it's lee's long-lost...brother. the rush is on!"
14161,45.274225,769653595,158.0,2012,5.6,4903,"action adventure sciencefiction civilization naturaldisaster endoftheworld disaster apocalypse destruction volcaniceruption mayan ark solar destructionofmankind dr. adrian helmsley, part of a worldwide geophysical team investigating the effect on the earth of radiation from unprecedented solar storms, learns that the earth's core is heating up. he warns u.s. president thomas wilson that the crust of the earth is becoming unstable and that without proper preparations for saving a fraction of the world's population, the entire race is doomed. meanwhile, writer jackson curtis stumbles on the same information. while the world's leaders race to build ""arks"" to escape the impending cataclysm, curtis struggles to find a way to save his family. meanwhile, volcanic eruptions and earthquakes of unprecedented strength wreak havoc around the world. we were warned."
17979,39.744242,325233863,96.0,a christmas carol,6.6,1095,"animation drama holiday basedonnovel victorianengland money christmaseve scrooge christmascarol ghost lesson charlesdickens christmas miser ebenezer scrooge is awakened on christmas eve by spirits who reveal to him his own miserable existence, what opportunities he wasted in his youth, his current cruelties, and the dire fate that awaits him if he does not change his ways. scrooge is faced with his own story of growing bitterness and meanness, and must decide what his own future will hold: death or redemption. season's greedings"
76757,85.36908,183987723,124.0,jupiter ascending,5.2,2768,"sciencefiction fantasy action adventure jupiter space womandirector 3d interspeciesromance in a universe where human genetic material is the most precious commodity, an impoverished young earth woman becomes the key to strategic maneuvers and internal strife within a powerful dynasty… expand your universe."
258489,42.741719,356743061,109.0,the legend of tarzan,5.5,2430,"action adventure africa feralchild tarzan jungle animalattack tarzan, having acclimated to life in london, is called back to his former home in the jungle to investigate the activities at a mining encampment. human. nature."
411,67.391328,748806957,143.0,"the chronicles of narnia: the lion, the witch and the wardrobe",6.7,2629,"adventure family fantasy savingtheworld witch basedonnovel brothersisterrelationship selfsacrifice winter cupboard beaver lion fairy-talefigure battle narnia fantasyworld duringcreditsstinger siblings lucy, edmund, susan and peter step through a magical wardrobe and find the land of narnia. there, the they discover a charming, once peaceful kingdom that has been plunged into eternal winter by the evil white witch, jadis. aided by the wise and magnificent lion, aslan, the children lead narnia into a spectacular, climactic battle to be free of the witch's glacial powers forever. evil has reigned for 100 years..."
246655,139.272042,543934787,144.0,x-men: apocalypse,6.4,4721,"sciencefiction mutant supernaturalpowers marvelcomic superhero basedoncomicbook superhuman apocalypse superheroteam worlddomination aftercreditsstinger 1980s after the re-emergence of the world's first mutant, world-destroyer apocalypse, the x-men must unite to defeat his extinction level plan. only the strong will survive"
155,187.322927,1004558444,152.0,the dark knight,8.2,12002,"drama action crime thriller dccomics crimefighter secretidentity scarecrow sadism chaos gothamcity vigilante joker superhero basedoncomicbook tragichero organizedcrime criminalmastermind districtattorney imax supervillain superpowers batman batman raises the stakes in his war on crime. with the help of lt. jim gordon and district attorney harvey dent, batman sets out to dismantle the remaining criminal organizations that plague the streets. the partnership proves to be effective, but they soon find themselves prey to a reign of chaos unleashed by a rising criminal mastermind known to the terrified citizens of gotham as the joker. why so serious?"
14160,92.201962,735099082,96.0,up,7.7,6870,"animation comedy family adventure agedifference centralandsouthamerica balloon animation floatingintheair duringcreditsstinger exploring carl fredricksen spent his entire life dreaming of exploring the globe and experiencing life to its fullest. but at age 78, life seems to have passed him by, until a twist of fate (and a persistent 8-year old wilderness explorer named russell) gives him a new lease on life. "
15512,36.167578,381509870,94.0,monsters vs aliens,6.0,1423,"animation family adventure sciencefiction alien giantrobot duringcreditsstinger when susan murphy is unwittingly clobbered by a meteor full of outer space gunk on her wedding day, she mysteriously grows to 49-feet-11-inches. the military jumps into action and captures susan, secreting her away to a covert government compound. she is renamed ginormica and placed in confinement with a ragtag group of monsters... when aliens attack, monsters fight back."
1726,120.725053,585174222,126.0,iron man,7.4,8776,"action sciencefiction adventure middleeast armsdealer malibu marvelcomic superhero basedoncomicbook tonystark ironman aftercreditsstinger marvelcinematicuniverse counterterrorism agentcoulson after being held captive in an afghan cave, billionaire engineer tony stark creates a unique weaponized suit of armor to fight evil. heroes aren't born. they're built."
44826,32.319043,185770160,126.0,hugo,7.0,2141,"adventure drama family library clock filmdirector key toy boy love orphan robot automaton hiding filmmaking legbrace doberman 3d hugo is an orphan boy living in the walls of a train station in 1930s paris. he learned to fix clocks and other gadgets from his father and uncle which he puts to use keeping the train station clocks running. the only thing that he has left that connects him to his dead father is an automaton (mechanical man) that doesn't work without a special key which hugo needs to find to unlock the secret he believes it contains. on his adventures, he meets with a shopkeeper, george melies, who works in the train station and his adventure-seeking god-daughter. hugo finds that they have a surprising connection to his father and the automaton, and he discovers it unlocks some memories the old man has buried inside regarding his past. one of the most legendary directors of our time takes you on an extraordinary adventure."
8487,40.748915,222104681,106.0,wild wild west,5.1,1020,action adventure comedy sciencefiction western steampunk basedontvseries steamlocomotive drag legless southern inventor dr. arliss loveless plans to rekindle the civil war by assassinating president u.s. grant. only two men can stop him: gunfighter james west and master-of-disguise and inventor artemus gordon. the two must team up to thwart loveless' plans. it's a whole new west.
1735,60.034162,401128639,112.0,the mummy: tomb of the dragon emperor,5.2,1387,"adventure action fantasy  archaeologist rick o'connell travels to china, pitting him against an emperor from the 2,000-year-old han dynasty who's returned from the dead to pursue a quest for world domination. this time, o'connell enlists the help of his wife and son to quash the so-called 'dragon emperor' and his abuse of supernatural power. a new evil awakens."
297761,90.23792,745000000,123.0,suicide squad,5.9,7458,"action adventure crime fantasy sciencefiction dccomics shareduniverse antihero secretmission villain superhero supervillain dcextendeduniverse from dc comics comes the suicide squad, an antihero team of incarcerated supervillains who act as deniable assets for the united states government, undertaking high-risk black ops missions in exchange for commuted prison sentences. worst heroes ever"
2698,27.082182,173000000,96.0,evan almighty,5.3,1151,fantasy comedy family fathersonrelationship dailylife marriedcouple support father marriage faith baustelle rescue animal nature duringcreditsstinger noah'sark god contacts congressman evan baxter and tells him to build an ark in preparation for a great flood. a comedy of biblical proportions
137113,79.456485,370541256,113.0,edge of tomorrow,7.6,4858,"action sciencefiction dejavu timewarp restart dystopia war alien militaryofficer soldier alieninvasion exoskeleton major bill cage is an officer who has never seen a day of combat when he is unceremoniously demoted and dropped into combat. cage is killed within minutes, managing to take an alpha alien down with him. he awakens back at the beginning of the same day and is forced to fight and die again... and again - as physical contact with the alien has thrown him into a time loop. live, die, repeat"
9804,44.640292,264218220,135.0,waterworld,5.9,992,"adventure action ocean tattoo mutant water dystopia doomsday in a futuristic world where the polar ice caps have melted and made earth a liquid planet, a beautiful barmaid rescues a mutant seafarer from a floating island prison. they escape, along with her young charge, enola, and sail off aboard his ship. but the trio soon becomes the target of a menacing pirate who covets the map to 'dryland' – which is tattooed on enola's back. beyond the horizon lies the secret to a new beginning."
14869,32.852443,302469017,118.0,g.i. joe: the rise of cobra,5.6,1962,"adventure action thriller sciencefiction terrorist secret hostage technology warhead government president revenge murder attack explosion scientist lasers evil cobra from the egyptian desert to deep below the polar ice caps, the elite g.i. joe team uses the latest in next-generation spy and military equipment to fight the corrupt arms dealer destro and the growing threat of the mysterious cobra organization to prevent them from plunging the world into chaos. when all else fails, they don't."
150540,128.655964,857611174,94.0,inside out,8.0,6560,"drama comedy animation family dream cartoon imaginaryfriend animation family moving kids unicorn duringcreditsstinger 3d emotions growing up can be a bumpy road, and it's no exception for riley, who is uprooted from her midwest life when her father starts a new job in san francisco. like all of us, riley is guided by her emotions - joy, fear, anger, disgust and sadness. the emotions live in headquarters, the control center inside riley's mind, where they help advise her through everyday life. as riley and her emotions struggle to adjust to a new life in san francisco, turmoil ensues in headquarters. although joy, riley's main and most important emotion, tries to keep things positive, the emotions conflict on how best to navigate a new city, house and school. meet the little voices inside your head."
278927,94.199316,966550600,106.0,the jungle book,6.7,2892,"family adventure drama fantasy basedonnovel snake wolf elephant tiger feralchild panther remake bear jungle talkinganimal orphan animal talkingtoanimals after a threat from the tiger shere khan forces him to flee the jungle, a man-cub named mowgli embarks on a journey of self discovery with the help of panther, bagheera, and free spirited bear, baloo. "
10138,77.300194,623933331,124.0,iron man 2,6.6,6849,"adventure action sciencefiction malibu marvelcomic superhero basedoncomicbook revenge aftercreditsstinger marvelcinematicuniverse with the world now aware of his dual life as the armored superhero iron man, billionaire inventor tony stark faces pressure from the government, the press and the public to share his technology with the military. unwilling to let go of his invention, stark, with pepper potts and james 'rhodey' rhodes at his side, must forge new alliances – and confront powerful enemies. it's not the armor that makes the hero, but the man inside."
58595,77.178973,396600000,127.0,snow white and the huntsman,5.8,3118,"adventure fantasy drama queen magic fairytale immortality forest deception woman eternalyouth snowwhite evilqueen evilstepmother imprisoned sorceress after the evil queen marries the king, she performs a violent coup in which the king is murdered and his daughter, snow white, is taken captive. almost a decade later, a grown snow white is still in the clutches of the queen. in order to obtain immortality, the evil queen needs the heart of snow white. after snow escapes the castle, the queen sends the huntsman to find her in the dark forest. the fairytale is over"
102651,110.620647,758539785,97.0,maleficent,7.0,4496,"fantasy adventure action family romance fairytale villain sleepingbeauty darkfantasy basedonfairytale adaptation retelling literaryadaptation 3d the untold story of disney's most iconic villain from the 1959 classic 'sleeping beauty'. a beautiful, pure-hearted young woman, maleficent has an idyllic life growing up in a peaceable forest kingdom, until one day when an invading army threatens the harmony of the land.  maleficent rises to be the land's fiercest protector, but she ultimately suffers a ruthless betrayal – an act that begins to turn her heart into stone. bent on revenge, maleficent faces an epic battle with the invading king's successor and, as a result, places a curse upon his newborn infant aurora. as the child grows, maleficent realizes that aurora holds the key to peace in the kingdom - and to maleficent's true happiness as well. don't believe the fairy tale."
119450,243.791743,710644566,130.0,dawn of the planet of the apes,7.3,4410,"sciencefiction action drama thriller leader colony post-apocalyptic dystopia forest sequel woods ape scientist monkey medicalresearch animalattack plague 3d a group of scientists in san francisco struggle to stay alive in the aftermath of a plague that is wiping out humanity, while caesar tries to maintain dominance over his community of intelligent apes. one last chance for peace."
64686,41.796339,150962475,119.0,47 ronin,5.9,1326,"drama action adventure fantasy japan suicide samurai basedontruestory samuraisword ronin shogun halfbreed 3d based on the original 1941 movie from japan, and from ancient japan’s most enduring tale, the epic 3d fantasy-adventure 47 ronin is born.  keanu reeves leads the cast as kai, an outcast who joins oishi (hiroyuki sanada), the leader of the 47 outcast samurai.  together they seek vengeance upon the treacherous overlord who killed their master and banished their kind.  to restore honor to their homeland, the warriors embark upon a quest that challenges them with a series of trials that would destroy ordinary warriors. for courage. for loyalty. for honor."
100402,72.225265,714766572,136.0,captain america: the winter soldier,7.6,5764,"action adventure sciencefiction washingtond.c. future shield marvelcomic superhero basedoncomicbook captainamerica aftercreditsstinger duringcreditsstinger marvelcinematicuniverse 3d politicalthriller after the cataclysmic events in new york with the avengers, steve rogers, aka captain america is living quietly in washington, d.c. and trying to adjust to the modern world. but when a s.h.i.e.l.d. colleague comes under attack, steve becomes embroiled in a web of intrigue that threatens to put the world at risk. joining forces with the black widow, captain america struggles to expose the ever-widening conspiracy while fighting off professional assassins sent to silence him at every turn. when the full scope of the villainous plot is revealed, captain america and the black widow enlist the help of a new ally, the falcon. however, they soon find themselves up against an unexpected and formidable enemy—the winter soldier. in heroes we trust."
10192,44.041186,752600867,93.0,shrek forever after,6.0,1959,"comedy adventure fantasy animation family ogre 3d a bored and domesticated shrek pacts with deal-maker rumpelstiltskin to get back to feeling like a real ogre again, but when he's duped and sent to a twisted version of far far away—where rumpelstiltskin is king, ogres are hunted, and he and fiona have never met—he sets out to restore his world and reclaim his true love. it ain't ogre... til it's ogre"
158852,130.311355,209154322,130.0,tomorrowland,6.2,2846,"adventure family mystery sciencefiction inventor apocalypse destiny imax dreamer futuristiccar futuristiccity bound by a shared destiny, a bright, optimistic teen bursting with scientific curiosity and a former boy-genius inventor jaded by disillusionment embark on a danger-filled mission to unearth the secrets of an enigmatic place somewhere in time and space that exists in their collective memory as ""tomorrowland."" imagine a world where nothing is impossible."
177572,203.73459,652105443,102.0,big hero 6,7.8,6135,"adventure family animation action comedy brotherbrotherrelationship hero talent revenge bestfriend anotherdimension robot boygenius hate aftercreditsstinger moraldilemma 3d teensuperheroes deadbrother the special bond that develops between plus-sized inflatable robot baymax, and prodigy hiro hamada, who team up with a group of friends to form a band of high-tech heroes. from the creators of wreck-it ralph and frozen"
82690,62.341073,471222889,108.0,wreck-it ralph,7.1,4570,"family animation comedy adventure supportgroup productplacement bullying racing arcade medal selfesteem curiosity precociouschild aftercreditsstinger duringcreditsstinger firstpersonshooter glitch carefree videogamer q*bert interruptedwedding socialreject wreck-it ralph is the 9-foot-tall, 643-pound villain of an arcade video game named fix-it felix jr., in which the game's titular hero fixes buildings that ralph destroys. wanting to prove he can be a good guy and not just a villain, ralph escapes his game and lands in hero's duty, a first-person shooter where he helps the game's hero battle against alien invaders. he later enters sugar rush, a kart racing game set on tracks made of candies, cookies and other sweets. there, ralph meets vanellope von schweetz who has learned that her game is faced with a dire threat that could affect the entire arcade, and one that ralph may have inadvertently started. the story of a regular guy just looking for a little wreck-ognition."
5255,47.323228,305875730,100.0,the polar express,6.4,1474,"adventure animation family fantasy santaclaus nerd faith gift bell beard northpole chute trestle ticket christmas when a doubting young boy takes an extraordinary train ride to the north pole, he embarks on a journey of self-discovery that shows him that the wonder of life never fades for those who believe. this holiday season... believe."
47933,48.775723,389681935,120.0,independence day: resurgence,4.9,2491,"action adventure sciencefiction alternatehistory alieninvasion we always knew they were coming back. using recovered alien technology, the nations of earth have collaborated on an immense defense program to protect the planet. but nothing can prepare us for the aliens’ advanced and unprecedented force. only the ingenuity of a few brave men and women can bring our world back from the brink of extinction. we had twenty years to prepare. so did they."
10191,67.263269,494878759,98.0,how to train your dragon,7.5,4227,"fantasy adventure animation family flying blacksmith arena island night ship training village forest viking friendship ignorance flight nest dragon battle combat well warrior as the son of a viking leader on the cusp of manhood, shy hiccup horrendous haddock iii faces a rite of passage: he must kill a dragon to prove his warrior mettle. but after downing a feared dragon, he realizes that he no longer wants to destroy it, and instead befriends the beast – which he names toothless – much to the chagrin of his warrior father one adventure will change two worlds"
296,69.405188,435000000,109.0,terminator 3: rise of the machines,5.9,2143,"action thriller sciencefiction savingtheworld artificialintelligence manvsmachine cyborg killerrobot sunglasses leatherjacket nanotechnology rocketlauncher firemen veterinarian fireengine dystopia psychiatrist it's been 10 years since john connor saved earth from judgment day, and he's now living under the radar, steering clear of using anything skynet can trace. that is, until he encounters t-x, a robotic assassin ordered to finish what t-1000 started. good thing connor's former nemesis, the terminator, is back to aid the now-adult connor … just like he promised. the machines will rise."
118340,481.098624,773328629,121.0,guardians of the galaxy,7.9,9742,"action sciencefiction adventure marvelcomic spaceship space outerspace orphan adventurer aftercreditsstinger duringcreditsstinger marvelcinematicuniverse light years from earth, 26 years after being abducted, peter quill finds himself the prime target of a manhunt after discovering an orb wanted by ronan the accuser. all heroes start somewhere."
157336,724.247784,675120017,169.0,interstellar,8.1,10867,adventure drama sciencefiction savingtheworld artificialintelligence fathersonrelationship singleparent nasa expedition wormhole spacetravel famine blackhole dystopia raceagainsttime quantummechanics spaceship space rescue familyrelationships farmhouse robot astronaut scientist fatherdaughterrelationship singlefather farmer spacestation imax astrophysics zerogravity courage timeparadox relativity interstellar chronicles the adventures of a group of explorers who make use of a newly discovered wormhole to surpass the limitations on human space travel and conquer the vast distances involved in an interstellar voyage. mankind was born on earth. it was never meant to die here.
27205,167.58371,825532764,148.0,inception,8.1,13752,"action thriller sciencefiction mystery adventure lossoflover dream kidnapping sleep subconsciousness heist redemption femalehero cobb, a skilled thief who commits corporate espionage by infiltrating the subconscious of his targets is offered a chance to regain his old life as payment for a task considered to be impossible: ""inception"", the implantation of another person's idea into a target's subconscious. your mind is the scene of the crime."
49051,108.849621,1021103568,169.0,the hobbit: an unexpected journey,7.0,8297,"adventure fantasy action riddle elves dwarves orcs middle-earth(tolkien) hobbit mountains wizard journey ring goblin courage giant tunnel undergroundlake buriedtreasure climbingatree invisibility ancient gnomes bilbo baggins, a hobbit enjoying his quiet life, is swept into an epic quest by gandalf the grey and thirteen dwarves who seek to reclaim their mountain home from smaug, the dragon. from the smallest beginnings come the greatest legends."
9799,6.909942,207283925,106.0,the fast and the furious,6.6,3428,"action crime thriller streetgang carrace undercover auto-tuning losangeles car automobileracing aftercreditsstinger duringcreditsstinger domenic toretto is a los angeles street racer suspected of masterminding a series of big-rig hijackings. when undercover cop brian o'conner infiltrates toretto's iconoclastic crew, he falls for toretto's sister and must choose a side: the gang or the lapd. live life 1/4 mile at a time."
4922,60.269279,333932083,166.0,the curious case of benjamin button,7.3,3292,"fantasy drama thriller mystery romance diary navy funeral tea travel hospital tells the story of benjamin button, a man who starts aging backwards with bizarre consequences. life isn't measured in minutes, but in moments."
49538,3.195174,353624124,132.0,x-men: first class,7.1,5181,"action sciencefiction adventure cia mutant mine marvelcomic superhero basedoncomicbook superhuman historicalfiction nuclearwar cubanmissilecrisis worldwariii 1960s before charles xavier and erik lensherr took the names professor x and magneto, they were two young men discovering their powers for the first time. before they were arch-enemies, they were closest of friends, working together with other mutants (some familiar, some new), to stop the greatest threat the world has ever known. witness the moment that will change our world."
131634,127.284427,653428261,137.0,the hunger games: mockingjay - part 2,6.6,3984,"action adventure sciencefiction revolution strongwoman dystopia gameofdeath 3d basedonyoungadultnovel with the nation of panem in a full scale war, katniss confronts president snow in the final showdown. teamed with a group of her closest friends – including gale, finnick, and peeta – katniss goes off on a mission with the unit from district 13 as they risk their lives to stage an assassination attempt on president snow who has become increasingly obsessed with destroying her. the mortal traps, enemies, and moral choices that await katniss will challenge her more than any arena she faced in the hunger games. the fire will burn forever."
27022,35.580815,215283742,109.0,the sorcerer's apprentice,5.8,1470,"fantasy adventure action comedy drama witch fire wolf fountain magic book castle water apprentice training merlin love mission sorcerer dragon aftercreditsstinger apprendista morgana balthazar blake is a master sorcerer in modern-day manhattan trying to defend the city from his arch-nemesis, maxim horvath. balthazar can't do it alone, so he recruits dave stutler, a seemingly average guy who demonstrates hidden potential, as his reluctant protégé. the sorcerer gives his unwilling accomplice a crash course in the art and science of magic, and together, these unlikely partners work to stop the forces of darkness. it's the coolest job ever."
503,21.133748,181674817,99.0,poseidon,5.5,583,"adventure action drama thriller newyear'seve fire drowning cataclysm lossoffather atlanticocean ball self-abandonment shipwreck giantwave blackout ship daughter single escape capsizedship a packed cruise ship traveling the atlantic is hit and overturned by a massive wave, compelling the passengers to begin a dramatic fight for their lives. mayday"
241259,56.268916,299370084,113.0,alice through the looking glass,6.5,1725,"fantasy basedonnovel clock queen sequel aliceinwonderland darkfantasy madhatter 3d in the sequel to tim burton's ""alice in wonderland"", alice kingsleigh returns to underland and faces a new adventure in saving the mad hatter. it's time for a little madness."
810,42.986467,798958165,93.0,shrek the third,6.0,2278,"fantasy adventure animation comedy family ambush sadness stage liberationofprisoners island traitor shipwreck prince ship donkey kingdom theatreplay transformation conciliation tricks heirtothethrone assault boardingschool coupd'etat teacher bestfriend dragon cowardliness pregnancy capture duringcreditsstinger the king of far far away has died and shrek and fiona are to become king &amp; queen. however, shrek wants to return to his cozy swamp and live in peace and quiet, so when he finds out there is another heir to the throne, they set off to bring him back to rule the kingdom. who's ready for thirds?"
68735,63.148529,433677183,123.0,warcraft,6.3,2268,"action adventure fantasy videogame elves orcs magic chase basedoncomicbook sorcerer fictionalwar basedonvideogame wizard fictionallanguage muscles orc swordandsorcery the peaceful realm of azeroth stands on the brink of war as its civilization faces a fearsome race of invaders: orc warriors fleeing their dying home to colonize another. as a portal opens to connect the two worlds, one army faces destruction and the other faces extinction. from opposing sides, two heroes are set on a collision course that will decide the fate of their family, their people, and their home. two worlds. one home."
87101,202.042635,440603537,126.0,terminator genisys,5.8,3631,"sciencefiction action thriller adventure savingtheworld artificialintelligence cyborg killerrobot future timetravel dystopia sequel fiction duringcreditsstinger 3d the year is 2029. john connor, leader of the resistance continues the war against the machines. at the los angeles offensive, john's fears of the unknown future begin to emerge when tecom spies reveal a new plot by skynet that will attack him from both fronts; past and future, and will ultimately change warfare forever. reset the future"
10140,49.661984,415686217,113.0,the chronicles of narnia: the voyage of the dawn treader,6.2,1514,"adventure family fantasy basedonnovel magic goodvsevil king narnia fantasyworld knifeheldtothroat snowing quest this time around edmund and lucy pevensie, along with their pesky cousin eustace scrubb find themselves swallowed into a painting and on to a fantastic narnian ship headed for the very edges of the world. return to magic. return to hope. return to narnia."
676,34.20669,449220945,183.0,pearl harbor,6.6,1791,"history romance war nurse patriotism hawaii worldwarii pilot pearlharbor u.s.airforce airplane war army love pin-up the lifelong friendship between rafe mccawley and danny walker is put to the ultimate test when the two ace fighter pilots become entangled in a love triangle with beautiful naval nurse evelyn johnson. but the rivalry between the friends-turned-foes is immediately put on hold when they find themselves at the center of japan's devastating attack on pearl harbor on dec. 7, 1941. it takes a moment to change history. it takes love to change lives."
1858,25.468493,709709780,144.0,transformers,6.6,4040,"adventure sciencefiction action destroy transformation alien basedontoy transformers robot duringcreditsstinger teenagehero young teenager, sam witwicky becomes involved in the ancient struggle between two extraterrestrial factions of transforming robots – the heroic autobots and the evil decepticons. sam holds the clue to unimaginable power and the decepticons will stop at nothing to retrieve it. their war. our world."
1966,39.019229,167298192,175.0,alexander,5.6,927,"war history action adventure drama romance aristotle egypt greece persia elephant campaign alexanderthegreat homosexuality gayrelationship ancientworld alexander, the king of macedonia, leads his legions against the giant persian empire. after defeating the persians, he leads his army across the then known world, venturing farther than any westerner had ever gone, all the way to india. the greatest legend of all was real."
675,78.144395,938212738,138.0,harry potter and the order of the phoenix,7.4,5494,"adventure fantasy family mystery prophecy witch lossoflover magic cuttingthecord childhero dyinganddeath broom sorcerer'sapprentice schoolofwitchcraft blackmagic deathofafriend sorcery occultism returning for his fifth year of study at hogwarts, harry is stunned to find that his warnings about the return of lord voldemort have been ignored. left with no choice, harry takes matters into his own hands, training a small group of students – dubbed 'dumbledore's army' – to defend themselves against the dark arts. evil must be confronted."
674,101.250416,895921036,157.0,harry potter and the goblet of fire,7.5,5608,"adventure fantasy family magic dyinganddeath broom sorcerer'sapprentice schoolofwitchcraft chosenone blackmagic boardingschool vision tournament teenager wizard teenagehero basedonyoungadultnovel harry starts his fourth year at hogwarts, competes in the treacherous triwizard tournament and faces the evil lord voldemort. ron and hermione help harry manage the pressure – but voldemort lurks, awaiting his chance to destroy harry and all that he stands for. dark and difficult times lie ahead."
8960,56.758411,624029371,92.0,hancock,6.2,2961,"fantasy action flying alcohol loveofone'slife forbiddenlove lovers affection advertisingexpert alcoholism invulnerability superhero pokies duringcreditsstinger hancock is a down-and-out superhero who's forced to employ a pr expert to help repair his image when the public grows weary of all the damage he's inflicted during his lifesaving heroics. the agent's idea of imprisoning the antihero to make the world miss him proves successful, but will hancock stick to his new sense of purpose or slip back into old habits? bad behavior. bad attitude. real hero."
6479,70.867401,585349010,101.0,i am legend,6.9,4853,"drama horror action thriller sciencefiction savingtheworld lostcivilisation post-apocalyptic dystopia matteroflifeanddeath alone helplessness virus pandemic robert neville is a scientist who was unable to stop the spread of the terrible virus that was incurable and man-made. immune, neville is now the last human survivor in what is left of new york city and perhaps the world. for three years, neville has faithfully sent out daily radio messages, desperate to find any other survivors who might be out there. but he is not alone. the last man on earth is not alone"
118,53.905592,474968763,115.0,charlie and the chocolate factory,6.7,3624,"adventure comedy family fantasy londonengland fathersonrelationship chocolate factoryworker basedonnovel parentskidsrelationship candy overweightchild grandfathergrandsonrelationship teacher a young boy wins a tour through the most magnificent chocolate factory in the world, led by the world's most unusual candy maker. willy wonka is semi-sweet and nuts."
2062,65.677399,623722818,111.0,ratatouille,7.5,4369,"animation comedy family fantasy paris brotherbrotherrelationship expensiverestaurant river cook mouse confidence roof window leavingone'sfamily work restaurantcritic kitchen spice court cookbook family chef rat a rat named remy dreams of becoming a great french chef despite his family's wishes and the obvious problem of being a rat in a decidedly rodent-phobic profession. when fate places remy in the sewers of paris, he finds himself ideally situated beneath a restaurant made famous by his culinary hero, auguste gusteau. despite the apparent dangers of being an unlikely - and certainly unwanted - visitor in the kitchen of a fine french restaurant, remy's passion for cooking soon sets into motion a hilarious and exciting rat race that turns the culinary world of paris upside down. he's dying to become a chef."
272,115.040024,374218673,140.0,batman begins,7.5,7359,"action crime drama himalaya martialarts dccomics crimefighter secretidentity undercover hero lossoffather society gothamcity vigilante superhero basedoncomicbook rivalry tragichero ninja goodvsevil crime superpowers hauntedbythepast evildoctor escapade mastervillain fightingcrime unfulfillment loveandromance unfulfilledlove driven by tragedy, billionaire bruce wayne dedicates his life to uncovering and defeating the corruption that plagues his home, gotham city.  unable to work within the system, he instead creates a new identity, a symbol of fear for the criminal underworld - the batman. evil fears the knight."
10527,44.141021,603900354,89.0,madagascar: escape 2 africa,6.2,1810,"family animation africa jealousy dance hunger lion zoo hippopotamus chimp penguin volcano madagascar airplane zebra sequel shark imax duringcreditsstinger alex, marty, melman, gloria, king julien, maurice, the penguins and the chimps are back and still marooned on madagascar. in the face of this obstacle, the new yorkers have hatched a plan so crazy it just might work. with military precision, the penguins have repaired an old crashed plane... sort of. still together. still lost!"
18360,81.781591,413106170,105.0,night at the museum: battle of the smithsonian,5.9,1971,"adventure fantasy action comedy family museum theodoreroosevelt duringcreditsstinger ameliaearhart smithsonian hapless museum night watchman larry daley must help his living, breathing exhibit friends out of a pickle now that they've been transferred to the archives at the smithsonian institution. larry's (mis)adventures this time include close encounters with amelia earhart, abe lincoln and ivan the terrible. when the lights go off the battle is on."
2080,5.954334,373062864,107.0,x-men origins: wolverine,6.2,4021,"adventure action thriller sciencefiction corruption mutant boxer army marvelcomic superhero aftercreditsstinger duringcreditsstinger after seeking to live a normal life, logan sets out to avenge the death of his girlfriend by undergoing the mutant weapon x program and becoming wolverine. witness the origin."
605,73.313918,424988211,129.0,the matrix revolutions,6.4,3096,adventure action thriller sciencefiction savingtheworld artificialintelligence manvsmachine flying philosophy fortuneteller kungfu undergroundworld killerrobot temple subway dream sun hero fight sunlight computervirus key future precognition supercomputer machinetown yingyang dyinganddeath virtualreality dystopia computer faith worldreligion truth rescue mission cyberpunk womandirector yinyang gnosticism the human city of zion defends itself against the massive invasion of the machines as neo fights to end the war at another front while also opposing the rogue agent smith. everything that has a beginning has an end.
109445,165.125366,1274219009,102.0,frozen,7.3,5295,"animation adventure family queen musical princess betrayal snowman animation reindeer curse snow troll mountainclimber aftercreditsstinger womandirector 3d young princess anna of arendelle dreams about finding true love at her sister elsa’s coronation. fate takes her on a dangerous journey in an attempt to end the eternal winter that has fallen over the kingdom. she's accompanied by ice delivery man kristoff, his reindeer sven, and snowman olaf. on an adventure where she will find out what friendship, courage, family, and true love really means. only the act of true love will thaw a frozen heart."
604,70.78591,738599701,138.0,the matrix reloaded,6.7,3443,"adventure action thriller sciencefiction savingtheworld artificialintelligence manvsmachine martialarts kungfu undergroundworld dream hero fight computervirus key future plato precognition rave dyinganddeath virtualreality dystopia computer faith worldreligion truth mission cyberpunk womandirector gnosticism six months after the events depicted in the matrix, neo has proved to be a good omen for the free humans, as more and more humans are being freed from the matrix and brought to zion, the one and only stronghold of the resistance.  neo himself has discovered his superpowers including super speed, ability to see the codes of the things inside the matrix and a certain degree of pre-cognition. but a nasty piece of news hits the human resistance: 250,000 machine sentinels are digging to zion and would reach them in 72 hours. as zion prepares for the ultimate war, neo, morpheus and trinity are advised by the oracle to find the keymaker who would help them reach the source.  meanwhile neo's recurrent dreams depicting trinity's death have got him worried and as if it was not enough, agent smith has somehow escaped deletion, has become more powerful than before and has fixed neo as his next target. free your mind."
76338,99.499595,644571402,112.0,thor: the dark world,6.8,4755,"action adventure fantasy marvelcomic superhero basedoncomicbook hostiletakeover norsemythology aftercreditsstinger duringcreditsstinger marvelcinematicuniverse 3d asgard thor fights to restore order across the cosmos… but an ancient race led by the vengeful malekith returns to plunge the universe back into darkness. faced with an enemy that even odin and asgard cannot withstand, thor must embark on his most perilous and personal journey yet, one that will reunite him with jane foster and force him to sacrifice everything to save us all. delve into the darkness"
76341,434.278564,378858340,120.0,mad max: fury road,7.2,9427,"action adventure sciencefiction thriller future chase post-apocalyptic dystopia australia rescue survival ontherun convoy peakoil darkfuture an apocalyptic story set in the furthest reaches of our planet, in a stark desert landscape where humanity is broken, and most everyone is crazed fighting for the necessities of life. within this world exist two rebels on the run who just might be able to restore order. there's max, a man of action and a man of few words, who seeks peace of mind following the loss of his wife and child in the aftermath of the chaos. and furiosa, a woman of action and a woman who believes her path to survival may be achieved if she can make it across the desert back to her childhood homeland. what a lovely day."
13448,67.447636,356613439,138.0,angels & demons,6.5,2129,"thriller mystery rome vatican basedonnovel symbolism christian illuminati quantummechanics prequel antimatter conspiracy investigator catholicism cern harvard symbologist robert langdon investigates a mysterious symbol seared into the chest of a murdered physicist. he discovers evidence of the unimaginable, the rebirth of an ancient secret brotherhood known as the illuminati, the most powerful underground organization ever to walk the earth. "
10195,86.493424,449326618,115.0,thor,6.6,6525,"adventure fantasy action newmexico banishment shield marvelcomic hammer superhero basedoncomicbook redemption norsemythology aftercreditsstinger marvelcinematicuniverse 3d asgard odin heimdall against his father odin's will, the mighty thor - a powerful but arrogant warrior god - recklessly reignites an ancient war. thor is cast down to earth and forced to live among humans as punishment. once here, thor learns what it takes to be a true hero when the most dangerous villain of his world sends the darkest forces of asgard to invade earth. two worlds. one hero."
13053,41.845878,309979994,98.0,bolt,6.3,1750,"animation family adventure comedy hamster kidsandfamily animal catvsdog duringcreditsstinger dogcatfriendship animallead girldogrelationship bolt is the star of the biggest show in hollywood. the only problem is, he thinks it's real. after he's accidentally shipped to new york city and separated from penny, his beloved co-star and owner, bolt must harness all his ""super powers"" to find a way home. fully awesome. ridonculous. let it begin."
19585,26.710398,292817841,88.0,g-force,5.1,510,"fantasy action adventure family comedy dyr duringcreditsstinger a team of trained secret agent animals, guinea pigs darwin, juarez, blaster, mole speckles, and fly mooch takes on a mission for the us government to stop evil leonard saber, who plans to destroy the world with household appliances. but the government shuts them down and they are sentenced to a pet shop. can they escape to defeat the villain and save the world? the world needs bigger heroes"
57165,44.927635,301000000,99.0,wrath of the titans,5.5,1431,"adventure underworld hades mythology greekmythology zeus perseus gods ancientgreece basedongreekmyth ares 3d a decade after his heroic defeat of the monstrous kraken, perseus-the demigod son of zeus-is attempting to live a quieter life as a village fisherman and the sole parent to his 10-year old son, helius. meanwhile, a struggle for supremacy rages between the gods and the titans. dangerously weakened by humanity's lack of devotion, the gods are losing control of the imprisoned titans and their ferocious leader, kronos, father of the long-ruling brothers zeus, hades and poseidon. feel the wrath"
62213,50.306728,245527149,113.0,dark shadows,5.7,2320,comedy fantasy witch imprisonment vampire curse fishoutofwater chains gothic madness oldhouse lostlove angrymob 18thcentury ghost hiddenroom oldmansion vampire barnabas collins is inadvertently freed from his tomb and emerges into the very changed world of 1972. he returns to collinwood manor to find that his once-grand estate and family have fallen into ruin. every family has its demons
177677,114.522237,682330139,131.0,mission: impossible - rogue nation,7.1,3224,"action adventure thriller londonengland spy austria villain sequel mission conspiracy viennaopera vienna ethan and team take on their most impossible mission yet, eradicating the syndicate - an international rogue organization as highly skilled as they are, committed to destroying the imf. desperate times. desperate measures."
7978,21.214571,0,102.0,the wolfman,5.5,549,"drama horror thriller fathersonrelationship victorianengland remake ruralsetting werewolf lawrence talbot, an american man on a visit to victorian london to make amends with his estranged father, gets bitten by a werewolf and, after a moonlight transformation, leaves him with a savage hunger for flesh. when the moon is full the legend comes to life"
5559,29.332905,287594577,91.0,bee movie,5.7,1171,"family animation adventure comedy factoryworker tennis flower florist flowershop pilot college airplane beehive court aftercreditsstinger barry b. benson, a bee who has just graduated from college, is disillusioned at his lone career choice: making honey. on a special trip outside the hive, barry's life is saved by vanessa, a florist in new york city. as their relationship blossoms, he discovers humans actually eat honey, and subsequently decides to sue us. born to bee wild."
49444,51.247321,665692281,91.0,kung fu panda 2,6.7,1880,"animation family martialarts hope fleet panda mission womandirector po is now living his dream as the dragon warrior, protecting the valley of peace alongside his friends and fellow kung fu masters, the furious five - tigress, crane, mantis, viper and monkey. but po’s new life of awesomeness is threatened by the emergence of a formidable villain, who plans to use a secret, unstoppable weapon to conquer china and destroy kung fu. it is up to po and the furious five to journey across china to face this threat and vanquish it. but how can po stop a weapon that can stop kung fu? he must look to his past and uncover the secrets of his mysterious origins; only then will he be able to unlock the strength he needs to succeed. prepare for the year of awesomeness!"
10196,33.769336,318502923,103.0,the last airbender,4.7,1151,"action adventure family fantasy fire ice warship prince kingdom water village arrest remake attack avatar air spirit world domination cheering the story follows the adventures of aang, a young successor to a long line of avatars, who must put his childhood ways aside and stop the fire nation from enslaving the water, earth and air nations. four nations, one destiny"
956,63.079003,397850012,126.0,mission: impossible iii,6.5,2028,"adventure action thriller berlin cia vatican whitehouse secretidentity secret explosive mobilephone map traitor mask honeymoon shanghai pretendedmurder secretmission letter funeral coveredinvestigation toshootdead secretagent video stamp harddrive e-mail decipherment suitcase computer revenge murder mission hospital duel disguise celebration goodandbad researchlaboratory blast retired from active duty to train new imf agents, ethan hunt is called back into action to confront sadistic arms dealer, owen davian. hunt must try to protect his girlfriend while working with his new team to complete the mission. the mission begins 05:05:06."
117251,39.004588,205366737,131.0,white house down,6.4,1891,"action drama thriller usapresident conspiracy secretservice thewhitehouse capitol policeman john cale has just been denied his dream job with the secret service of protecting president james sawyer. not wanting to let down his little girl with the news, he takes her on a tour of the white house, when the complex is overtaken by a heavily armed paramilitary group. now, with the nation's government falling into chaos and time running out, it's up to cale to save the president, his daughter, and the country. it will start like any other day."
11619,22.550135,64459316,85.0,flushed away,6.0,874,"adventure animation comedy family londonengland underworld return ship frog girlfriend rubin london high-society mouse, roddy is flushed down the toilet by sid, a common sewer rat. hang on for a madcap adventure deep in the sewer bowels of ratropolis, where roddy meets the resourceful rita, the rodent-hating toad and his faithful thugs, spike and whitey. someone's going down"
266647,48.03528,128388320,111.0,pan,5.9,954,"adventure family fantasy flying magic fairytale peterpan mermaid pirate fantasyworld living a bleak existence at a london orphanage, 12-year-old peter finds himself whisked away to the fantastical world of neverland. adventure awaits as he meets new friend james hook and the warrior tiger lily. they must band together to save neverland from the ruthless pirate blackbeard. along the way, the rebellious and mischievous boy discovers his true destiny, becoming the hero forever known as peter pan. every legend has a beginning."
82703,38.73494,272912430,92.0,mr. peabody & sherman,6.7,843,"animation adventure family fathersonrelationship egypt intelligence adoption timetravel boy childprodigy friendship growingup children talkinganimal talkingdog dog firstlove ancientegypt timetraveler duringcreditsstinger newschool georgewashington gags trouble timeparadox prodigy a young boy and his dog, who happens to have a genius-level iq, spring into action when their time-travel machine is stolen and moments in history begin to be changed. he's leaving his mark on history"
652,66.803149,497409852,163.0,troy,6.9,2759,"adventure drama war brotherbrotherrelationship adultery mythology beauty trojanwar bravery wall fraud hostility epic swordfight battlefield ancientworld pyre ancientgreece trojanhorse trojan bronzeage spartagreece helenoftroy homer'siliad in year 1250 b.c. during the late bronze age, two emerging nations begin to clash. paris, the trojan prince, convinces helen, queen of sparta, to leave her husband menelaus, and sail with him back to troy. after menelaus finds out that his wife was taken by the trojans, he asks his brother agamemnom to help him get her back. agamemnon sees this as an opportunity for power. so they set off with 1,000 ships holding 50,000 greeks to troy. with the help of achilles, the greeks are able to fight the never before defeated trojans. for passion. for honor. for destiny. for victory. for love."
80321,44.989192,746921274,93.0,madagascar 3: europe's most wanted,6.4,1808,"animation family madagascar 3d alex, marty, gloria and melman are still trying to get back to the big apple and their beloved central park zoo, but first they need to find the penguins. when they travel to monte carlo, they attract the attention of animal control after gate crashing a party and are joined by the penguins, king julian and co., and the monkeys. how do a lion, zebra, hippo, giraffe, four penguins, two monkeys, three lemurs travel through europe without attracting attention and get back to new york? they join a traveling circus. their attempts to get back to new york are consistently hampered by the captain of animal control who wants to make alex part of her collection. once they make it back to new york marty, alex, gloria and melman realize that they want to be part of the traveling circus. six years ago, they disappeared without a trace. next summer, they finally resurface."
36669,54.159392,431971116,133.0,die another day,5.8,1092,"adventure action thriller laser britishsecretservice secretserviceagent spacebasedweapon bond takes on a north korean leader who undergoes dna replacement procedures that allow him to assume different identities. american agent, jinx johnson assists bond in his attempt to thwart the villain's plans to exploit a satellite that is powered by solar energy. he’s never been cooler."
43074,66.21806,229147509,116.0,ghostbusters,5.3,2142,"action fantasy comedy femalefriendship ghosthunting reboot ghost following a ghost invasion of manhattan, paranormal enthusiasts erin gilbert and abby yates, nuclear engineer jillian holtzmann, and subway worker patty tolan band together to stop the otherworldly threat. who you gonna call?"
95,58.485967,553799566,151.0,armageddon,6.4,2482,"action thriller sciencefiction adventure savingtheworld paris moon cataclysm asteroid selfsacrifice nasa spacemarine lossoffather daughter space wedding astronaut eiffeltowerparis duringcreditsstinger disastermovie spacecentre when an asteroid threatens to collide with earth, nasa honcho dan truman determines the only way to stop it is to drill into its surface and detonate a nuclear bomb. this leads him to renowned driller harry stamper, who agrees to helm the dangerous space mission provided he can bring along his own hotshot crew. among them is the cocksure a.j. who harry thinks isn't good enough for his daughter, until the mission proves otherwise. the earth's darkest day will be man's finest hour"
608,91.332849,441818803,88.0,men in black ii,6.0,3114,"action adventure comedy sciencefiction savingtheworld secretidentity sunglasses undercover spacemarine illegalimmigration deportation newidentity flyingsaucer light firearm alien fictionalgovernmentagency kay and jay reunite to provide our best, last and only line of defense against a sinister seductress who levels the toughest challenge yet to the mib's untarnished mission statement – protecting earth from the scum of the universe. it's been four years since the alien-seeking agents averted an intergalactic disaster of epic proportions. now it's a race against the clock as jay must convince kay – who not only has absolutely no memory of his time spent with the mib, but is also the only living person left with the expertise to save the galaxy – to reunite with the mib before the earth submits to ultimate destruction. same planet. new scum."
2310,35.601665,195735876,115.0,beowulf,5.5,841,"adventure action animation denmark nordicmythology lie prideandvanity folkhero humanweakness viking alienation festivalhall sin royalty curse battle ancientworld adultanimation motioncapture 6th-century scandinavian warrior, beowulf embarks on a mission to slay the manlike ogre grendel, a descendant of cain. evil breeds pain."
140300,56.747978,521170825,95.0,kung fu panda 3,6.7,1603,"action adventure animation comedy family china martialarts kungfu village panda sequel talkinganimal anthropomorphism dragon ancientchina wuxia womandirector continuing his ""legendary adventures of awesomeness"", po must face two hugely epic, but different threats: one supernatural and the other a little closer to his home. grab destiny by the rice dumplings."
56292,77.77477,694713380,133.0,mission: impossible - ghost protocol,6.8,3972,"action thriller adventure fight sequel mission explosion brokenarm imax nuclearthreat in the 4th installment of the mission impossible series, ethan hunt (cruise) and his team are racing against time to track down a dangerous terrorist named hendricks (nyqvist), who has gained access to russian nuclear launch codes and is planning a strike on the united states. an attempt to stop him ends in an explosion causing severe destruction to the kremlin and the imf to be implicated in the bombing, forcing the president to disavow them. no longer being aided by the government, ethan and his team chase hendricks around the globe, although they might still be too late to stop a disaster. no plan. no backup. no choice."
81188,61.788035,306941670,97.0,rise of the guardians,7.1,1922,"fantasy animation family dream santaclaus nightmare easterbunny toothfairy jackfrost sandman duringcreditsstinger when an evil spirit known as pitch lays down the gauntlet to take over the world, the immortal guardians must join forces for the first time to protect the hopes, beliefs and imagination of children all over the world. you better believe."
7552,25.159168,202026112,90.0,fun with dick and jane,5.9,627,"comedy basedonnovel desperation robber hold-uprobbery remake suburbia lossofjob humiliation unemployment bankruptcy travelagent richestorags bearerbonds comeuppance after dick harper loses his job at globodyne in an enron-esque collapse, he and his wife, jane, turn to crime in order to handle the massive debt they now face. two intelligent people, dick and jane actually get pretty good at robbing people and even enjoy it -- but they have second thoughts when they're reminded that crime can hurt innocent people. when the couple hears that globodyne boss jack mccallister actually swindled the company, they plot revenge. giving big businesses a run for their money!"
616,52.341226,456758981,154.0,the last samurai,7.3,1895,"drama action war history japan warcrimes senseofguilt swordplay general samurai warveteran katana sword armsdeal homeland emperor languagebarrier self-discovery mountainvillage foreignlegion mercenary campaign commercialagreement insurgence leader warstrategy gettysburg lossofhusband slaughter soldier alcoholic u.s.soldier japanesearmy 19thcentury wartrauma nathan algren is an american hired to instruct the japanese army in the ways of modern warfare, which finds him learning to respect the samurai and the honorable principles that rule them. pressed to destroy the samurai's way of life in the name of modernization and open trade, algren decides to become an ultimate warrior himself and to fight for their right to exist. in the face of an enemy, in the heart of one man, lies the soul of a warrior."
147441,101.599427,268031828,150.0,exodus: gods and kings,5.6,1921,"adventure drama action moses bible ancientegypt 3d ramses the defiant leader moses rises up against the egyptian pharaoh ramses, setting 400,000 slaves on a monumental journey of escape from egypt and its terrifying cycle of deadly plagues. once brothers, now enemies."
13475,73.616808,385680446,127.0,star trek,7.4,4518,"sciencefiction action adventure spacecraft teleportation spacemission parachute timetravel blackhole supernova prequel warpspeed futuristic warpengine romulans outerspace vulcan alternatereality spaceopera reboot the fate of the galaxy rests in the hands of bitter rivals. one, james kirk, is a delinquent, thrill-seeking iowa farm boy. the other, spock, a vulcan, was raised in a logic-based society that rejects all emotion. as fiery instinct clashes with calm reason, their unlikely but powerful partnership is the only thing capable of leading their crew through unimaginable danger, boldly going where no one has gone before. the human adventure has begun again. the future begins."
557,82.502566,821708551,121.0,spider-man,6.8,5265,"fantasy action lossoflover spider thanksgiving badboss hostility marvelcomic superhero pokies evil referencetosuperman goblin after being bitten by a genetically altered spider, nerdy high school student peter parker is endowed with amazing powers. with great power comes great responsibility."
82702,100.21391,609123048,102.0,how to train your dragon 2,7.6,3106,"fantasy action adventure animation comedy family fathersonrelationship wifehusbandrelationship sacrifice viking sequel rescue dragon mothersonrelationship deathofhusband warrior 3d the thrilling second chapter of the epic how to train your dragon trilogy brings back the fantastical world of hiccup and toothless five years later. while astrid, snotlout and the rest of the gang are challenging each other to dragon races (the island's new favorite contact sport), the now inseparable pair journey through the skies, charting unmapped territories and exploring new worlds. when one of their adventures leads to the discovery of a secret ice cave that is home to hundreds of new wild dragons and the mysterious dragon rider, the two friends find themselves at the center of a battle to protect the peace. the training is over."
205584,56.257249,150680864,127.0,gods of egypt,5.3,1277,fantasy egypt underworld fight mythology nile war thief rescue desert gods egyptianmythology egyptian myth a common thief joins a mythical god on a quest through egypt. the battle for eternity begins
13183,64.798873,185258983,163.0,watchmen,7.0,2811,"action mystery sciencefiction dccomics secretidentity massmurder retirement basedoncomicbook conspiracy nuclearwar doomsday soviet maskedvigilante doomsdayclock redsquare deathofsuperhero americanpresident 1980s in a gritty and alternate 1985 the glory days of costumed vigilantes have been brought to a close by a government crackdown, but after one of the masked veterans is brutally murdered an investigation into the killer is initiated. the reunited heroes set out to prevent their own destruction, but in doing so uncover a sinister plot that puts all of humanity in grave danger. justice is coming to all of us.  no matter what we do."
944,24.855701,285444603,127.0,lethal weapon 4,6.3,767,"action adventure comedy crime thriller lapd houseonfire revolver in the combustible action franchise's final installment, maverick detectives martin riggs and roger murtaugh square off against asian mobster wah sing ku, who's up to his neck in slave trading and counterfeit currency. with help from gumshoe leo getz and smart-aleck rookie cop lee butters, riggs and murtaugh aim to take down ku and his gang. the faces you love. the action you expect."
1927,34.981698,245360480,138.0,hulk,5.3,1533,"drama action sciencefiction california sanfrancisco monster general gun dna mutation psychology berkeley transformation frog president marvelcomic superhero goldengatebridge doctor fear scientist dog desert anger mirror phone military cell hulk superhumanstrength repressedmemory repression bruce banner, a genetics researcher with a tragic past, suffers massive radiation exposure in his laboratory that causes him to transform into a raging green monster when he gets angry. unleash the hero within"
72559,59.325589,371876278,110.0,g.i. joe: retaliation,5.4,3025,"adventure action sciencefiction thriller terror assassin secret technology missile warhead president rescue conspiracy explosion battle surveillance cobra framed for crimes against the country, the g.i. joe team is terminated by presidential order. this forces the g.i. joes into not only fighting their mortal enemy cobra; they are forced to contend with threats from within the government that jeopardize their very existence. "
1771,74.506246,370569774,124.0,captain america: the first avenger,6.6,7047,"action adventure sciencefiction newyork usa worldwarii nazis marvelcomic superhero basedoncomicbook nazigermany perioddrama brooklynnewyorkcity captainamerica aftercreditsstinger marvelcinematicuniverse 3d predominantly set during world war ii, steve rogers is a sickly man from brooklyn who's transformed into super-soldier captain america to aid in the war effort. rogers must stop the red skull – adolf hitler's ruthless head of weaponry, and the leader of an organization that intends to use a mysterious device of untold powers for world domination. when patriots become heroes"
36643,39.604363,361832400,128.0,the world is not enough,6.0,862,"adventure action thriller british mission oil heiress bilbaospain britishsecretservice greed, revenge, world dominance and high-tech terrorism – it's all in a day's work for bond, who's on a mission to a protect beautiful oil heiress from a notorious terrorist. in a race against time that culminates in a dramatic submarine showdown, bond works to defuse the international power struggle that has the world's oil supply hanging in the balance. as the countdown begins for the new millennium there is still one number you can always count on."
8619,36.973031,212011111,138.0,master and commander: the far side of the world,6.9,790,"adventure naturalist frigate selfsurgery seabattle weevil after an abrupt and violent encounter with a french warship inflicts severe damage upon his ship, a captain of the british royal navy begins a chase over two oceans to capture or destroy the enemy, though he must weigh his commitment to duty and ferocious pursuit of glory against the safety of his devoted crew, including the ship's thoughtful surgeon, his best friend. the courage to do the impossible lies in the hearts of men."
50620,99.687084,829000000,115.0,the twilight saga: breaking dawn - part 2,6.1,2553,"adventure fantasy drama romance vampire romance villainess superstrength imprinting crossbreed bloodsucker grudge vampirevsvampire chiefofpolice dhampir forkswashington wolfpack misinformation seeingthefuture fangvamp after the birth of renesmee, the cullens gather other vampire clans in order to protect the child from a false allegation that puts the family in front of the volturi. the epic finale that will live forever"
1724,62.898336,163712074,114.0,the incredible hulk,6.1,3021,"sciencefiction action adventure newyork riodejaneiro marvelcomic superhero basedoncomicbook ontherun fugitive supersoldier tonystark virginia military hulk marvelcinematicuniverse angry brucebanner scientist bruce banner scours the planet for an antidote to the unbridled force of rage within him: the hulk. but when the military masterminds who dream of exploiting his powers force him back to civilization, he finds himself coming face to face with a new, deadly foe. you'll like him when he's angry."
267935,44.19092,183345589,120.0,the bfg,6.0,1000,"adventure family fantasy londonengland england basedonnovel queen littlegirl orphan cannibal giant evilbrother the bfg is no ordinary bone-crunching giant. he is far too nice and jumbly. it's lucky for sophie that he is. had she been carried off in the middle of the night by the bloodbottler, or any of the other giants—rather than the bfg—she would have soon become breakfast. when sophie hears that the giants are flush-bunking off to england to swollomp a few nice little chiddlers, she decides she must stop them once and for all. and the bfg is going to help her! the world is more giant than you can imagine."
281957,100.635882,532950503,156.0,the revenant,7.3,6396,"western drama adventure thriller fathersonrelationship rape basedonnovel mountains winter grizzlybear wilderness frontier revenge murder nativeamerican survival bear snow violence animaldeath bearattack deathofson basedontrueevents furtrapper in the 1820s, a frontiersman, hugh glass, sets out on a path of vengeance against those who left him for dead after a bear mauling. (n. one who has returned, as if from the dead.)"
77950,44.765377,282570682,96.0,turbo,6.1,1074,animation family underdog carrace dream speed power snail fast friends superpower racer the tale of an ordinary garden snail who dreams of winning the indy 500. slo no mo
44896,29.91353,245724603,107.0,rango,6.6,2051,"animation comedy family western adventure sheriff nevada pet rango chameleon lasvegas cactus terrarium constructionsite armadillo disillusionment when rango, a lost family pet, accidentally winds up in the gritty, gun-slinging town of dirt, the less-than-courageous lizard suddenly finds he stands out. welcomed as the last hope the town has been waiting for, new sheriff rango is forced to play his new role to the hilt. heroes come in all different colors."
270946,84.366984,373552094,92.0,penguins of madagascar,6.5,1346,"family animation adventure comedy penguin madagascar 3d skipper, kowalski, rico and private join forces with undercover organization the north wind to stop the villainous dr. octavius brine from destroying the world as we know it. the movie event that will blow their cover"
2503,45.381501,442824138,115.0,the bourne ultimatum,7.3,2888,"action drama mystery thriller paris corruption madrid assassin basedonnovel europe prosecution dangerous falseidentity revelation government weapon interpol sequel conspiracy shootout espionage motorcycle violence footchase moskow darkpast langleyvirginia flashback chaseontheroof securityleak bourne is brought out of hiding once again by reporter simon ross who is trying to unveil operation blackbriar, an upgrade to project treadstone, in a series of newspaper columns. information from the reporter stirs a new set of memories, and bourne must finally uncover his dark past while dodging the company's best efforts to eradicate him. remember everything. forgive nothing."
9502,84.689648,631744560,90.0,kung fu panda,6.9,3145,"adventure animation family comedy china martialarts kungfu mentor snake restaurant shop strongwoman bravery tiger turtle panda sensei anthropomorphism fighting ancientchina monkey master destiny evil aftercreditsstinger monkeywarrior noodle when the valley of peace is threatened, lazy po the panda discovers his destiny as the ""chosen one"" and trains to become a kung fu hero, but transforming the unsleek slacker into a brave warrior won't be easy. it's up to master shifu and the furious five -- tigress, crane, mantis, viper and monkey -- to give it a try. prepare for awesomeness."
102899,120.09361,519311965,117.0,ant-man,7.0,5880,"sciencefiction action adventure marvelcomic superhero basedoncomicbook aftercreditsstinger duringcreditsstinger marvelcinematicuniverse 3d armed with the astonishing ability to shrink in scale but increase in strength, master thief scott lang must embrace his inner-hero and help his mentor, doctor hank pym, protect the secret behind his spectacular ant-man suit from a new generation of towering threats. against seemingly insurmountable obstacles, pym and lang must plan and pull off a heist that will save the world. heroes don't get any bigger."
101299,76.310119,847423452,146.0,the hunger games: catching fire,7.4,6495,"adventure action sciencefiction competition basedonnovel mentor secret factory television propaganda future dystopia alliance games president uprising sequel murder survival conspiracy rebellion blood femaleprotagonist tournament explosion danger imax winner basedonyoungadultnovel katniss everdeen has returned home safe after winning the 74th annual hunger games along with fellow tribute peeta mellark. winning means that they must turn around and leave their family and close friends, embarking on a ""victor's tour"" of the districts. along the way katniss senses that a rebellion is simmering, but the capitol is still very much in control as president snow prepares the 75th annual hunger games (the quarter quell) - a competition that could change panem forever. every revolution begins with a spark."
228161,63.473086,368871007,94.0,home,6.8,1519,"fantasy comedy animation sciencefiction family friendship spaceship space alien alieninvasion alienfriendship awfulleader takingresposibility when earth is taken over by the overly-confident boov, an alien race in search of a new place to call home, all humans are promptly relocated, while all boov get busy reorganizing the planet. but when one resourceful girl, tip, manages to avoid capture, she finds herself the accidental accomplice of a banished boov named oh. the two fugitives realize there’s a lot more at stake than intergalactic relations as they embark on the road trip of a lifetime. worlds collide"
74,48.572726,591739379,116.0,war of the worlds,6.2,2322,"adventure thriller sciencefiction posttraumaticstressdisorder newjersey airplane dystopia daughter apocalypse alieninvasion humansubjugation ray ferrier is a divorced dockworker and less-than-perfect father. soon after his ex-wife and her new husband drop of his teenage son and young daughter for a rare weekend visit, a strange and powerful lightning storm touches down. they're already here."
8961,38.068736,273339556,147.0,bad boys ii,6.3,1564,"adventure action comedy thriller crime miami kukluxklan cuba undercover mexicanstandoff ecstasy guantánamo slaughter shootout gunfight bromance gangster violence footchase interrogation carchase druglord explodinghouse narcoticscop illegaldrugs deaagent buddycop criminalunderworld actionhero haitiangang minefield out-of-control, trash-talking buddy cops marcus burnett and mike lowrey of the miami narcotics task force reunite, and bullets fly, cars crash and laughs explode as they pursue a whacked-out drug lord from the streets of miami to the barrios of cuba. but the real fireworks result when marcus discovers that playboy mike is secretly romancing marcus’ sexy sister. if you can't stand the heat, get out of miami."
27576,48.829437,293329073,100.0,salt,6.2,2093,"action mystery thriller assassination spy cia kidnapping coldwar sovietunion doubleagent raceagainsttime revenge ontherun shootout espionage femaleprotagonist hitwoman terrorism violence russianspy intelligenceofficer actionheroine as a cia officer, evelyn salt swore an oath to duty, honor and country. her loyalty will be tested when a defector accuses her of being a russian spy. salt goes on the run, using all her skills and years of experience as a covert operative to elude capture. salt's efforts to prove her innocence only serve to cast doubt on her motives, as the hunt to uncover the truth behind her identity continues and the question remains: ""who is salt?"" who is salt?"
86834,46.115758,362637473,139.0,noah,5.6,2350,drama adventure bible god noah 3d a man who suffers visions of an apocalyptic deluge takes measures to protect his family from the coming flood. the end of the world is just the beginning.
17578,89.938296,371940071,107.0,the adventures of tintin,6.7,2061,"adventure animation mystery riddle captain treasure liquor treasurehunt sunkentreasure plot reporter 3d action intrepid young reporter, tintin and his loyal dog, snowy are thrust into a world of high adventure when they discover a ship carrying an explosive secret. as tintin is drawn into a centuries-old mystery, ivan ivanovitch sakharine suspects him of stealing a priceless treasure. tintin and snowy, with the help of salty, cantankerous captain haddock and bumbling detectives, thompson &amp; thomson, travel half the world, one step ahead of their enemies as tintin endeavors to find the unicorn, a sunken ship that may hold a vast fortune, but also an ancient curse. this year, discover how far adventure will take you."
673,79.679601,789804554,141.0,harry potter and the prisoner of azkaban,7.7,5877,"adventure fantasy family flying traitor magic cuttingthecord childhero broom sorcerer'sapprentice schoolofwitchcraft griffon blackmagic timetravel bestfriend werewolf dark muggle aftercreditsstinger harry, ron and hermione return to hogwarts for another magic-filled year. harry comes face to face with danger yet again, this time in the form of escaped convict, sirius black – and turns to sympathetic professor lupin for help. something wicked this way comes."
6972,28.840997,49554002,165.0,australia,6.3,694,"drama missionary worldwarii ranch australia british racist cattledrive aftercreditsstinger stampede waltzingmatilda trampledtodeath set in northern australia before world war ii, an english aristocrat who inherits a sprawling ranch reluctantly pacts with a stock-man in order to protect her new property from a takeover plot. as the pair drive 2,000 head of cattle over unforgiving landscape, they experience the bombing of darwin, australia, by japanese forces firsthand. welcome to australia!"
82700,42.840582,243843127,100.0,after earth,5.0,2532,"sciencefiction action adventure dystopia one thousand years after cataclysmic events forced humanity's escape from earth, nova prime has become mankind's new home. legendary general cypher raige returns from an extended tour of duty to his estranged family, ready to be a father to his 13-year-old son, kitai. when an asteroid storm damages cypher and kitai's craft, they crash-land on a now unfamiliar and dangerous earth. as his father lies dying in the cockpit, kitai must trek across the hostile terrain to recover their rescue beacon. his whole life, kitai has wanted nothing more than to be a soldier like his father. today, he gets his chance. danger is real, fear is a choice"
10567,26.548594,354248063,82.0,dinosaur,6.2,542,animation family cataclysm asteroid leader comet animation prehistoric prehistoricegg dinosaur nestinggrounds prehistoriccreature prehistoricadventure lemur prehistorictimes an orphaned dinosaur raised by lemurs joins an arduous trek to a sancturary after a meteorite shower destroys his family home. you have never seen anything like this.
181533,115.597753,349424282,97.0,night at the museum: secret of the tomb,6.1,1851,"adventure comedy fantasy family nightwatchman museum naturalhistory history smithsonian when the magic powers of the tablet of ahkmenrah begin to die out, larry daley (ben stiller) spans the globe, uniting favorite and new characters while embarking on an epic quest to save the magic before it is gone forever. one final night to save the day."
38055,68.757242,321887208,95.0,megamind,6.7,1918,"animation action comedy family sciencefiction savingtheworld date prison secretidentity fish gun dna mayor antihero rain museum one-sidedlove serum talkinganimal reporter duringcreditsstinger strongervillain bumbling supervillain megamind finally defeats his nemesis, the superhero metro man. but without a hero, he loses all purpose and must find new meaning to his life. his brain is off the chain."
671,109.984351,976475550,152.0,harry potter and the philosopher's stone,7.5,7006,"adventure fantasy family witch christmasparty magic cuttingthecord halloween childhero broom chosenone frog fantasyworld basedonyoungadultnovel harry potter has lived under the stairs at his aunt and uncle's house his whole life. but on his 11th birthday, he learns he's a powerful wizard -- with a place waiting for him at the hogwarts school of witchcraft and wizardry. as he learns to harness his newfound powers with the help of the school's kindly headmaster, harry uncovers the truth about his parents' deaths -- and about the villain who's to blame. let the magic begin."
49524,39.448066,61648500,96.0,r.i.p.d.,5.4,1260,fantasy action comedy crime gold policeoperation partner revenge undead ghost policedepartment a recently slain cop joins a team of undead police officers working for the rest in peace department and tries to find the man who murdered him. based on the comic by peter m. lenkov. to protect and serve the living
22,271.972889,655011224,143.0,pirates of the caribbean: the curse of the black pearl,7.5,6985,"adventure fantasy action exoticisland blacksmith eastindiatradingcompany gold marriageproposal mutiny jamaica skeleton daughter governor woodeneye goldcoin pirate alcoholic swashbuckler caribbean aftercreditsstinger pirateship capuchinmonkey tortuga jack sparrow, a freewheeling 17th-century pirate who roams the caribbean sea, butts heads with a rival pirate bent on pillaging the village of port royal. when the governor's daughter is kidnapped, sparrow decides to help the girl's love save her. but their seafaring mission is hardly simple. prepare to be blown out of the water."
131631,206.227151,752100229,123.0,the hunger games: mockingjay - part 1,6.6,5584,sciencefiction adventure thriller resistance post-apocalyptic dystopia war sequel femaleprotagonist bowandarrow game futurewar revolt classprejudice humansubjugation basedonyoungadultnovel katniss everdeen reluctantly becomes the symbol of a mass rebellion against the autocratic capitol. fire burns brighter in the darkness
591,45.313197,767820459,149.0,the da vinci code,6.5,2704,"thriller mystery paris holygrail christianity monk basedonnovel zurich secretsociety louvre curator symbologist opusdei heresy monalisa freemason conspiracy pentagram tomb catholicism cryptologist iconography albino sect when the curator of the louvre is found murdered in the famed museum's hallowed halls, harvard professor, robert langdon and cryptographer, sophie neve must untangle a deadly web of deceit involving the works of leonardo da vinci. seek the truth."
172385,42.40024,500188435,102.0,rio 2,6.3,978,"animation adventure comedy family bird sequel jungle audition amazonrainforest parrots it's a jungle out there for blu, jewel and their three kids after they're hurtled from rio de janeiro to the wilds of the amazon. as blu tries to fit in, he goes beak-to-beak with the vengeful nigel, and meets the most fearsome adversary of all: his father-in-law. he's villainous, she's venomous."
36658,2.871739,407711549,133.0,x2,6.8,3506,"adventure action sciencefiction thriller mutant marvelcomic superhero basedoncomicbook superhuman professor charles xavier and his team of genetically gifted superheroes face a rising tide of anti-mutant sentiment led by col. william stryker. storm, wolverine and jean grey must join their usual nemeses –  magneto and mystique – to unhinge stryker's scheme to exterminate all mutants. the time has come for those who are different to stand united."
51497,7.255718,626137675,130.0,fast five,7.1,2438,"action thriller crime brazil fbi freedom escapefromprison carcrash heist organizedcrime ontherun money fugitive policechase escapedconvict car imax automobileracing duringcreditsstinger former cop brian o'conner partners with ex-con dom toretto on the opposite side of the law. since brian and mia toretto broke dom out of custody, they've blown across many borders to elude authorities. now backed into a corner in rio de janeiro, they must pull one last job in order to gain their freedom. get the fifth gear."
58574,81.499621,334615000,129.0,sherlock holmes: a game of shadows,7.0,3886,"adventure action crime mystery detectiveinspector steampunk criminalmastermind there is a new criminal mastermind at large (professor moriarty) and not only is he holmes’ intellectual equal, but his capacity for evil and lack of conscience may give him an advantage over the  detective. the game is afoot."
18823,47.686442,232713139,106.0,clash of the titans,5.6,2233,"adventure fantasy action hades mythology greekmythology zeus medusa mythologicalbeast seamonster perseus kraken gods ancientgreece basedongreekmyth 3d born of a god but raised as a man, perseus is helpless to save his family from hades, vengeful god of the underworld. with nothing to lose, perseus volunteers to lead a dangerous mission to defeat hades before he can seize power from zeus and unleash hell on earth. battling unholy demons and fearsome beasts, perseus and his warriors will only survive if perseus accepts his power as a god, defies fate and creates his own destiny. titans will clash."
861,43.129703,261317921,113.0,total recall,7.1,1710,"action adventure sciencefiction oxygen falselyaccused resistance mars doublelife telepathy mutant hologram spacecolony falseidentity secretagent dystopia cyberpunk falsememory implantedmemory construction worker douglas quaid discovers a memory chip in his brain during a virtual-reality trip. he also finds that his past has been invented to conceal a plot of planetary domination. soon, he's off to mars to find out who he is and who planted the chip. they stole his mind, now he wants it back."
1911,27.220157,61698899,102.0,the 13th warrior,6.4,510,"adventure fantasy action witch cave arabian scandinavia bagdad viking iraq war mission in ad 922, arab courtier, ahmad ibn fadlan accompanies a party of vikings to the barbaric north to combat a terror that slaughters vikings and devours their flesh. prey for the living."
49040,90.33681,276572938,120.0,the bourne legacy,6.0,2651,"action thriller assassin wolf maryland suicidebygunshot rooftop explodinghouse laptop trackingdevice fakeid seoulsouthkorea pharmaceuticallab governmentconspiracy roofchase manilaphilippines hunted falsepassport albertacanada lieutenantgeneral new cia operative, aaron cross experiences life-or-death stakes that have been triggered by the previous actions of jason bourne. there was never just one"
415,50.073575,238207122,125.0,batman & robin,4.2,1418,"action crime fantasy doublelife dccomics dualidentity crimefighter fictionalplace gothamcity superhero creditcard superpowers along with crime-fighting partner robin and new recruit batgirl, batman battles the dual threat of frosty genius mr. freeze and homicidal horticulturalist poison ivy. freeze plans to put gotham city on ice, while ivy tries to drive a wedge between the dynamic duo. strength. courage. honor. and loyalty."
8871,45.419668,345141403,104.0,how the grinch stole christmas,6.2,1386,"family comedy fantasy holiday christmasparty newlove santaclaus village kidsandfamily inside a snowflake exists the magical land of whoville. in whoville, live the whos, an almost mutated sort of munchkin-like people. all the whos love christmas, yet just outside of their beloved whoville lives the grinch. the grinch is a nasty creature that hates christmas, and plots to steal it away from the whos, whom he equally abhors. yet a small child, cindy lou who, decides to try befriending the grinch. he puts the mean in green."
435,41.380094,544272402,124.0,the day after tomorrow,6.2,2392,"action adventure sciencefiction thriller savingtheworld library cataclysm climatechange greenhouseeffect tornado twister hurricane hail temperaturedrop iceage polarzone meteorology gulfstream barrierice icemelting thirdworld exodus evacuation climate government snow losangeles scientist doomsday antarctic disastermovie after years of increases in the greenhouse effect,  havoc is wreaked globally in the form of catastrophic hurricanes, tornadoes, tidal waves, floods and the beginning of a new ice age. paleoclimatologist, jack hall tries to warn the world while also shepherding to safety his son, trapped in new york after the city is overwhelmed by the start of the new big freeze. where will you be?"
955,54.931334,546388105,123.0,mission: impossible ii,5.9,1928,"adventure action thriller terror spain cia helicopter secretidentity skyscraper undercover island ex-lover secretmission dyinganddeath secretagent computer duel lethalvirus violence rescueteam agent car researchlaboratory with computer genius luther stickell at his side and a beautiful thief on his mind, agent ethan hunt races across australia and spain to stop a former imf agent from unleashing a genetically engineered biological weapon called chimera. this mission, should hunt choose to accept it, plunges him into the center of an international crisis of terrifying magnitude. expect the impossible again."
2133,25.752118,325756637,130.0,the perfect storm,6.2,597,"drama u.s.airforce grocery jamaican meteorologist rescueboat marina cityhall theflemishcap malecamaraderie stormatsea in october 1991, a confluence of weather conditions combined to form a killer storm in the north atlantic. caught in the storm was the sword-fishing boat andrea gail. magnificent foreshadowing and anticipation fill this true-life drama while minute details of the fishing boats, their gear and the weather are juxtaposed with the sea adventure. the storm is coming."
1979,60.810723,289047763,92.0,fantastic 4: rise of the silver surfer,5.4,2589,"adventure fantasy action thriller fire helicopter surfboard mask satellite airplane transformation forest resurrection marvelcomic sequel superhero basedoncomicbook outerspace wedding explosion scientist interrogation doublecross fantasticfour military earthinperil superhumanstrength duringcreditsstinger invisibility silversurfer forcefield elasticity absorbingpower the fantastic four return to the big screen as a new and all powerful enemy threatens the earth. the seemingly unstoppable 'silver surfer', but all is not what it seems and there are old and new enemies that pose a greater threat than the intrepid superheroes realize. discover the secret of the surfer."
87827,51.328145,609016565,127.0,life of pi,7.2,5797,"adventure drama action ocean shipwreck hindu tiger faith zookeeper teenageboy cargoship lifeboat injuredanimal the story of an indian boy named pi, a zookeeper's son who finds himself in the company of a hyena, zebra, orangutan, and a bengal tiger after a shipwreck sets them adrift in the pacific ocean. believe the unbelievable"
1250,46.834704,228738393,114.0,ghost rider,5.2,1712,"thriller action fantasy horror mephisto religionandsupernatural dyinganddeath devil'sson ghostworld stunts flame basedoncomicbook in order to save his dying father, young stunt cyclist, johnny blaze sells his soul to mephistopheles and sadly parts from the pure-hearted, roxanne simpson, the love of his life. years later, johnny's path crosses again with roxanne, now a go-getting reporter, and also with mephistopheles, who offers to release johnny's soul if johnny becomes the fabled, fiery 'ghost rider'. hell is about to be unleashed"
324668,62.641286,415484914,123.0,jason bourne,5.9,2341,action thriller assassin amnesia flashback the most dangerous former operative of the cia is drawn out of hiding to uncover hidden truths about his past. you know his name
9471,33.616115,259175788,106.0,charlie's angels: full throttle,5.2,914,"action adventure comedy robbery secretidentity secretagent the angels are charged with finding a pair of missing rings that are encoded with the personal information of members of the witness protection program. as informants are killed, the ladies target a rogue agent who might be responsible. this summer the angels are back."
70981,68.889395,403170142,124.0,prometheus,6.3,5080,"sciencefiction adventure mystery android dystopia alien spinoff creation emergencysurgery aftercreditsstinger stasis archeologicaldig godcomplex cavedrawing geneticmutation originsoflife a team of explorers discover a clue to the origins of mankind on earth, leading them on a journey to the darkest corners of the universe. there, they must fight a terrifying battle to save the future of the human race. the search for our beginning could lead to our end."
10996,27.990284,169956806,78.0,stuart little 2,5.4,613,"family adventure animation comedy mouse falcon bird friendship family stuart, an adorable white mouse, still lives happily with his adoptive family, the littles, on the east side of manhattan's central park. more crazy mouse adventures are in store as stuart, his human brother, george, and their mischievous cat, snowbell, set out to rescue a friend. a little goes a long way"
68724,67.33767,286140700,109.0,elysium,6.4,3439,"sciencefiction action drama thriller dystopia spacestation classconflict in the year 2159, two classes of people exist: the very wealthy who live on a pristine man-made space station called elysium, and the rest, who live on an overpopulated, ruined earth. secretary rhodes (jodie foster), a hard line government ofﬁcial, will stop at nothing to enforce anti-immigration laws and preserve the luxurious lifestyle of the citizens of elysium. that doesn’t stop the people of earth from trying to get in, by any means they can. when unlucky max (matt damon) is backed into a corner, he agrees to take on a daunting mission that, if successful, will not only save his life, but could bring equality to these polarized worlds. he can save us all."
2789,27.835436,115772733,119.0,the chronicles of riddick,6.3,1570,"action sciencefiction prison dystopia matteroflifeanddeath outerspace intergalactictravel after years of outrunning ruthless bounty hunters, escaped convict riddick suddenly finds himself caught between opposing forces in a fight for the future of the human race. now, waging incredible battles on fantastic and deadly worlds, this lone, reluctant hero will emerge as humanity's champion - and the last hope for a universe on the edge of annihilation. all the power in the universe can't change destiny"
97020,66.757869,242688965,102.0,robocop,5.7,2342,"action sciencefiction cyborg future dystopia police remake violence detroit in robocop, the year is 2028 and multinational conglomerate omnicorp is at the center of robot technology.  overseas, their drones have been used by the military for years, but have been forbidden for law enforcement in america.  now omnicorp wants to bring their controversial technology to the home front, and they see a golden opportunity to do it.  when alex murphy – a loving husband, father and good cop doing his best to stem the tide of crime and corruption in detroit – is critically injured, omnicorp sees their chance to build a part-man, part-robot police officer.  omnicorp envisions a robocop in every city and even more billions for their shareholders, but they never counted on one thing: there is still a man inside the machine. we've got the future under control."
37834,44.906918,261930431,109.0,knight and day,5.9,1547,"action comedy spy airport gasstation garage pilot chase secretagent rope explodingbuilding carchase policecar boygenius duringcreditsstinger a fugitive couple goes on a glamorous and sometimes deadly adventure where nothing and no one – even themselves – are what they seem. amid shifting alliances and unexpected betrayals, they race across the globe, with their survival ultimately hinging on the battle of truth vs. trust. every hit man deserves a second shot!"
75612,67.698004,286168572,124.0,oblivion,6.4,4800,"action sciencefiction adventure mystery spacecraft dystopia space drone imax humanvsalien jack harper is one of the last few drone repairmen stationed on earth.  part of a massive operation to extract vital resources after decades of war with a terrifying threat known as the scavs, jack’s mission is nearly complete.  his existence is brought crashing down when he rescues a beautiful  stranger from a downed spacecraft.  her arrival triggers a chain of events that  forces him to question everything he knows and puts the fate of humanity in his hands. earth is a memory worth fighting for"
1895,44.108427,850000000,140.0,star wars: episode iii - revenge of the sith,7.1,4116,"sciencefiction adventure action showdown deathstar vision cultfigure hatred dreamsequence expectantmother spaceopera chancel childbirth galacticwar years after the onset of the clone wars, the noble jedi knights lead a massive clone army into a galaxy-wide battle against the separatists. when the sinister sith unveil a thousand-year-old plot to rule the galaxy, the republic crumbles and from its ashes rises the evil galactic empire. jedi hero anakin skywalker is seduced by the dark side of the force to become the emperor's new apprentice – darth vader. the jedi are decimated, as obi-wan kenobi and jedi master yoda are forced into hiding. the only hope for the galaxy are anakin's own offspring – the twin children born in secrecy who will grow up to become heroes. the saga is complete."
1894,43.987061,649398328,142.0,star wars: episode ii - attack of the clones,6.4,3992,"adventure action sciencefiction senate investigation army deathstar jedi cultfigure wedding violence kendo lasergun spaceopera spaceport teenagerebellion goodbecomingevil alienrace mechanicalhand yoda ten years after the invasion of naboo, the galaxy is on the brink of civil war. under the leadership of a renegade jedi named count dooku, thousands of solar systems threaten to break away from the galactic republic. when an assassination attempt is made on senator padmé amidala, the former queen of naboo, twenty-year-old jedi apprentice anakin skywalker is assigned to protect her. in the course of his mission, anakin discovers his love for padmé as well as his own darker side. soon, anakin, padmé, and obi-wan kenobi are drawn into the heart of the separatist movement and the beginning of the clone wars. a jedi shall not know anger. nor hatred. nor love."
585,106.815545,562816256,92.0,"monsters, inc.",7.5,5996,"animation comedy family monster infant energysupply company rivalry hijinks bestfriend scream conveyorbelt energycompany friend james sullivan and mike wazowski are monsters, they earn their living scaring children and are the best in the business... even though they're more afraid of the children than they are of them. when a child accidentally enters their world, james and mike suddenly find that kids are not to be afraid of and they uncover a conspiracy that could threaten all children across the world. we scare because we care."
76170,15.953444,415440673,126.0,the wolverine,6.3,4053,"action sciencefiction adventure fantasy japan samurai mutant worldwari marvelcomic superhero basedoncomicbook superhuman duringcreditsstinger wolverine faces his ultimate nemesis - and tests of his physical, emotional, and mortal limits - in a life-changing voyage to modern-day japan. when he's most vulnerable, he's most dangerous."
1893,54.035265,924317558,136.0,star wars: episode i - the phantom menace,6.3,4432,"adventure action sciencefiction prophecy senate queen taskmaster galaxy apprentice taxes spaceopera anakin skywalker, a young slave strong with the force, is discovered on tatooine. meanwhile, the evil sith have returned, enacting their plot for revenge against the jedi. every generation has a legend. every journey has a first step. every saga has a beginning."
49519,64.183321,585178928,98.0,the croods,6.8,2399,"adventure animation comedy family fantasy stoneage daughter father prehistoric ancientworld fatherdaughterrelationship family cavemen aftercreditsstinger duringcreditsstinger the croods is a prehistoric comedy adventure that follows the world's first family as they embark on a journey of a lifetime when the cave that has always shielded them from danger is destroyed. traveling across a spectacular landscape, the croods discover an incredible new world filled with fantastic creatures -- and their outlook is changed forever. meet the first modern family."
290595,60.467984,164602163,114.0,the huntsman: winter's war,6.0,1523,"action adventure drama witch magic fairytale snowwhite huntsman as two evil sisters prepare to conquer the land, two renegades—eric the huntsman, who aided snow white in defeating ravenna in snowwhite and the huntsman, and his forbidden lover, sara—set out to stop them. the story before snow white"
98566,143.350376,477200000,101.0,teenage mutant ninja turtles,5.8,2636,sciencefiction action adventure fantasy comedy martialarts terrorist hero mutation van turtle vigilante superhero basedoncomicbook ninja newyorkcity sewer reboot scienceexperiment 3d the city needs heroes. darkness has settled over new york city as shredder and his evil foot clan have an iron grip on everything from the police to the politicians. the future is grim until four unlikely outcast brothers rise from the sewers and discover their destiny as teenage mutant ninja turtles. the turtles must work with fearless reporter april and her wise-cracking cameraman vern fenwick to save the city and unravel shredder's diabolical plan. mysterious. dangerous. reptilious. you've never seen heroes like this.
49047,110.153618,716392705,91.0,gravity,7.3,5751,"sciencefiction thriller drama spacemission loss space astronaut trappedinspace dr. ryan stone, a brilliant medical engineer on her first shuttle mission, with veteran astronaut matt kowalsky in command of his last flight before retiring. but on a seemingly routine spacewalk, disaster strikes. the shuttle is destroyed, leaving stone and kowalsky completely alone-tethered to nothing but each other and spiraling out into the blackness of space. the deafening silence tells them they have lost any link to earth and any chance for rescue. as fear turns to panic, every gulp of air eats away at what little oxygen is left. but the only way home may be to go further out into the terrifying expanse of space. don't let go"
308531,39.873791,245623848,112.0,teenage mutant ninja turtles: out of the shadows,5.8,963,"fantasy action adventure comedy brotherbrotherrelationship turtle sequel basedoncomicbook ninja rat after supervillain shredder escapes custody, he joins forces with mad scientist baxter stockman and two dimwitted henchmen, bebop and rocksteady, to unleash a diabolical plan to take over the world. as the turtles prepare to take on shredder and his new crew, they find themselves facing an even greater evil with similar intentions: the notorious krang. raise some shell."
166424,38.126095,167977596,100.0,fantastic four,4.4,2278,"action adventure sciencefiction teleportation transformation telekinesis portal marvelcomic superhero basedoncomicbook superheroteam fantasticfour bodyhorror invisiblewoman four young outsiders teleport to a dangerous universe, which alters their physical form in shocking ways. their lives irrevocably upended, the team must learn to harness their daunting new abilities and work together to save earth from a former friend turned enemy. change is coming."
1593,48.780039,574480841,108.0,night at the museum,6.3,2862,"action adventure comedy family fantasy museum skeleton nightshift chaos genghiskhan mayacivilization naturalhistory theodoreroosevelt dinosaur basedonchildren'sbook magicalobject securityguard duringcreditsstinger inanimateobjectscomingtolife chaos reigns at the natural history museum when night watchman larry daley accidentally stirs up an ancient curse, awakening attila the hun, an army of gladiators, a tyrannosaurus rex and other exhibits. larry tries desperately to keep the museum under control, but he's fighting a losing battle until president teddy roosevelt comes to the rescue. where history comes to life"
254128,100.412364,470490832,114.0,san andreas,6.0,2968,"action drama thriller california earthquake catastrophe disasterfilm 3d sanandreas sanandreascalifornia rescueoperation in the aftermath of a massive earthquake in california, a rescue-chopper pilot makes a dangerous journey across the state in order to rescue his estranged daughter. a rescue pilot survived an earthquake, this is what happens next"
714,42.887121,333011068,119.0,tomorrow never dies,6.0,925,adventure action thriller londonengland england spy china newsbroadcast intelligence television missile manipulationofthemedia secretintelligenceservice specialcar tvstation mediatycoon navy motorcycle secretservice hamburggermany a deranged media mogul is staging international incidents to pit the world's superpowers against each other. now 007 must take on this evil mastermind in an adrenaline-charged battle to end his reign of terror and prevent global pandemonium. yesterday is a memory. today is history. tomorrow is in the hands of one man.
2024,23.657284,215294342,165.0,the patriot,6.8,1099,"drama history war action rebel southernusa lossofson martialarts general lossoffamily passion insurgence french daughter southcarolina british basedontruestory gore mission after proving himself on the field of battle in the french and indian war, benjamin martin wants nothing more to do with such things, preferring the simple life of a farmer. but when his son gabriel enlists in the army to defend their new nation, america, against the british, benjamin reluctantly returns to his old life to protect his son. some things are worth fighting for."
163,76.840712,362744280,125.0,ocean's twelve,6.4,2124,"thriller crime sequel fabergéegg dutcheastindiancompany second part goldenegg goon danny ocean reunites with his old flame and the rest of his merry band of thieves in carrying out three huge heists in rome, paris and amsterdam – but a europol agent is hot on their heels. twelve is the new eleven."
787,44.635452,478207520,120.0,mr. & mrs. smith,6.5,2965,"action comedy drama thriller bomb assassin secretidentity secret assaultrifle gun marriedcouple hitman decoy marriagecrisis marriage job dysfunctionalmarriage gunfight bulletwound after five (or six) years of vanilla-wedded bliss, ordinary suburbanites john and jane smith are stuck in a huge rut. unbeknownst to each other, they are both coolly lethal, highly-paid assassins working for rival organisations. when they discover they're each other's next target, their secret lives collide in a spicy, explosive mix of wicked comedy, pent-up passion, nonstop action and high-tech weaponry. smart and sexy."
262500,103.718387,295238201,119.0,insurgent,6.2,3829,adventure sciencefiction thriller basedonnovel revolution dystopia sequel dystopicfuture youngadult 3d divergent beatrice prior must confront her inner demons and continue her fight against a powerful alliance which threatens to tear her society apart. one choice can destroy you
2567,45.616098,102000000,170.0,the aviator,7.0,1489,"drama ladykiller pilot biography womanizer aviation phobia u.s.congress flyingboat testflight a biopic depicting the life of filmmaker and aviation pioneer howard hughes from 1927 to 1947, during which time he became a successful film producer and an aviation magnate, while simultaneously growing more unstable due to severe obsessive-compulsive disorder. for some men, the sky was the limit. for him, it was just the beginning."
38745,22.845143,237382724,85.0,gulliver's travels,4.9,621,"comedy journalist forbiddenlove princess royalcourt 3d travel writer lemuel gulliver takes an assignment in bermuda, but ends up on the island of liliput, where he towers over its tiny citizens. something big is going down."
40805,31.703608,227817248,119.0,the green hornet,5.5,1251,"action crime comedy bomb martialarts assassin vandalism nightclub training knife party playboy superhero revenge trap violence kato carchase methlab britt reid (seth rogen), the heir to the largest newspaper fortune in los angeles, is a spoiled playboy who has been, thus far, happy to lead an aimless life. after his father (tom wilkinson) dies, britt meets kato (jay chou), a resourceful company employee. realizing that they have the talent and resources to make something of their lives, britt and kato join forces as costumed crime-fighters to bring down the city's most-powerful criminal, chudnofsky (christoph waltz). breaking the law to protect it."
53182,71.510596,337580051,102.0,300: rise of an empire,6.1,2397,"action war basedongraphicnovel ancientgreece duringcreditsstinger seabattle handtohandcombat minions navalwarfare 3d based on frank miller's latest graphic novel xerxes and told in the breathtaking visual style of the blockbuster ""300,"" this new chapter of the epic saga takes the action to a fresh battlefield--on the sea--as greek general themistokles attempts to unite all of greece by leading the charge that will change the course of the war. ""300: rise of an empire"" pits themistokles against the massive invading persian forces led by mortal-turned-god xerxes and artemesia, the vengeful commander of the persian navy. seize your glory!"
41513,36.65422,563749323,103.0,the smurfs,5.5,1179,"animation family adventure comedy fantasy moon magic basedoncomicbook animation goodvsevil smurf blue vortex mischief catandmouse duringcreditsstinger when the evil wizard gargamel chases the tiny blue smurfs out of their village, they tumble from their magical world and into ours -- in fact, smack dab in the middle of central park. just three apples high and stuck in the big apple, the smurfs must find a way to get back to their village before gargamel tracks them down. smurf happens."
262504,86.105615,179246868,121.0,allegiant,5.9,1998,adventure sciencefiction basedonnovel revolution dystopia sequel dystopicfuture youngadult basedonyoungadultnovel beatrice prior and tobias eaton venture into the world outside of the fence and are taken into protective custody by a mysterious agency known as the bureau of genetic welfare. break the boundaries of your world
39254,37.195046,299268508,127.0,real steel,6.6,2692,"action sciencefiction drama fathersonrelationship fight sport robot prizefighting fathersonreunion robotfighting in the near-future, charlie kenton is a washed-up fighter who retired from the ring when robots took over the sport. after charlie's robot is trashed, he reluctantly teams up with his estranged son max to rebuild and train an unlikely contender. if you get one shot, make it real."
77931,32.473628,347434178,105.0,the smurfs 2,5.5,695,"fantasy family comedy animation basedoncartoon animation smurf the evil wizard gargamel creates a couple of mischievous smurf-like creatures called the naughties that he hopes will let him harness the all-powerful, magical smurf-essence. but when he discovers that only a real smurf can give him what he wants, and only a secret spell that smurfette knows can turn the naughties into real smurfs, gargamel kidnaps smurfette and brings her to paris, where he has been winning the adoration of millions as the world¹s greatest sorcerer. it's up to papa, clumsy, grouchy, and vanity to return to our world, reunite with their human friends patrick and grace winslow, and rescue her! will smurfette, who has always felt different from the other smurfs, find a new connection with the naughties vexy and hackus or will the smurfs convince her that their love for her is true blue? get ready to get naughty!"
80274,45.94834,125537191,114.0,ender's game,6.6,2303,"sciencefiction action adventure basedonnovel intolerance chosenone childprodigy futuristic space sciencefiction alieninvasion militaryschool moralitytale basedonyoungadultnovel based on the classic novel by orson scott card, ender's game is the story of the earth's most gifted children training to defend their homeplanet in the space wars of the future. this is not a game."
1571,48.93337,383531464,128.0,live free or die hard,6.4,2089,"action thriller usa washingtond.c. helicopter hostage fbi kidnapping hacker satellite transportofprisoners trafficjam fistfight ex-cop sequel suspense shootout explosion violence cellphone carchase policecar walkietalkie basedonarticle cyberterrorism actionhero powerplant john mcclane is back and badder than ever, and this time he's working for homeland security. he calls on the services of a young hacker in his bid to stop a ring of internet terrorists intent on taking control of america's computer infrastructure. the old school cop is back!"
120,138.049577,871368364,178.0,the lord of the rings: the fellowship of the ring,8.0,8705,"adventure fantasy action elves dwarves orcs middle-earth(tolkien) hobbit basedonnovel mountains fireworks castle volcano password deathofafriend uncle mirror wizard swordandsorcery young hobbit frodo baggins, after inheriting a mysterious ring from his uncle bilbo, must leave his home in order to keep it from falling into the hands of its evil creator. along the way, a fellowship is formed to protect the ringbearer and make sure that the ring arrives at its final destination: mt. doom, the only place where it can be destroyed. one ring to rule them all"
10204,22.643776,72178895,120.0,around the world in 80 days,5.7,672,"action adventure comedy paris londonengland newyork julesverne sanfrancisco istanbul hotairballoon journeyroundtheworld a bet pits a british inventor, a chinese thief and a french artist on a worldwide adventure that they can circle the globe in 80 days. let your imagination soar."
2048,95.914473,347234916,115.0,"i, robot",6.7,3793,"action sciencefiction suicide artificialintelligence manvsmachine chicago basedonnovel hero future law dystopia police murder robot 3d humanoidrobot in 2035, where robots are common-place and abide by the three laws of robotics, a techno-phobic cop investigates an apparent suicide. suspecting that a robot may be responsible for the death, his investigation leads him to believe that humanity may be in danger. laws are made to be broken."
1495,44.490453,211643158,144.0,kingdom of heaven,6.6,1157,"drama action adventure history war crusade epic knight swordsman orderofthetemplars religious knighttemplars saladin kingrichard after his wife dies, a blacksmith named balian is thrust into royalty, political intrigue and bloody holy wars during the crusades. be without fear in the face of your enemies. safeguard the helpless, and do no wrong"
10137,30.475297,300135367,84.0,stuart little,5.8,959,"animation fantasy family comedy brotherbrotherrelationship basedonnovel cat mouse adoption orphanage stepbrother kidsandfamily newyorkcitytwintowers gangster the adventures of a heroic and debonair stalwart mouse named stuart little with human qualities, who faces some comic misadventures while searching for his lost bird friend and living with a human family as their child. the little family just got bigger"
10198,62.479574,267045765,97.0,the princess and the frog,6.7,1247,"romance family animation music basedonnovel voodoo kiss princess animation cajun firefly basedonfairytale duringcreditsstinger bigdreams frogprince charlatan a waitress, desperate to fulfill her dreams as a restaurant owner, is set on a journey to turn a frog prince back into a human being, but she has to do face the same problem after she kisses him. every love story begins with a kiss..."
286217,167.93287,630161890,141.0,the martian,7.6,7268,"drama adventure sciencefiction basedonnovel mars nasa isolation botanist stranded spaceship space engineering survival astronaut science deepspaceexplorer duringcreditsstinger battleforsurvival during a manned mission to mars, astronaut mark watney is presumed dead after a fierce storm and left behind by his crew. but watney has survived and finds himself stranded and alone on the hostile planet. with only meager supplies, he must draw upon his ingenuity, wit and spirit to subsist and find a way to signal to earth that he is alive. bring him home"
1635,37.68056,162949164,136.0,the island,6.5,1770,"action thriller sciencefiction adventure clone transplantation loveofone'slife dystopia genetics freedom escape cloning plague in 2019, lincoln six-echo is a resident of a seemingly ""utopian"" but contained facility. like all of the inhabitants of this carefully-controlled environment, lincoln hopes to be chosen to go to the island — reportedly the last uncontaminated location on the planet. but lincoln soon discovers that everything about his existence is a lie. your time will come..."
9679,52.995628,237202299,118.0,gone in sixty seconds,6.1,1485,"action crime thriller brotherbrotherrelationship detective carrace carthief blackmail brother remake heist betrayal organizedcrime shootout policechase explosion violence lockpick carchase stakeout illegaldrugs carmovie stolencars fordmustang blacklight upon learning that he has to come out of retirement to steal 50 cars in one night to save his brother kip's life, former car thief randall ""memphis"" raines enlists help from a few ""boost happy"" pals to accomplish a seemingly impossible feat. from countless car chases to relentless cops, the high-octane excitement builds as randall swerves around more than a few roadblocks to keep kip alive. ice cold, hot wired."
98,95.301296,457640427,155.0,gladiator,7.9,5439,"action drama adventure rome gladiator arena senate romanempire emperor slavery battlefield blood ancientworld fatherdaughterrelationship combat mothersonrelationship dreamsequence chariot philosopher barbarianhorde 2ndcentury successor in the year 180, the death of emperor marcus aurelius throws the roman empire into chaos. maximus is one of the roman army's most capable and trusted generals and a key advisor to the emperor. as marcus' devious son commodus ascends to the throne, maximus is set to be executed. he escapes, but is captured by slave traders. renamed spaniard and forced to become a gladiator, maximus must battle to the death with other men for the amusement of paying audiences. his battle skills serve him well, and he becomes one of the most famous and admired men to fight in the colosseum. determined to avenge himself against the man who took away his freedom and laid waste to his family, maximus believes that he can use his fame and skill in the ring to avenge the loss of his family and former glory. as the gladiator begins to challenge his rule, commodus decides to put his own fighting mettle to the test by squaring off with maximus in a battle to the death. a hero will rise."
180,65.948959,358372926,145.0,minority report,7.1,2608,"action thriller sciencefiction mystery self-fulfillingprophecy washingtond.c. evidence future hologram dystopia murder neo-noir futurenoir john anderton is a top 'precrime' cop in the late-21st century, when technology can predict crimes before they're committed. but anderton becomes the quarry when another investigator targets him for a murder charge. the system is perfect until it comes after you."
672,132.397737,876688482,161.0,harry potter and the chamber of secrets,7.4,5815,"adventure fantasy family flyingcar witch magic cuttingthecord childhero broom sorcerer'sapprentice schoolofwitchcraft giantsnake blackmagic aftercreditsstinger ignoring threats to his life, harry returns to hogwarts to investigate – aided by ron and hermione – a mysterious series of attacks. hogwarts is back in session."
36557,88.935165,599045960,144.0,casino royale,7.3,3855,"adventure action thriller italy poker casino terrorist banker money freerunning torture britishsecretservice montenegro le chiffre, a banker to the world's terrorists, is scheduled to participate in a high-stakes poker game in montenegro, where he intends to use his winnings to establish his financial grip on the terrorist market. m sends bond – on his maiden mission as a 00 agent – to attend this game and prevent le chiffre from winning. with the help of vesper lynd and felix leiter, bond enters the most important poker game in his already dangerous career. everyone has a past. every legend has a beginning."
869,51.188633,362211740,119.0,planet of the apes,5.6,1243,"thriller sciencefiction action adventure gorilla spacemarine spacesuit revolution chimp slavery spacetravel timetravel dystopia alienplanet ape humansubjugation after a spectacular crash-landing on an uncharted planet, brash astronaut leo davidson finds himself trapped in a savage world where talking apes dominate the human race. desperate to find a way home, leo must evade the invincible gorilla army led by ruthless general thade. you'll be sorry you were ever born human"
280,101.74155,520000000,137.0,terminator 2: judgment day,7.7,4185,"action thriller sciencefiction cyborg shotgun post-apocalyptic dystopia moralambiguity mentalinstitution violence fictionalwar morphing nuclearweapons shapeshifter savior catchphrase nearly 10 years have passed since sarah connor was targeted for termination by a cyborg from the future. now her son, john, the future leader of the resistance, is the target for a newer, more deadly terminator. once again, the resistance has managed to send a protector back to attempt to save john and his mother sarah. it's nothing personal."
11322,33.691694,214104620,140.0,public enemies,6.5,1344,"history crime drama cinema hidingplace machinegun prisonguard escapefromprison dillinger depression-era bank robber john dillinger's charm and audacity endear him to much of america's downtrodden public, but he's also a thorn in the side of j. edgar hoover and the fledgling fbi. desperate to capture the elusive outlaw, hoover makes dillinger his first public enemy number one and assigns his top agent, melvin purvis, the task of bringing him in dead or alive. america's most wanted."
4982,42.361215,266465037,157.0,american gangster,7.4,1502,"drama crime underdog blackpeople drugtraffic drugsmuggle society ambition riseandfall cop drugdealing policecorruption gangster crime policedetective family lawenforcement aftercreditsstinger dishonesty criminalheroes following the death of his employer and mentor, bumpy johnson, frank lucas establishes himself as the number one importer of heroin in the harlem district of manhattan. he does so by buying heroin directly from the source in south east asia and he comes up with a unique way of importing the drugs into the united states. based on a true story. there are two sides to the american dream"
36955,38.729418,378882411,141.0,true lies,6.8,1116,"action thriller spy terrorist florida gun kidnapping horsebackriding floridakeys secretagent terroristplot topsecret womanwithglasses hitwithatelephone truthserum mushroomcloud jackhammer keywest harry tasker is a secret agent for the united states government. for years, he has kept his job from his wife, but is forced to reveal his identity and try to stop nuclear terrorists when he and his wife are kidnapped by them. when he said i do, he never said what he did."
18487,40.597856,150166126,106.0,the taking of pelham 1 2 3,6.2,954,"thriller drama crime hostage newyorkcity newyorksubway subwaytrain stockmarket motorcyclecrash subwaytunnel aftercreditsstinger armed men hijack a new york city subway train, holding the passengers hostage in return for a ransom, and turning an ordinary day's work for dispatcher walter garber into a face-off with the mastermind behind the crime. i can't get it out of my head. i'm gonna die today."
39451,32.389353,310650585,98.0,little fockers,5.4,1060,"comedy romance nurse cat father-in-law vomit kidsandfamily viagra duringcreditsstinger it has taken 10 years, two little fockers with wife pam and countless hurdles for greg to finally get in with his tightly wound father-in-law, jack. after the cash-strapped dad takes a job moonlighting for a drug company, jack's suspicions about his favorite male nurse come roaring back. when greg and pam's entire clan descends for the twins' birthday party, greg must prove to the skeptical jack that he's fully capable as the man of the house. kids bring everyone closer, right?"
27581,24.399642,170432927,107.0,the other guys,6.1,1383,"action comedy crime narration ceo firetruck shotintheshoulder zipline buddycomedy carjacking aftercreditsstinger duringcreditsstinger nypd detectives christopher danson (johnson) and p.k. highsmith (jackson) are the baddest and most beloved cops in new york city. they don't get tattoos, other men get tattoos of them. two desks over and one back, sit detectives allen gamble (ferrell) and terry hoitz (wahlberg). you've seen them in the background of photos of danson and highsmith, out of focus and eyes closed. they're not heroes, they're ""the other guys."" but every cop has his or her day and soon gamble and hoitz stumble into a seemingly innocuous case no other detective wants to touch that could turn into nyc's biggest crime. it's the opportunity of their lives, but do these guys have the right stuff? when the cops are busy... our only hope is..."
9268,24.507987,242295562,115.0,eraser,5.6,543,"action drama mystery thriller suicide ambush showdown hostage traitor newidentity hitman witness witnessprotection armsdealer deception betrayal treason conspiracy u.s.marshal gunfight train explosion violence sabotage corporatecrime rogueagent assassinationattempt x-rayvision railgun u.s. marshall john kruger erases the identities of people enrolled in the witness protection program. his current assignment is to protect lee cullen, who's uncovered evidence that the weapons manufacturer she works for has been selling to terrorist groups. when kruger discovers that there's a corrupt agent within the program, he must guard his own life while trying to protect lee's. he will erase your past to protect your future."
68718,82.121691,425368238,165.0,django unchained,7.8,10099,"drama western bountyhunter hero plantation society friendship friends revenge rivalry rescue shootout racism danger dentist django dualrole aftercreditsstinger oddcouple blackslave deadly chasesandraces 19thcentury with the help of a german bounty hunter, a freed slave sets out to rescue his wife from a brutal mississippi plantation owner. life, liberty and the pursuit of vengeance."
10545,46.727941,100138851,91.0,the hunchback of notre dame,6.8,1129,"drama animation family paris basedonnovel judge obsession dance sword mockery ugliness cathedral musical fool bell religion orphan armycaptain festival angrymob witchhunt 15thcentury when quasi defies the evil frollo and ventures out to the festival of fools, the cruel crowd jeers him. rescued by fellow outcast the gypsy esmeralda, quasi soon finds himself battling to save the people and the city he loves. "
11688,51.113717,169327687,78.0,the emperor's new groove,7.2,1490,"adventure animation comedy family fantasy centralandsouthamerica birthday emperor palace kingdom berater llama kuzco is a self-centered emperor who summons pacha from a village and to tell him that his home will be destroyed to make room for kuzco's new summer home. kuzco's advisor, yzma, tries to poison kuzco and accidentally turns him into a llama, who accidentally ends up in pacha's village. pacha offers to help kuzco if he doesn't destroy his house, and so they form an unlikely partnership. it's all about.....me!"
76163,53.732892,312573423,103.0,the expendables 2,6.1,2896,"action adventure thriller airplane numberintitle airplanecrash violence beard ensemblecast lossoffriend wisecrackhumor airportlounge asianwoman mr. church reunites the expendables for what should be an easy paycheck, but when one of their men is murdered on the job, their quest for revenge puts them deep in enemy territory and up against an unexpected threat. back for war."
2059,58.849256,347451894,131.0,national treasure,6.4,1926,"adventure action thriller mystery riddle treasure treasurehunt archaeologist archeology  modern treasure hunters, led by archaeologist ben gates, search for a chest of riches rumored to have been stashed away by george washington, thomas jefferson and benjamin franklin during the revolutionary war. the chest's whereabouts may lie in secret clues embedded in the constitution and the declaration of independence, and gates is in a race to find the gold before his enemies do. the greatest adventure history has ever revealed."
2486,30.863434,249288105,104.0,eragon,4.9,967,"fantasy action adventure family basedonnovel mythicalcreature dragon fantasyworld teenagehero basedonyoungadultnovel in his homeland of alagaesia, a farm boy happens upon a dragon's egg -- a discovery that leads him on a predestined journey where he realized he's the one person who can defend his home against an evil king. as darkness falls, the last dragon will choose its rider."
16523,31.586215,100086793,101.0,where the wild things are,6.4,572,"family fantasy children'sbook igloo wolfcostume swallowedwhole hitwitharock lying fallingdownahill snowballfight children'sperspectives max imagines running away from his mom and sailing to a far-off land where large talking beasts -- ira, carol, douglas, the bull, judith and alexander -- crown him as their king, play rumpus, build forts and discover secret hideaways. there's one in all of us."
116711,36.711378,268426634,102.0,epic,6.4,1121,animation adventure family fantasy fantasy miniaturepeople a teenager finds herself transported to a deep forest setting where a battle between the forces of good and the forces of evil is taking place. she bands together with a rag-tag group characters in order to save their world -- and ours. discover a world beyond your imagination
37710,41.426678,278731369,103.0,the tourist,6.0,1699,"action thriller romance paris hotel falseidentity undercoveragent romance american tourist frank (johnny depp) meets mysterious british woman elsie (angelina jolie) on the train to venice. romance seems to bud, but there's more to her than meets the eye. remake of the 2005 french film ""anthony zimmer"", written and directed by jérôme salle. it all started when he met a woman"
1372,52.792678,170877916,143.0,blood diamond,7.3,2281,"drama thriller action rebel journalist journalism lossoffamily slavery mercenary diamondmine sierraleone bootlegger fisherman specialunit smuggling genocideinrwanda oppression an ex-mercenary turned smuggler. a mende fisherman. amid the explosive civil war overtaking 1999 sierra leone, these men join for two desperate missions: recovering a rare pink diamond of immense value and rescuing the fisherman's son conscripted as a child soldier into the brutal rebel forces ripping a swath of torture and bloodshed countrywide. it will cost you everything."
106646,95.007934,392000694,180.0,the wolf of wall street,7.9,6571,"crime drama comedy corruption sex sexuality bank humor biography wallstreet marriagecrisis riseandfall stockbroker drug stockbroker a new york stockbroker refuses to cooperate in a large securities fraud case involving corruption on wall street, corporate banking world and mob infiltration. based on jordan belfort's autobiography. earn. spend. party."
414,48.205606,336529144,121.0,batman forever,5.2,1498,"action crime fantasy riddle dccomics rose gothamcity partner superhero robin brokenneck psychologist violence criminal districtattorney millionaire fallingdownstairs tiedup tommygun beretta knockedout superpowers disfigurement fatherfigure the dark knight of gotham city confronts a dastardly duo: two-face and the riddler. formerly district attorney harvey dent, two-face believes batman caused the courtroom accident which left him disfigured on one side. and edward nygma, computer-genius and former employee of millionaire bruce wayne, is out to get the philanthropist; as the riddler. former circus acrobat dick grayson, his family killed by two-face, becomes wayne's ward and batman's new partner robin. courage now, truth always..."
563,58.782359,121214377,129.0,starship troopers,6.7,1560,"adventure action thriller sciencefiction moon asteroid spacemarine intelligence buenosaires spacebattle dystopia army satire spaceship soldier drillinstructor military set in the future, the story follows a young soldier named johnny rico and his exploits in the mobile infantry. rico's military career progresses from recruit to non-commissioned officer and finally to officer against the backdrop of an interstellar war between mankind and an arachnoid species known as ""the bugs"". the only good bug is a dead bug."
83542,73.872343,130482868,172.0,cloud atlas,6.6,2977,"drama sciencefiction clone future dystopia ensemblecast duringcreditsstinger century womandirector 1930s a set of six nested stories spanning time between the 19th century and a distant post-apocalyptic future. cloud atlas explores how the actions and consequences of individual lives impact one another throughout the past, the present and the future. action, mystery and romance weave through the story as one soul is shaped from a killer into a hero and a single act of kindness ripples across centuries to inspire a revolution in the distant future.  based on the award winning novel by david mitchell. directed by tom tykwer and the wachowskis. everything is connected"
41216,37.321848,140073390,97.0,legend of the guardians: the owls of ga'hoole,6.5,703,"animation adventure family fantasy owl soren, a young barn owl, is kidnapped by owls of st. aggie's, ostensibly an orphanage, where owlets are brainwashed into becoming soldiers. he and his new friends escape to the island of ga'hoole, to assist its noble, wise owls who fight the army being created by the wicked rulers of st. aggie's. the film is based on the first three books in the series. on his way to finding a legend...he will become one."
314,32.271938,82102379,104.0,catwoman,4.2,808,"action crime whiterussian sex dccomics beauty sexism basketball superheroine femaleprotagonist evilcorporation catwoman maskedsuperhero catlady liquidated after discovering a corporate conspiracy, mild-mannered graphic artist patience phillips washes up on an island, where she's resurrected and endowed with the prowess of a cat -- and she's eager to use her new skills ... as a vigilante. before you can say ""cat and mouse,"" handsome gumshoe tom lone is on her tail. catch her in imax"
184315,76.842247,243400000,99.0,hercules,5.6,1680,"action adventure mercenary battle ancientgreece hercules warrior sagen fourteen hundred years ago, a tormented soul walked the earth that was neither man nor god. hercules was the powerful son of the god king zeus, for this he received nothing but suffering his entire life. after twelve arduous labors and the loss of his family, this dark, world-weary soul turned his back on the gods finding his only solace in bloody battle. over the years he warmed to the company of six similar souls, their only bond being their love of fighting and presence of death. these men and woman never question where they go to fight or why or whom, just how much they will be paid. now the king of thrace has hired these mercenaries to train his men to become the greatest army of all time. it is time for this bunch of lost souls to finally have their eyes opened to how far they have fallen when they must train an army to become as ruthless and blood thirsty as their reputation has become. before he was a legend, he was a man."
9016,38.924136,109578115,95.0,treasure planet,7.2,948,"adventure animation family fantasy sciencefiction cyborg basedonnovel spacemarine mutiny lossoffather map pirategang treasurehunt littleboy space alien animation money treasuremap planet troubledteen spacepirate when space galleon cabin boy jim hawkins discovers a map to an intergalactic ""loot of a thousand worlds,"" a cyborg cook named john silver teaches him to battle supernovas and space storms. but, soon, jim realizes silver is a pirate intent on mutiny! find your place in the universe."
138103,61.025639,206172544,127.0,the expendables 3,6.1,1795,"action adventure thriller cia armsdealer sequel rescuemission hospital battle sledgehammer revolver barney, christmas and the rest of the team comes face-to-face with conrad stonebanks, who years ago co-founded the expendables with barney. stonebanks subsequently became a ruthless arms trader and someone who barney was forced to kill… or so he thought. stonebanks, who eluded death once before, now is making it his mission to end the expendables -- but barney has other plans. barney decides that he has to fight old blood with new blood, and brings in a new era of expendables team members, recruiting individuals who are younger, faster and more tech-savvy. the latest mission becomes a clash of classic old-school style versus high-tech expertise in the expendables’ most personal battle yet. new team. new attitude. new mission."
257088,33.507289,133718711,114.0,point break,5.5,783,"action crime thriller undercover undercoveragent extremesports fbiagent 3d a young undercover fbi agent infiltrates a gang of thieves who share a common interest in extreme sports. a remake of the 1991 film, ""point break"". the only law that matters is gravity"
205775,50.767332,93820758,122.0,in the heart of the sea,6.5,1276,"thriller drama adventure action history suicide ocean sea hunger shipwreck ship whale basedontruestory stranded survival whaling death newengland lostatsea basedontrueevents whalingship starvation 19thcentury cannibalism referencetomobydick whaleoil nantucket in the winter of 1820, the new england whaling ship essex was assaulted by something no one could believe: a whale of mammoth size and will, and an almost human sense of vengeance.  the real-life maritime disaster would inspire herman melville’s moby dick.  but that told only half the story.  “heart of the sea” reveals the encounter’s harrowing aftermath, as the ship’s surviving crew is pushed to their limits and forced to do the unthinkable to stay alive.  braving storms, starvation, panic and despair, the men will call into question their deepest beliefs, from the value of their lives to the morality of their trade, as their captain searches for direction on the open sea and his first mate still seeks to bring the great whale down. based on the incredible true story that inspired moby dick"
22972,30.254021,94882889,115.0,green zone,6.4,717,"war action adventure drama thriller weaponofmassdestruction baghdad iraqi  during the u.s.-led occupation of baghdad in 2003, chief warrant officer roy miller and his team of army inspectors were dispatched to find weapons of mass destruction believed to be stockpiled in the iraqi desert. rocketing from one booby-trapped and treacherous site to the next, the men search for deadly chemical agents but stumble instead upon an elaborate cover-up that threatens to invert the purpose of their mission. chief warrant officer roy miller is done following orders"
227973,34.308098,246233113,88.0,the peanuts movie,6.5,604,"animation basedoncomicstrip family 3d charliebrown snoopy snoopy embarks upon his greatest mission as he and his team take to the skies to pursue their arch-nemesis, while his best pal charlie brown begins his own epic quest back home. the story of an underdog. and his dog."
1734,41.862983,433013274,130.0,the mummy returns,6.0,2206,"adventure action fantasy son ancientegypt bracelet rick and evelyn o'connell, along with their 8 year old son alex, discover the key to the legendary scorpion king's might, the fabled bracelet of anubis. unfortunately, a newly resurrected imhotep has designs on the bracelet as well, and isn't above kidnapping its new bearer, alex, to gain control of anubis' otherworldly army. the most powerful force on earth is about to be unleashed by the two people who should know better."
3131,46.160048,193772504,167.0,gangs of new york,7.1,1910,"drama history crime fire irish-american immigrant gangwar pickpocket ship gangofthieves butcher pig army rescue gang it's 1863. america was born in the streets. amsterdam vallon returns to the five points of america to seek vengeance against the psychotic gangland kingpin, bill the butcher, who murdered his father years earlier. with an eager pickpocket by his side and a whole new army, vallon fights his way to seek vengeance on the butcher and restore peace in the area. america was born in the streets."
9408,23.230851,149044513,85.0,surf's up,5.9,601,"animation comedy family sea worldcup surfer wave surfboard giantwave worldchampion idol mockumentary cody is a surfing penguin from shiverpool who dreams of making it big and being like his idol big z. on his journey he discovers his talents are not all he thinks they are and he must learn to accept that their is more to surfing than fame and fortune.  surf's up is a 2007 american computer-animated mockumentary film produced by sony pictures animation and distributed by columbia pictures and imageworks studios. it stars the voices of shia labeouf, jeff bridges, zooey deschanel, jon heder among others. in the coldest place on earth, he's the hottest thing around."
855,44.455166,172989651,144.0,black hawk down,7.2,1811,"action history war prisonersofwar wound somalia warlord famine deltaforce rescueoperation when u.s. rangers and an elite delta force team attempt to kidnap two underlings of a somali warlord, their black hawk helicopters are shot down, and the americans suffer heavy casualties, facing intense fighting from the militia on the ground. leave no man behind."
77953,16.460356,104907746,85.0,the campaign,5.6,578,comedy politics politician electioncampaign  northcarolinam congressman politicalcandidate moustache politicalcorruption campaignmanager campaignfinance two rival politicians compete to win an election to represent their small north carolina congressional district in the united states house of representatives. may the best loser win.
18,109.528572,263920180,126.0,the fifth element,7.3,3885,"adventure fantasy action thriller sciencefiction clone taxi cyborg egypt future stowaway spacetravel raceagainsttime armsdealer love alien priest endoftheworld goodvsevil shootout policechase cabdriver newyorkcity spaceopera military operasinger resorthotel ancientastronaut archeologist ancientevil cruiseliner in 2257, a taxi driver is unintentionally given the task of saving a young girl who is part of the key that will ensure the survival of humanity. there is no future without it."
10501,37.054554,76432727,89.0,the road to el dorado,7.0,858,"adventure animation comedy family gold horse swordfight after a failed swindle, two con-men end up with a map to el dorado, the fabled ""city of gold,"" and an unintended trip to the new world.  much to their surprise, the map does lead the pair to the mythical city, where the startled inhabitants promptly begin to worship them as gods.  the only question is, do they take the worshipful natives for all they're worth, or is there a bit more to el dorado than riches? they came for the gold... they stayed for the adventure."
57800,65.229868,877244782,88.0,ice age: continental drift,6.2,2672,"animation comedy adventure family bluefootedbooby prehistorictimes meltingice badger elephantseal floatingice landbridge era glaciale deriva manny, diego, and sid embark upon another adventure after their continent is set adrift. using an iceberg as a ship, they encounter sea creatures and battle pirates as they explore a new world. manny, diego, and sid embark upon another adventure after their continent is set adrift."
150689,101.187052,543514353,105.0,cinderella,6.7,2374,"romance fantasy family drama cinderella magic prince fairytale kingdom royalty orphan lostshoe evilstepmother retelling when her father unexpectedly passes away, young ella finds herself at the mercy of her cruel stepmother and her daughters. never one to give up hope, ella's fortunes begin to change after meeting a dashing stranger in the woods. midnight is just the beginning."
7980,29.257137,93525586,136.0,the lovely bones,6.6,1065,"fantasy drama rape 1970s evidence tree afterlife lossofdaughter serialkiller corpse pedophile teenagelove grieving childhoodsexualabuse basedonyoungadultnovel after being brutally murdered, 14-year-old susie salmon watches from heaven over her grief-stricken family -- and her killer. as she observes their daily lives, she must balance her thirst for revenge with her desire for her family to heal. the story of a life and everything that came after..."
12,85.688789,940335536,100.0,finding nemo,7.6,6122,"animation family fathersonrelationship harbor underwater fishtank greatbarrierreef missingchild aftercreditsstinger duringcreditsstinger shorttermmemoryloss clownfish fathersonreunion protectivefather nemo, an adventurous young clownfish, is unexpectedly taken from his great barrier reef home to a dentist's office aquarium. it's up to his worrisome father marlin and a friendly but forgetful fish dory to bring nemo home -- meeting vegetarian sharks, surfer dude turtles, hypnotic jellyfish, hungry seagulls, and more along the way. there are 3.7 trillion fish in the ocean, they're looking for one."
122,123.630332,1118888979,201.0,the lord of the rings: the return of the king,8.1,8064,"adventure fantasy action elves orcs middle-earth(tolkien) basedonnovel suspicion bravery war honor troll brutality violence ghost endoftrilogy quest swordandsorcery aragorn is revealed as the heir to the ancient kings as he, gandalf and the other members of the broken fellowship struggle to save gondor from sauron's forces. meanwhile, frodo and sam bring the ring closer to the heart of mordor, the dark lord's realm. the eye of the enemy is moving."
121,106.914973,926287400,179.0,the lord of the rings: the two towers,8.0,7487,"adventure fantasy action elves orcs middle-earth(tolkien) hobbit basedonnovel explosive cave fort army mission attack guide wizard ring swordandsorcery frodo and sam are trekking to mordor to destroy the one ring of power while gimli, legolas and aragorn search for the orc-captured merry and pippin. all along, nefarious wizard saruman awaits the fellowship members at the orthanc tower in isengard. a new power is rising."
68737,63.628459,114178613,102.0,seventh son,5.2,957,"adventure fantasy magic chosenone darkfantasy witchhunter evilwitch basedonyoungadultnovel swordandsorcery john gregory, who is a seventh son of a seventh son and also the local spook, has protected the country from witches, boggarts, ghouls and all manner of things that go bump in the night. however john is not young anymore, and has been seeking an apprentice to carry on his trade. most have failed to survive. the last hope is a young farmer's son named thomas ward. will he survive the training to become the spook that so many others couldn't? when darkness falls, the son will rise. when the son falls, the dark knight will rise."
1995,41.498631,274703340,100.0,lara croft: tomb raider,5.7,2192,"adventure fantasy action thriller treasure buddhistmonk planetaryconfiguration angkorwat illuminati williamblake treasurehunt archaeologist basedonvideogame archeology  english aristocrat lara croft is skilled in hand-to-hand combat and in the middle of a battle with a secret society. the shapely archaeologist moonlights as a tomb raider to recover lost antiquities and meets her match in the evil powell, who's in search of a powerful relic. born into wealth. groomed by the elite. trained for combat."
157353,58.991388,103039258,119.0,transcendence,5.9,2295,"thriller sciencefiction drama mystery artificialintelligence technology nanotechnology computervirus supercomputer resurrection love mindcontrol terrorism scientist extremist moraldilemma computerscientist mindtransfer quantumcomputer minduploading two leading computer scientists work toward their goal of technological singularity,  as a radical anti-technology organization fights to prevent them from creating a world where computers can transcend the abilities of the human brain. yesterday, dr. will caster was only human..."
331,1.859364,368780809,92.0,jurassic park iii,5.7,2077,"adventure action thriller sciencefiction exoticisland dna paleontology tyrannosaurusrex velociraptor spinosaurus airplane rescue mission dinosaur jurassicpark in need of funds for research, dr. alan grant accepts a large sum of money to accompany paul and amanda kirby on an aerial tour of the infamous isla sorna. it isn't long before all hell breaks loose and the stranded wayfarers must fight for survival as a host of new -- and even more deadly -- dinosaurs try to make snacks of them. this time, it's not just a walk in the park!"
61791,138.433168,482860185,105.0,rise of the planet of the apes,7.0,4347,"thriller action drama sciencefiction intelligence zoo cage dystopia goldengatebridge ape monkey medicalresearch alzheimer'sdisease scientist will rodman is determined to find a cure for alzheimer's, the disease which has slowly consumed his father. will feels certain he is close to a breakthrough and tests his latest serum on apes, noticing dramatic increases in intelligence and brain activity in the primate subjects – especially caesar, his pet chimpanzee. evolution becomes revolution."
8204,21.436682,162839667,95.0,the spiderwick chronicles,6.3,572,"adventure family fantasy brothersisterrelationship familyrelationships singlemother alternatereality motherchildrelationship hiddentruth goblin magicalcreature fairies upon moving into the run-down spiderwick estate with their mother, twin brothers jared and simon grace, along with their sister mallory, find themselves pulled into an alternate world full of faeries and other creatures. their world is closer than you think."
47964,65.402595,304654182,98.0,a good day to die hard,5.2,3493,"action thriller bomb cia russia escape courthouse rogue moscow iconoclastic, take-no-prisoners cop john mcclane, finds himself for the first time on foreign soil after traveling to moscow to help his wayward son jack - unaware that jack is really a highly-trained cia operative out to stop a nuclear weapons heist. with the russian underworld in pursuit, and battling a countdown to war, the two mcclanes discover that their opposing methods make them unstoppable heroes. yippee ki-yay mother russia"
9806,77.817571,631442092,115.0,the incredibles,7.4,5152,"action adventure animation family secretidentity secret hero island wretch supernaturalpowers weapon lawsuit superhero bob parr has given up his superhero days to log in time as an insurance adjuster and raise his three children with his formerly heroic wife in suburbia. but when he receives a mysterious assignment, it's time to get back into costume. no gut, no glory"
32657,61.121717,226497209,118.0,percy jackson & the olympians: the lightning thief,6.0,2010,"adventure fantasy family monster greekmythology god poseidon  lightningbolt basedonyoungadultnovel accident prone teenager, percy discovers he's actually a demi-god, the son of poseidon, and he is needed when zeus' lightning is stolen. percy must master his new found skills in order to prevent a war between the gods that could devastate the entire world. worlds collide"
607,104.121555,589390539,98.0,men in black,6.9,4412,"action adventure comedy sciencefiction secretidentity sunglasses undercover spacemarine illegalimmigration deportation newidentity giantcockroach cannon flyingsaucer staypermit alien fictionalgovernmentagency men in black follows the exploits of agents kay and jay, members of a top-secret organization established to monitor and police alien activity on earth. the two men in black find themselves in the middle of the deadly plot by an intergalactic terrorist who has arrived on earth to assassinate two ambassadors from opposing galaxies. in order to prevent worlds from colliding, the mib must track down the terrorist and prevent the destruction of earth. it's just another typical day for the men in black. protecting the earth from the scum of the universe."
863,73.575118,497366869,92.0,toy story 2,7.3,3806,"animation comedy family museum prosecution identitycrisis airplane fleamarket collector teamwork friendship rescueteam garagesale duringcreditsstinger toycomestolife personification inanimateobjectscomingtolife andy heads off to cowboy camp, leaving his toys to their own devices. things shift into high gear when an obsessive toy collector named al mcwhiggen, owner of al's toy barn kidnaps woody. andy's toys mount a daring rescue mission, buzz lightyear meets his match and woody has to decide where he and his heart truly belong. the toys are back!"
44048,37.698465,167805466,98.0,unstoppable,6.3,1165,"action thriller runawaytrain a runaway train, transporting deadly, toxic chemicals, is barreling down on stanton, pennsylvania, and only two men can stop it: a veteran engineer and a young conductor. thousands of lives hang in the balance as these ordinary heroes attempt to chase down one million tons of hurtling steel and prevent an epic disaster. 1,000,000 tons. 100,000 lives. 100 minutes."
5175,35.814765,347325802,90.0,rush hour 2,6.4,1054,"action comedy crime thriller duringcreditsstinger it's vacation time for carter as he finds himself alongside lee in hong kong wishing for more excitement. while carter wants to party and meet the ladies, lee is out to track down a triad gang lord who may be responsible for killing two men at the american embassy. things get complicated as the pair stumble onto a counterfeiting plot. the boys are soon up to their necks in fist fights and life-threatening situations. a trip back to the u.s. may provide the answers about the bombing, the counterfeiting, and the true allegiance of sexy customs agent isabella. get ready for a second rush!"
22794,46.781182,242988466,90.0,cloudy with a chance of meatballs,6.5,1747,"animation comedy family weather food science inventor flint lockwood creates a machine that makes clouds rain food, enabling the down-and-out citizens of chewandswallow to feed themselves. but when the falling food reaches gargantuan proportions, flint must scramble to avert disaster. can he regain control of the machine and put an end to the wild weather before the town is destroyed? prepare to get served."
8355,69.457898,886686817,94.0,ice age: dawn of the dinosaurs,6.5,2271,"animation comedy family adventure iceage bridge insanity jungle dinosaur birth duringcreditsstinger 3d times are changing for manny the moody mammoth, sid the motor mouthed sloth and diego the crafty saber-toothed tiger. life heats up for our heroes when they meet some new and none-too-friendly neighbors – the mighty dinosaurs. you won't believe your ice!"
116745,43.348022,188133322,114.0,the secret life of walter mitty,7.0,3144,"adventure comedy drama fantasy himalaya photographer magazine iceland daydream photograph shark firedfromthejob skateboard dreamer onlinedating daydreaming a timid magazine photo manager who lives life vicariously through daydreams embarks on a true-life adventure when a negative goes missing. stop dreaming, start living"
4327,40.20395,264105545,98.0,charlie's angels,5.6,1232,"action adventure comedy crime thriller martialarts femalefriendship millionaire agent aspects of this take on the 1970s hit tv series are similar to the original show :angels dylan, natalie and alex still work for charlie and interface with bosley. they still flip their hair, stop traffic with a smile and kick butt. the differences are the unsubtle humor, the martial arts training and the high-tech premise: this time, they're hot on the trail of stolen software. get some action"
1422,63.429157,289847354,151.0,the departed,7.9,4339,"drama thriller crime undercover boston police friends mafia undercovercop mobster mole statepolice policetraining realtor to take down south boston's irish mafia, the police send in one of their own to infiltrate the underworld, not realizing the syndicate has done likewise. while an undercover cop curries favor with the mob kingpin, a career criminal rises through the police ranks. but both sides soon discover there's a mole among them. lies. betrayal. sacrifice. how far will you take it?"
10674,67.427755,304320254,88.0,mulan,7.6,2008,"animation family adventure homeland musical training daughter cricket princess dragon luck a tomboyish girl disguises herself as a young man so she can fight with the imperial chinese army against the invading huns. with help from wise-cracking dragon mushu, mulan just might save her country -- and win the heart of handsome captain li shang. this time, the princess saves the prince."
7446,43.192048,188072649,107.0,tropic thunder,6.5,1667,"action comedy filmmaking satire jungle moviestar southeastasia landmine shackles warfilmmaking duringcreditsstinger blackface methodacting vietnam veteran 'four leaf' tayback's memoir, tropic thunder, is being made into a film, but director damien cockburn can’t control the cast of prima donnas. behind schedule and over budget, cockburn is ordered by a studio executive to get filming back on track, or risk its cancellation. on tayback's advice, cockburn drops the actors into the middle of the jungle to film the remaining scenes but, unbeknownst to the actors and production, the group have been dropped in the middle of the golden triangle, the home of heroin-producing gangs. the movie they think they're making... isn't a movie anymore."
65754,47.651083,232617430,158.0,the girl with the dragon tattoo,7.2,2434,"thriller crime mystery drama rape journalist basedonnovel journalism hacker nazis punk investigation remake antisocialpersonalitydisorder serialkiller disappearance hacking computerhacker biblequote scandinavian abuse this english-language adaptation of the swedish novel by stieg larsson follows a disgraced journalist, mikael blomkvist, as he investigates the disappearance of a weary patriarch's niece from 40 years ago. he is aided by the pierced, tattooed, punk computer hacker named lisbeth salander. as they work together in the investigation, blomkvist and salander uncover immense corruption beyond anything they have ever imagined. evil shall with evil be expelled."
1572,51.881077,366101666,128.0,die hard: with a vengeance,6.9,2066,"action thriller bomb taxi riddle robbery detective helicopter gold subway ship fistfight police sequel deception shootout newyorkcity explosion violence carchase fbiagent simonsays flashback dumptruck aqueduct actionhero federalreservebank new york detective john mcclane is back and kicking bad-guy butt in the third installment of this action-packed series, which finds him teaming with civilian zeus carver to prevent the loss of innocent lives. mcclane thought he'd seen it all, until a genius named simon engages mcclane, his new ""partner"" -- and his beloved city -- in a deadly game that demands their concentration. think fast. look alive. die hard."
10528,57.834787,524028679,128.0,sherlock holmes,7.0,5766,"action adventure crime mystery detective scotlandyard coffin blackmagic arrest partner sherlockholmes murder steampunk pentagram clue eccentric consulting detective, sherlock holmes and doctor john watson battle to bring down a new nemesis and unravel a deadly plot that could destroy england. nothing escapes him."
271969,29.608322,94061311,125.0,ben-hur,5.3,621,drama betrayal vengeance a falsely accused nobleman survives years of slavery to take vengeance on his best friend who betrayed him. first to finish. last to die.
10865,51.548589,186053725,95.0,atlantis: the lost empire,6.7,1224,"animation family adventure sciencefiction sea atlantis animation underwater seamonster the world's most highly qualified crew of archaeologists and explorers is led by historian milo thatch as they board the incredible 1,000-foot submarine ulysses and head deep into the mysteries of the sea. atlantis is waiting..."
2253,38.832842,200276000,121.0,valkyrie,6.7,1173,"drama thriller history war berlin suicide bomb assassination resistance wifehusbandrelationship worldwarii adolfhitler plan friendship deception treason colonel militaryofficer plot germanofficer pianowire medal violence wounded in africa during world war ii, nazi col. claus von stauffenberg returns to his native germany and joins the resistance in a daring plan to create a shadow government and assassinate adolf hitler. when events unfold so that he becomes a central player, he finds himself tasked with both leading the coup and personally killing the führer. many saw evil. they dared to stop it."
10661,40.597344,201596308,113.0,you don't mess with the zohan,5.5,1048,comedy action newyork israel middleeast hairdresser ladykiller mossad israeli palestinian heart-throb middleeastconflict hairstyle hackysack an israeli counterterrorism soldier with a secretly fabulous ambition to become a manhattan hairstylist. zohan's desire runs so deep that he'll do anything -- including faking his own death and going head-to-head with an arab cab driver -- to make his dreams come true. lather. rinse. save the world.
257344,140.849495,243637091,105.0,pixels,5.6,2513,action comedy sciencefiction videogame nerd alienattack 3d pixels video game experts are recruited by the military to fight 1980s-era video game characters who've attacked new york. game on.
644,34.035114,235926552,146.0,a.i. artificial intelligence,6.8,1974,"drama sciencefiction adventure artificialintelligence prophecy prostitute android lossofmother extraterrestrialtechnology iceage adoption fairytale pinocchio prosecution gigolo hologram dystopia alien destiny capture doppelganger a robotic boy, the first programmed to love, david is adopted as a test case by a cybertronics employee and his wife. though he gradually becomes their child, a series of unexpected circumstances make this life impossible for david. without final acceptance by humans or machines, david embarks on a journey to discover where he truly belongs, uncovering a world in which the line between robot and machine is both vast and profoundly thin. david is 11 years old. he weighs 60 pounds. he is 4 feet, 6 inches tall. he has brown hair. his love is real. but he is not."
686,55.249434,171120329,150.0,contact,7.2,1308,"drama sciencefiction mystery basedonnovel nasa newmexico extraterrestrialtechnology primenumber star radiowave wormhole fanatic spirituality religion scientist sabotage hamradio aliencontact mechanicalengineering observatory eccentricman radiotelescope contact is a science fiction film about an encounter with alien intelligence. based on the novel by carl sagan the film starred jodie foster as the one chosen scientist who must make some difficult decisions between her beliefs, the truth, and reality. if it's just us, it seems like an awful waste of space."
9383,28.200874,190213455,112.0,hollow man,5.6,634,"action sciencefiction thriller killing humanexperimentation scientist invisibleman scienceexperiment cocky researcher, sebastian caine is working on a project to make living creatures invisible and he's so confident he's found the right formula that he tests it on himself and soon begins to vanish. the only problem is – no-one can determine how to make him visible again. caine's predicament eventually drives him mad, with terrifying results. what would you do if you knew you couldn't be seen?"
76285,40.262261,174578751,106.0,percy jackson: sea of monsters,5.9,1648,"adventure family fantasy poison hermes poseidon demigod goldenfleece olympus 3d kronos overthrowolympus basedonyoungadultnovel in their quest to confront the ultimate evil, percy and his friends battle swarms of mythical creatures to find the mythical golden fleece and to stop an ancient evil from rising. where there are gods, there are monsters."
1996,56.811056,156505388,117.0,lara croft tomb raider: the cradle of life,5.5,1418,"action adventure fantasy thriller riddle treasure medallion kenia alexanderthegreat pandora'sbox chinesemafia treasurehunt hongkong archaeologist basedonvideogame archeology  lara croft ventures to an underwater temple in search of the mythological pandora's box but, after securing it, it is promptly stolen by the villainous leader of a chinese crime syndicate. lara must recover the box before the syndicate's evil mastermind uses it to construct a weapon of catastrophic capabilities. adventuress lara croft goes on a quest to save the mythical pandora's box"
291805,51.535701,334901337,129.0,now you see me 2,6.7,3235,"action adventure comedy crime mystery thriller londonengland china magic secretsociety vigilante sequel revenge heist ontherun macauchina magician one year after outwitting the fbi and winning the public’s adulation with their mind-bending spectacles, the four horsemen resurface only to find themselves face to face with a new enemy who enlists them to pull off their most dangerous heist yet. you haven't seen anything yet"
1535,27.166757,143049560,126.0,spy game,6.8,579,"action crime thriller spy china cia coldwar veteran spy nathan muir is on the verge of retiring from the cia when he learns that his one-time protégé and close friend, tom bishop, is a political prisoner sentenced to die in beijing. although their friendship has been marred by bad blood and resentment, muir agrees to take on the most dangerous mission of his career and rescue bishop. it's not how you play the game. it's how the game plays you."
46195,46.200042,484635760,96.0,rio,6.5,2166,"animation adventure comedy family brazil pet bird musical canary samba animal duringcreditsstinger rio1 río1 captured by smugglers when he was just a hatchling, a macaw named blu never learned to fly and lives a happily domesticated life in minnesota with his human friend, linda. blu is thought to be the last of his kind, but when word comes that jewel, a lone female, lives in rio de janeiro, blu and linda go to meet her. animal smugglers kidnap blu and jewel, but the pair soon escape and begin a perilous adventure back to freedom -- and linda. 1 out of every 8 americans is afraid of flying. most of them don't have feathers."
2277,24.939295,93700000,131.0,bicentennial man,6.9,963,"comedy sciencefiction android hologram freedom futuristic robot richard martin buys a gift, a new ndr-114 robot. the product is named andrew by the youngest of the family's children. ""bicentennial man"" follows the life and times of andrew, a robot purchased as a household appliance programmed to perform menial tasks. as andrew begins to experience emotions and creative thought, the martin family soon discovers they don't have an ordinary robot. one robot's 200 year journey to become an ordinary man."
9387,31.802807,79114085,129.0,conan the barbarian,6.6,650,"adventure fantasy action gladiator repayment despot barbarian swordandsorcery a film adaptation of the classic sword and sorcery hero, conan the barbarian. a horde of rampaging warriors massacre the parents of young conan and enslave the young child for years on the wheel of pain. as the sole survivor of the childhood massacre, conan is released from slavery and taught the ancient arts of fighting. transforming himself into a killing machine, conan travels into the wilderness to seek vengeance on thulsa doom, the man responsible for killing his family. in the wilderness, conan takes up with the thieves valeria and subotai. the group comes upon king osric, who wants the trio of warriors to help rescue his daughter who has joined doom in the hills. thief. warrior. gladiator. king."
921,24.100863,108539911,144.0,cinderella man,7.3,616,"romance drama history transporter netherlands worldcup sociallydeprivedfamily family'sdailylife boxer boxingmatch comeback training heavyweight folkhero biography daughter defeat sport the true story of boxer, jim braddock who, in the 1920’s after his retirement, has a surprise comeback in order to get him and his family out of a socially poor state. one man's extraordinary fight to save the family he loved."
664,32.079995,494471524,113.0,twister,6.1,950,"action adventure drama wifehusbandrelationship tornado twister oklahoma metereologist invention climate barn naturaldisaster cow truck disaster auntniecerelationship stormchaser divorce tv weatherman bill harding is trying to get his tornado-hunter wife, jo, to sign divorce papers so he can marry his girlfriend melissa. but mother nature, in the form of a series of intense storms sweeping across oklahoma, has other plans. soon the three have joined the team of stormchasers as they attempt to insert a revolutionary measuring device into the very heart of several extremely violent tornados. the dark side of nature."
8358,57.739713,429632142,143.0,cast away,7.5,3218,"adventure drama exoticisland suicideattempt volleyball loneliness airplanecrash desertedisland tropicalisland survivalskills chuck, a top international manager for fedex, and kelly, a ph.d. student, are in love and heading towards marriage. then chuck's plane to malaysia ditches at sea during a terrible storm. he's the only survivor, and he washes up on a tiny island with nothing but some flotsam and jetsam from the aircraft's cargo. at the edge of the world, his journey begins."
9836,37.272385,384335608,108.0,happy feet,5.9,1410,"animation comedy ocean fish zoo penguin tapdancing love crush snow anthropomorphism singing antarctica family duringcreditsstinger into the world of the emperor penguins, who find their soul mates through song, a penguin is born who cannot sing. but he can tap dance something fierce! warning: may cause toe-tapping."
2502,53.213931,288500217,108.0,the bourne supremacy,7.2,2825,"action drama thriller berlin assassin basedonnovel amnesia sniper lie sequel suspense ontherun shootout espionage violence footchase carchase explodinghouse thoughguy oneagainstmany railcar darkpast moscow handtohandcombat when a cia operation to purchase classified russian documents is blown by a rival agent, who then shows up in the sleepy seaside village where bourne and marie have been living. the pair run for their lives and bourne, who promised retaliation should anyone from his former life attempt contact, is forced to once again take up his life as a trained assassin to survive. they should have left him alone."
9772,36.38795,315156409,124.0,air force one,6.2,840,"action thriller prison corruption journalist whitehouse hostage ultimatum hostage-taking airforceone aerialcombat conspiracy gunfight fighterplane secretservice americanpresident handtohandcombat negotiation politicalprisoner airplanehijack russian terrorists conspire to hijack the aircraft with the president and his family on board. the commander in chief finds himself facing an impossible predicament: give in to the terrorists and sacrifice his family, or risk everything to uphold his principles - and the integrity of the nation. the fate of a nation rests on the courage of one man."
161,60.929352,450717150,116.0,ocean's eleven,7.2,3783,"thriller crime prison pickpocket stripclub conartist atlanticcity cockneyaccent lasvegas carddealer explosivesexpert blackandwhitescene male saltlakecityutah less than 24 hours into his parole, charismatic thief danny ocean is already rolling out his next plan: in one night, danny's hand-picked crew of specialists will attempt to steal more than $150 million from three las vegas casinos. but to score the cash, danny risks his chances of reconciling with ex-wife, tess. are you in or out?"
52451,36.605246,132274484,110.0,the three musketeers,5.6,924,adventure action thriller numberintitle historicalfiction musketeer 17thcentury 3d the hot-headed young d'artagnan along with three former legendary but now down on their luck musketeers must unite and defeat a beautiful double agent and her villainous employer from seizing the french throne and engulfing europe in war. every legend has a new beginning.
76492,56.257411,358375603,91.0,hotel transylvania,6.8,2566,"animation comedy family fantasy witch magic mummy vampire dracula skeleton backpacker frankenstein wolfman zombie invisibleman duringcreditsstinger  nosferatu protectivefather fangvamp dracula, who operates a high-end resort away from the human world, goes into overprotective mode when a boy discovers the resort and falls for the count's teen-aged daughter. where monsters go to get away from it all"
4523,29.21998,340487652,107.0,enchanted,6.6,1449,"comedy family fantasy romance poison queen fairytale musical princess portal animation fantasyworld evilwitch partanimation the beautiful princess giselle is banished by an evil queen from her magical, musical animated land and finds herself in the gritty reality of the streets of modern-day manhattan. shocked by this strange new environment that doesn't operate on a ""happily ever after"" basis, giselle is now adrift in a chaotic world badly in need of enchantment. but when giselle begins to fall in love with a charmingly flawed divorce lawyer who has come to her aid - even though she is already promised to a perfect fairy tale prince back home - she has to wonder: can a storybook view of romance survive in the real world? this fairytale princess is about to meet a real prince charming"
59961,34.773106,208076205,115.0,safe house,6.3,1345,"action thriller cia violence safehouse rogueagent capetownsouthafrica soccerstadium a dangerous cia renegade resurfaces after a decade on the run. when the safe house he's remanded to is attacked by mercenaries, a rookie operative escapes with him. now, the unlikely allies must stay alive long enough to uncover who wants them dead. no one is safe"
59108,36.743324,152930623,104.0,tower heist,5.8,932,"action comedy skyscraper thanksgiving billionaire parade fbiagent apartment highrise femaleagent ponzischeme emptysafe capercomedy planning safecracker recruiting heistmovie deceit lobby a luxury condo manager leads a staff of workers to seek payback on the wall street swindler who defrauded them. with only days until the billionaire gets away with the perfect crime, the unlikely crew of amateur thieves enlists the help of petty crook slide to steal the $20 million they’re sure is hidden in the penthouse. ordinary guys. an extraordinary robbery."
1581,44.967453,194168700,136.0,the holiday,6.7,1225,"comedy romance holiday londonengland filmmaking christmasparty countryhouse roomexchange surrey romanticcomedy losangeles multiplestorylines womandirector christmas two women, one (cameron diaz) from america and one (kate winslet) from britain, swap homes at christmastime after bad breakups with their boyfriends. each woman finds romance with a local man (jude law, jack black) but realizes that the imminent return home may end the relationship. it's christmas eve and we are going to go celebrate being young and being alive."
9798,41.207568,250649836,132.0,enemy of the state,6.7,1240,"action drama thriller corruption washingtond.c. helicopter falselyaccused identity mexicanstandoff blackmail intelligence wiretap satellite nationalsecurityagency(nsa) politics explodingbuilding suspense mystery mafia conspiracy lawyer crime privacy surveillance baltimoremaryland secrethideout hotshot washington lawyer, robert dean becomes a victim of high-tech identity theft when a hacker slips an incriminating video into his pocket. soon, a rogue national security agent sets out to recover the tape – and destroy dean. it's not paranoia if they're really after you."
298,42.069993,311312624,122.0,ocean's thirteen,6.5,1999,"crime thriller casino thief revenge heist lasvegas pretendingtoberich laborstrike danny ocean's team of criminals are back and composing a plan more personal than ever. when ruthless casino owner willy bank doublecrosses reuben tishkoff, causing a heart attack, danny ocean vows that he and his team will do anything to bring down willy bank along with everything he's got. even if it means asking for help from an enemy. what are the odds of getting even? 13 to one."
7484,26.61951,197309027,83.0,open season,6.1,656,"adventure animation family hunter mountains garage grizzlybear bunny chase forest deer bear hunt boog, a domesticated 900lb. grizzly bear finds himself stranded in the woods 3 days before open season. forced to rely on elliot, a fast-talking mule deer, the two form an unlikely friendship and must quickly rally other forest animals if they are to form a rag-tag army against the hunters. one fur all & all fur one"
157350,80.316463,288747895,139.0,divergent,6.9,4663,"adventure action sciencefiction basedonnovel dystopia youth dystopicfuture castesystem divergent basedonyoungadultnovel in a world divided into factions based on personality types, tris learns that she's been classified as divergent and won't fit in. when she discovers a plot to destroy divergents, tris and the mysterious four must find out what makes divergents dangerous before it's too late. what makes you different makes you dangerous."
853,41.273567,96976270,131.0,enemy at the gates,7.2,999,war winter sniper worldwarii stalingrad enemy at the gates is a war film from jean-jacques annaud from 2001 that takes place during the battle of stalingard in world war ii between the russians and the germans. some men are born to be heroes.
10159,24.107835,80916492,104.0,the rundown,6.4,514,"adventure action comedy thriller hunter bounty bountyhunter fight amazon treasurehunt jungle when travis, the mouthy son of a criminal, disappears in the amazon in search of a treasured artifact, his father sends in beck, who becomes travis's rival for the affections of mariana, a mysterious brazilian woman. with his steely disposition, beck is a man of few words -- but it takes him all the discipline he can muster to work with travis to nab a tyrant who's after the same treasure. cut to the chase"
9593,32.044191,137298489,130.0,last action hero,6.1,712,"adventure fantasy action comedy family magic movieinmovie spoof magicalobject cartooncat ticket self-referential projectionist child'spointofview danny is obsessed with a fictional movie character action hero jack slater. when a magical ticket transports him into jack's latest adventure, danny finds himself in a world where movie magic and reality collide. now it's up to danny to save the life of his hero and new friend. this isn't the movies anymore."
1904,16.595874,162242962,145.0,memoirs of a geisha,7.3,652,"drama history romance japan prostitute sistersisterrelationship brothel worldwarii geisha a sweeping romantic epic set in japan in the years before world war ii, a penniless japanese child is torn from her family to work as a maid in a geisha house. my world is as forbidden as it is fragile; without its mysteries, it cannot survive."
9615,8.282876,158468292,104.0,the fast and the furious: tokyo drift,6.1,1705,"action crime drama thriller carrace carjourney carmechanic auto cargarage auto-tuning drifting car automobileracing in order to avoid a jail sentence, sean boswell heads to tokyo to live with his military father. in a low-rent section of the city, shaun gets caught up in the underground world of drift racing on the streets of tokyo, speed needs no translation..."
297,36.069611,142940100,178.0,meet joe black,6.9,1147,"fantasy drama mystery lifeanddeath loveatfirstsight brokenengagement fireworks religionandsupernatural teenagecrush fate doctor millionaire when the grim reaper comes to collect the soul of megamogul bill parrish, he arrives with a proposition: host him for a ""vacation"" among the living in trade for a few more days of existence. parrish agrees, and using the pseudonym joe black, death begins taking part in parrish's daily agenda and falls in love with the man's daughter. yet when black's holiday is over, so is parrish's life. sooner or later everyone does."
62764,48.126297,183018522,106.0,mirror mirror,5.5,1114,"adventure fantasy drama comedy sciencefiction family attemptedmurder fairytale blackmagic cockroach villainess goodvsevil womanfightsman insecurity mirror snowkingdom snowwhite evilqueen enchantress gala financialproblem pendant halfnakedman returningmoney evilplot duringcreditsstinger after she spends all her money, an evil enchantress queen schemes to marry a handsome, wealthy prince. there's just one problem - he's in love with a beautiful princess, snow white. now, joined by seven rebellious dwarves, snow white launches an epic battle of good vs. evil... the snow white legend comes alive."
22538,38.885195,47664559,112.0,scott pilgrim vs. the world,7.2,2126,"action adventure comedy whipping hipster underagegirlfriend animatedflashback character'spointofviewcamerashot unconsciousness girlfight vegan aftercreditsstinger scott pilgrim is a film adaptation of the critically acclaimed, award-winning series of graphic novels of the same name by canadian cartoonist bryan lee o’malley. scott pilgrim is a 23 year old canadian slacker and wannabe rockstar who falls in love with an american delivery girl, ramona v. flowers, and must defeat her seven ""evil exes"" to be able to date her. get the hot girl. defeat her evil exes. hit love where it hurts."
9341,29.211255,74208267,136.0,the core,5.4,516,"action thriller adventure sciencefiction magneticfield centeroftheearth disasterfilm geophysicist dr. josh keyes discovers that an unknown force has caused the earth's inner core to stop rotating. with the planet's magnetic field rapidly deteriorating, our atmosphere literally starts to come apart at the seams with catastrophic consequences. to resolve the crisis, keyes, along with a team of the world's most gifted scientists, travel into the earth's core. their mission: detonate a device that will reactivate the core. earth has a deadline."
9637,31.435539,275650703,88.0,scooby-doo,5.4,820,"mystery adventure comedy amateurdetective voodoo resort crimesolving the mystery inc. gang have gone their separate ways and have been apart for two years, until they each receive an invitation to spooky island. not knowing that the others have also been invited, they show up and discover an amusement park that affects young visitors in very strange ways. get a clue"
49049,57.673932,41037742,95.0,dredd,6.6,1940,"action sciencefiction usa corruption crimefighter judge metropolis law post-apocalyptic dystopia executivecase police futuristic basedoncomicbook gore survival gunfight gangster extremeviolence psychic violence criminal justice druglord basedongraphicnovel dystopicfuture darkhumor expertmarksman rookie dredd 2000ad in the future, america is a dystopian wasteland. the latest scourge is ma-ma, a prostitute-turned-drug pusher with a dangerous new drug and aims to take over the city. the only possibility of stopping her is an elite group of urban police called judges, who combine the duties of judge, jury and executioner to deliver a brutal brand of swift justice. but even the top-ranking judge, dredd, discovers that taking down ma-ma isn’t as easy as it seems in this explosive adaptation of the hugely popular comic series. judgement is coming"
9339,41.176631,237681299,107.0,click,6.0,2104,comedy drama fantasy romance regret workaholic heartattack architect dyinganddeath timetravel remotecontrol children liposuction hospital wedding dog secondchance alternatereality fatherhood obese a workaholic architect finds a universal remote that allows him to fast-forward and rewind to different parts of his life. complications arise when the remote starts to overrule his choices. what if you had a remote... that controlled your universe?
8247,21.218,222231186,88.0,jumper,5.9,1799,"adventure fantasy sciencefiction adolescence basedonnovel lossofchild fight chase teleportation supernaturalpowers leapintime enemy motherlylove david rice is a man who knows no boundaries, a jumper, born with the uncanny ability to teleport instantly to anywhere on earth. when he discovers others like himself, david is thrust into a dangerous and bloodthirsty war while being hunted by a sinister and determined group of zealots who have sworn to destroy all jumpers. now, david’s extraordinary gift may be his only hope for survival! anywhere is possible."
11253,58.57976,160388063,120.0,hellboy ii: the golden army,6.5,1527,"adventure fantasy sciencefiction auction northernireland resignation superhero rebellion violence spear cutarm splitscreen superheroteam armrippedoff supervillain remorse selfexile vanishingfigure fathersonconflict in this continuation to the adventure of the demon superhero, an evil elf breaks an ancient pact between humans and creatures, as he declares war against humanity. he is on a mission to release the golden army, a deadly group of fighting machines that can destroy the human race. as hell on earth is ready to erupt, hellboy and his crew set out to defeat the evil prince. saving the world is a hell of a job."
1949,51.970905,84785914,157.0,zodiac,7.3,2023,"crime drama mystery thriller california sanfrancisco killing journalist newspaper massmurder plannedmurder embassy victim threattodeath victimofmurder code police murder serialkiller reporter the true story of the investigation of 'the zodiac killer',  a serial killer who terrified the san francisco bay area, taunting police with his ciphers and letters. the case becomes an obsession for four men as their lives and careers are built and destroyed by the endless trail of clues. there's more than one way to lose your life to a killer."
8452,18.447479,96085477,123.0,the 6th day,5.7,595,sciencefiction clone future murder cloning lasergun dystopicfuture implantedmemory sci-fithriller futuristic action about a man who meets a clone of himself and stumbles into a grand conspiracy about clones taking over the world. are you who you think you are
310,109.684788,484572835,101.0,bruce almighty,6.4,3012,"fantasy comedy christianity moon responsability moses streetgang lovesickness journalism newlove faith prayer god carcrash bruce nolan toils as a ""human interest"" television reporter in buffalo, n.y. despite his high ratings and the love of his beautiful girlfriend, grace, bruce remains unfulfilled. at the end of the worst day in his life, he angrily ridicules god -- and the almighty responds, endowing bruce with all of his divine powers. in bruce we trust"
27578,77.580661,274470394,103.0,the expendables,6.0,2926,"thriller adventure action tattoo martialarts sniper island mercenary bridge rescue escape church drug blade ensemblecast duringcreditsstinger barney ross leads a band of highly skilled mercenaries including knife enthusiast lee christmas, a martial arts expert, heavy weapons specialist, demolitionist, and a loose-cannon sniper. when the group is commissioned by the mysterious mr. church to assassinate the dictator of a small south american island, barney and lee visit the remote locale to scout out their opposition and discover the true nature of the conflict engulfing the city. choose your weapon."
954,75.290998,457696359,110.0,mission: impossible,6.7,2631,"adventure action thriller paris londonengland spy cia terrorist secretidentity undercover armsdeal headquarter secretbase secretmission prague embassy secretagent tgv computer mission basedontvseries espionage agent when ethan hunt, the leader of a crack espionage team whose perilous operation has gone awry with no explanation, discovers that a mole has penetrated the cia, he's surprised to learn that he's the no. 1 suspect. to clear his name, hunt now must ferret out the real double agent and, in the process, even the score. expect the impossible."
70160,68.550698,691210692,142.0,the hunger games,6.9,9455,"sciencefiction adventure fantasy hallucination dystopia femaleprotagonist bowandarrow knifethrowing knifefight game archery blindness glamour roastedpig sponsor chariot fictionaltvshow mineexplosion basedonyoungadultnovel every year in the ruins of what was once north america, the nation of panem forces each of its twelve districts to send a teenage boy and girl to compete in the hunger games.  part twisted entertainment, part government intimidation tactic, the hunger games are a nationally televised event in which “tributes” must fight with one another until one survivor remains.  pitted against highly-trained tributes who have prepared for these games their entire lives, katniss is forced to rely upon her sharp instincts as well as the mentorship of drunken former victor haymitch abernathy.  if she’s ever to return home to district 12, katniss must make impossible choices in the arena that weigh survival against humanity and life against love. the world will be watching. may the odds be ever in your favor."
45243,58.040149,254455986,102.0,the hangover part ii,6.2,3739,"comedy sunglasses interpol undercovercop hangover duringcreditsstinger the hangover crew heads to thailand for stu's wedding. after the disaster of a bachelor party in las vegas last year, stu is playing it safe with a mellow pre-wedding brunch. however, nothing goes as planned and bangkok is the perfect setting for another adventure with the rowdy group. the wolfpack is back"
364,59.113174,280000000,126.0,batman returns,6.6,1673,"action fantasy holiday corruption doublelife dccomics crimefighter hallucination christmastree gothamcity vigilante superhero violence darkhero fictionalcity supervillain superpowers deformed birdcage evilcircus christmasholiday having defeated the joker, batman now faces the penguin - a warped and deformed individual who is intent on being accepted into gotham society. crooked businessman max schreck is coerced into helping him become mayor of gotham and they both attempt to expose batman in a different light. selina kyle, max's secretary, is thrown from the top of a building and is transformed into catwoman - a mysterious figure who has the same personality disorder as batman. batman must attempt to clear his name, all the time deciding just what must be done with the catwoman. the bat, the cat, the penguin."
7518,36.32705,343397247,83.0,over the hedge,6.3,1074,"comedy animation family squirrel eatinganddrinking vororte garden grizzlybear entrapment suburbianidyll garbage forest turtle hidinginagarbagecontainer skunk racoon animal a scheming raccoon fools a mismatched family of forest creatures into helping him repay a debt of food, by invading the new suburban sprawl that popped up while they were hibernating – and learns a lesson about family himself. taking back the neighborhood... one snack at a time."
11544,55.659988,145771527,85.0,lilo & stitch,7.1,1314,"animation family sistersisterrelationship extraterrestrialtechnology hawaii adoption mutation alienlife-form alienphenomenons animation dog deadparents a lonely hawaiian girl named lilo is being raised by her older sister, nani, after their parents die -- under the watch of social worker cobra bubbles. when lilo adopts a funny-looking dog and names him ""stitch,"" she doesn't realize her new best friend is a wacky alien created by mad scientist dr. jumba. he's coming to our galaxy."
8656,34.070054,140464664,120.0,deep impact,5.9,855,"action drama romance usapresident nasa metereologist spacemission comet naturaldisaster tsunami astronomer astronaut womandirector disastermovie a seven-mile-wide space rock is hurtling toward earth, threatening to obliterate the planet. now, it's up to the president of the united states to save the world. he appoints a tough-as-nails veteran astronaut to lead a joint american-russian crew into space to destroy the comet before impact. meanwhile, an enterprising reporter uses her smarts to uncover the scoop of the century. heaven and earth are about to collide."
146216,44.34333,0,116.0,red 2,6.4,1526,action comedy crime thriller paris londonengland cia russia mi6 hiredkiller explodingairplane retired c.i.a. agent frank moses reunites his unlikely team of elite operatives for a global quest to track down a missing portable nuclear device. the best never rest.
9291,26.065735,190320568,113.0,the longest yard,6.2,785,"comedy drama prison americanfootball prisoner blackmail supervisor sport pro quarter-back, paul crewe and former college champion and coach, nate scarboro are doing time in the same prison. asked to put together a team of inmates to take on the guards, crewe enlists the help of scarboro to coach the inmates to victory in a football game 'fixed' to turn out quite another way. if you can't get out, get even."
109418,45.589568,246984278,100.0,grown ups 2,5.8,1155,"comedy  the all-star comedy cast from grown ups returns (with some exciting new additions) for more summertime laughs. lenny (adam sandler) has relocated his family back to the small town where he and his friends grew up. this time around, the grown ups are the ones learning lessons from their kids on a day notoriously full of surprises: the last day of school. just because they're a little older doesn't mean they've grown up."
11665,23.496054,230685453,110.0,get smart,6.0,1051,"action comedy thriller dancing spy terrorist traitor airplane violin basedontvseries legs when the identities of secret agents from control are compromised, the chief promotes hapless but eager analyst maxwell smart and teams him with stylish, capable agent 99, the only spy whose cover remains intact. can they work together to thwart the evil plans of kaos and its crafty operative? saving the world...and loving it!"
11324,81.914696,294804195,138.0,shutter island,7.8,6336,"drama thriller mystery basedonnovel island hurricane investigation psychiatrichospital u.s.marshal conspiracytheory 1950s world war ii soldier-turned-u.s. marshal teddy daniels investigates the disappearance of a patient from a hospital for the criminally insane, but his efforts are compromised by his troubling visions and also by a mysterious doctor. someone is missing."
9928,29.558157,260696994,91.0,robots,6.0,1333,"animation comedy family sciencefiction inventor businessman robot dishonesty rodney copperbottom is a young robot inventor who dreams of making the world a better place, until the evil ratchet takes over big weld industries. now, rodney's dreams – and those of his friends – are in danger of becoming obsolete. you can shine no matter what you're made of."
754,46.075037,245676146,138.0,face/off,6.8,1583,"action crime sciencefiction thriller undercover mexicanstandoff biologicalweapon facetransplant rageandhate fistfight hostility revenge deception tragedy shootout hospital boatchase losangeles explosion extremeviolence fbiagent prisonescape criminalgang flashback goldengun archvillain bulletballet an antiterrorism agent goes under the knife to acquire the likeness of a terrorist and gather details about a bombing plot. when the terrorist escapes custody, he undergoes surgery to look like the agent so he can get close to the agent's family. in order to catch him, he must become him."
10202,23.531721,212874442,99.0,bedtime stories,5.9,901,fantasy comedy family romance wishescometrue escapade disorder imaginary miraculousevent imaginarykingdom lifeturnedupsidedown nothinggoesright skeeter bronson is a down-on-his-luck guy who's always telling bedtime stories to his niece and nephew. but his life is turned upside down when the fantastical stories he makes up for entertainment inexplicably turn into reality. can a bewildered skeeter manage his own unruly fantasies now that the outrageous characters and situations from his mind have morphed into actual people and events? whatever they dream up... he has to survive.
4147,49.078546,181001478,117.0,road to perdition,7.3,1077,"thriller crime drama basedongraphicnovel homework shotinthechin softboiledegg learningtodrive spoiledson scarredface thompsonsubmachinegun frostonawindow cauterizingawound libertyhalfdollar mike sullivan works as a hit man for crime boss john rooney. sullivan views rooney as a father figure, however after his son is witness to a killing, mike sullivan finds himself on the run in attempt to save the life of his son and at the same time looking for revenge on those who wronged him. pray for michael sullivan."
50546,37.02665,214918407,117.0,just go with it,6.3,1543,"romance comedy beach fictitiousmarriage blackmail plasticsurgery marriage love beautifulwoman kidsandfamily a plastic surgeon, romancing a much younger schoolteacher, enlists his loyal assistant to pretend to be his soon to be ex-wife, in order to cover up a careless lie. when more lies backfire, the assistant's kids become involved, and everyone heads off for a weekend in hawaii that will change all their lives. sometimes a guy's best wingman... is a wingwoman"
1701,45.154631,224012234,115.0,con air,6.5,1270,"action thriller crime prison ambush helicopter airport gasstation undercover mexicanstandoff bravery hijacking escape shootout u.s.marshal lasvegas explosion brutality violence convict desert warhero deaagent motorcyclechase when the government puts all its rotten criminal eggs in one airborne basket, it's asking for trouble. before you can say, ""pass the barf bag,"" the crooks control the plane, led by creepy cyrus ""the virus"" grissom. watching his every move is the just-released cameron poe, who'd rather reunite with his family. they were deadly on the ground; now they have wings"
13027,46.887983,178066569,118.0,eagle eye,6.3,1018,"mystery thriller action artificialintelligence washingtond.c. secretidentity hostage technology fbi pentagon twinbrother fbiagent jerry shaw and rachel holloman are two strangers whose lives are suddenly thrown into turmoil by a mysterious woman they have never met. threatening their lives and family, the unseen caller uses everyday technology to control their actions and push them into increasing danger. as events escalate, jerry and rachel become the country's most-wanted fugitives and must figure out what is happening to them. don't walk. run."
2289,24.598479,173013509,154.0,cold mountain,6.7,533,"drama lossoflover lossoffamily deserter lossoffather loveofone'slife in this classic story of love and devotion set against the backdrop of the american civil war, a wounded confederate soldier named w.p. inman deserts his unit and travels across the south, aiming to return to his young wife, ada, who he left behind to tend their farm. as inman makes his perilous journey home, ada struggles to keep their home intact with the assistance of ruby, a mysterious drifter sent to help her by a kindly neighbor. find the strength. find the courage. no matter what it takes... find the way home."
20504,32.363538,157107755,118.0,the book of eli,6.6,2164,"action thriller sciencefiction book post-apocalyptic dystopia faith blind a post-apocalyptic tale, in which a lone man fights his way across america in order to protect a sacred book that holds the secrets to saving humankind. some will kill to have it. he will kill to protect it."
9574,11.50396,177977226,93.0,flubber,5.3,695,"comedy family sciencefiction weddingvows inventor slime green flight madscientist wedding professor phillip brainard, an absent minded professor, works with his assistant weebo, trying to create a substance that's a new source of energy and that will save medfield college where his sweetheart sara is the president. he has missed his wedding twice, and on the afternoon of his third wedding, professor brainard creates flubber, which allows objects to fly through the air. catch it if you can!"
2300,36.125715,250200000,88.0,space jam,6.5,1288,"animation comedy drama family fantasy sport basketball doctor basketballteam basketballgame referee basketballcourt tweetybird speedygonzales cartoonchicken sylvesterthecat cartoonrealitycrossover basketballhoop cartoonskunk in a desperate attempt to win a basketball match and earn their freedom, the looney tunes seek the aid of retired basketball champion, michael jordan. get ready to jam."
12096,25.450534,0,93.0,the pink panther,5.6,550,"action comedy crime mystery family robbery investigation inspector killer clouseau pinkpanther murderhunt when the coach of the france soccer team is killed by a poisoned dart in the stadium in the end of a game, and his expensive and huge ring with the diamond pink panther disappears, the ambitious chief inspector dreyfus assigns the worst police inspector jacques clouseau to the case. pardon his french."
10200,41.890722,233093859,104.0,the day the earth stood still,5.2,1043,"drama sciencefiction thriller extraterrestrialtechnology spacecraft ultimatum evacuation panic government remake ufo alien endoftheworld giantrobot tank socialcommentary poweroutage interrogation environmentalism threat aliencontact centralpark messenger nanobots disintegration a representative of an alien race that went through drastic evolution to survive its own climate change, klaatu comes to earth to assess whether humanity can prevent the environmental damage they have inflicted on their own planet. when barred from speaking to the united nations, he decides humankind shall be exterminated so the planet can survive. 12.12.08 is the day the earth stood still"
228150,139.575085,211817906,135.0,fury,7.4,3946,"war drama action worldwarii nazis war nazigermany panzer tank last months of world war ii in april 1945. as the allies make their final push in the european theater, a battle-hardened u.s. army sergeant in the 2nd armored division named wardaddy commands a sherman tank called ""fury"" and its five-man crew on a deadly mission behind enemy lines. outnumbered and outgunned, wardaddy and his men face overwhelming odds in their heroic attempts to strike at the heart of nazi germany. war never ends quietly."
9023,41.670544,122563539,83.0,spirit: stallion of the cimarron,7.4,831,"western animation adventure comedy family humanbeing freedom mustang rivalry wildlife animation cavalry indianwar eyebrow wildhorse as a wild stallion travels across the frontiers of the old west, he befriends a young human and finds true love with a mare. leader. hero. legend."
159824,61.692197,473226958,89.0,hotel transylvania 2,6.7,1497,"animation comedy family transylvania hotel witch technology magic mummy dracula skeleton onlychild backpacker marriage frankenstein wolfman zombie movingout invisibleman newlife when the old-old-old-fashioned vampire vlad arrives at the hotel for an impromptu family get-together, hotel transylvania is in for a collision of supernatural old-school and modern day cool. they're back to raise a little terror"
2135,25.978555,123729176,96.0,the time machine,5.8,631,"sciencefiction adventure action future timemachine hoping to alter the events of the past, a 19th century inventor instead travels 800,000 years into the future, where he finds humankind divided into two warring races. the greatest adventure through all time!"
9705,36.788745,147080413,99.0,swordfish,6.1,932,"action crime thriller femalenudity hacker terrorism violence ex-con wire losangelesinternationalairport(lax) misdirection aftercreditsstinger rogue agent gabriel shear is determined to get his mitts on $9 billion stashed in a secret drug enforcement administration account. he wants the cash to fight terrorism, but lacks the computer skills necessary to hack into the government mainframe. enter stanley jobson, a n'er-do-well encryption expert who can log into anything. log on. hack in. go anywhere. get everything."
1656,31.054334,142400065,129.0,the legend of zorro,5.9,893,"action adventure california spy fathersonrelationship mexico hero marriagecrisis swordfight divorce americancivilwar having spent the last 10 years fighting injustice and cruelty, alejandro de la vega is now facing his greatest challenge: his loving wife elena has thrown him out of the house!  elena has filed for divorce and found comfort in the arms of count armand, a dashing french aristocrat.  but alejandro knows something she doesn't: armand is the evil mastermind behind a terrorist plot to destroy the united states.  and so, with his marriage and the county's future at stake, it's up to zorro to save two unions before it's too late. the original caped crusader is back!"
12159,21.891078,71485043,113.0,what dreams may come,6.8,577,"drama fantasy romance paradise soul underworld heaven painting hell afterlife spiritism chris neilson dies to find himself in a heaven more amazing than he could have ever dreamed of. there is one thing missing: his wife. after he dies, his wife, annie killed herself and went to hell. chris decides to risk eternity in hades for the small chance that he will be able to bring her back to heaven. after life there is more. the end is just the beginning."
4442,40.138009,105316267,118.0,the brothers grimm,5.6,818,"adventure fantasy action comedy thriller brotherbrotherrelationship literature aftercreditsstinger folklore collectors and con artists, jake and will grimm, travel from village to village pretending to protect townsfolk from enchanted creatures and performing exorcisms. however, they are put to the test  when they encounter a real magical curse in a haunted forest with real magical beings, requiring genuine courage. eliminating evil since 1812."
75,44.090535,101371017,106.0,mars attacks!,6.1,1509,"comedy fantasy sciencefiction savingtheworld totaldestruction whitehouse mars usapresident cataclysm lasergun ambassador congress pest flyingsaucer 'we come in peace' is not what those green men from mars mean when they invade our planet, armed with irresistible weapons and a cruel sense of humor.  this star studded cast must play victim to the alien’s fun and games in this comedy homage to science fiction films of the '50s and '60s. nice planet. we'll take it!"
19959,36.664991,122444772,89.0,surrogates,5.9,1195,"action sciencefiction thriller clone dystopia set in a futuristic world where humans live in isolation and interact through surrogate robots, a cop is forced to leave his home for the first time in years in order to investigate the murders of others' surrogates. how do you save humanity when the only thing that's real is you?"
274854,52.612025,146936910,106.0,the last witch hunter,5.7,1316,"fantasy action adventure newyork witch uprising witchhunter the modern world holds many secrets, but by far the most astounding is that witches still live among us; vicious supernatural creatures intent on unleashing the black death upon the world and putting an end to the human race once and for all. armies of witch hunters have battled this unnatural enemy for centuries, including kaulder, a valiant warrior who many years ago slayed the all-powerful witch queen, decimating her followers in the process. in the moments right before her death, the queen cursed kaulder with immortality, forever separating him from his beloved wife and daughter. today, kaulder is the last living hunter who has spent his immortal life tracking down rogue witches, all the while yearning for his long-lost family. hunt forever."
9992,27.097932,107944236,94.0,arthur and the invisibles,6.0,639,"adventure fantasy animation family grandfathergrandsonrelationship wretch treasurehunt disappearance family fantasyworld arthur is a spirited ten-year old whose parents are away looking for work, whose eccentric grandfather has been missing for several years, and who lives with his grandmother in a country house that, in two days, will be repossessed, torn down, and turned into a block of flats unless arthur's grandfather returns to sign some papers and pay off the family debt. arthur discovers that the key to success lies in his own descent into the land of the minimoys, creatures no larger than a tooth, whom his grandfather helped relocate to their garden. somewhere among them is hidden a pile of rubies, too. can arthur be of stout heart and save the day? romance beckons as well, and a villain lurks. adventure awaits in your own backyard."
76649,50.561849,117831631,105.0,pompeii,5.2,1267,"action adventure history romance drama gladiator arena gladiatorfight lava roman forbiddenlove naturaldisaster epic disaster slave towninpanic vulcan volcaniceruption pompeii 3d set in 79 a.d., pompeii tells the epic story of milo, a slave turned invincible gladiator who finds himself in a race against time to save his true love cassia, the beautiful daughter of a wealthy merchant who has been unwillingly betrothed to a corrupt roman senator. as mount vesuvius erupts in a torrent of blazing lava, milo must fight his way out of the arena in order to save his beloved as the once magnificent pompeii crumbles around him. no warning. no escape."
453,59.248437,313542341,135.0,a beautiful mind,7.7,3009,"drama romance individual schizophrenia massachusetts loveofone'slife intelligence mathematician marketeconomy economictheory princetonuniversity nobelprize mathematicaltheorem m.i.t. mathematics delusion at princeton university, john nash struggles to make a worthwhile contribution to serve as his legacy to the world of mathematics. he finally makes a revolutionary breakthrough that will eventually earn him the nobel prize. after graduate school he turns to teaching, becoming romantically involved with his student alicia. meanwhile the government asks his help with breaking soviet codes, which soon gets him involved in a terrifying conspiracy plot. nash grows more and more paranoid until a discovery that turns his entire world upside down. now it is only with alicia's help that he will be able to recover his mental strength and regain his status as the great mathematician we know him as today.. i need to believe that something extra ordinary is possible..."
8587,90.457886,788241776,89.0,the lion king,8.0,5376,family animation drama lossofparents wildboar uncle shaman redemption king scar hyena meerkat a young lion cub named simba can't wait to be king. but his uncle craves the title for himself and will stop at nothing to get it. life's greatest adventure is finding your place in the circle of life.
72545,40.723459,355692760,94.0,journey 2: the mysterious island,5.8,1030,"adventure action sciencefiction mission mysteriousisland missingperson duringcreditsstinger 3d sean anderson partners with his mom's boyfriend on a mission to find his grandfather, who is thought to be missing on a mythical island. believe the impossible. discover the incredible."
109451,41.247402,248384621,95.0,cloudy with a chance of meatballs 2,6.4,915,"animation family comedy inventor food scientist after the disastrous food storm in the first film, flint and his friends are forced to leave the town. flint accepts the invitation from his idol chester v to join the live corp company, which has been tasked to clean the island, and where the best inventors in the world create technologies for the betterment of mankind. when flint discovers that his machine still operates and now creates mutant food beasts like living pickles, hungry tacodiles, shrimpanzees and apple pie-thons, he and his friends must return to save the world. something big was leftover."
9533,10.083905,209196298,124.0,red dragon,6.7,1115,"crime thriller horror psychopath serialkiller fbiagent former fbi agent will graham, who was once almost killed by the savage hannibal 'the cannibal' lecter, now has no choice but to face him again, as it seems lecter is the only one who can help graham track down a new serial killer. before the silence."
71880,22.132418,149673788,91.0,jack and jill,4.1,604,"comedy duringcreditsstinger jack sadelstein, a successful advertising executive in los angeles with a beautiful wife and kids, dreads one event each year: the thanksgiving visit of his twin sister jill. jill's neediness and passive-aggressiveness is maddening to jack, turning his normally tranquil life upside down. his twin sister is coming for the holidays... ...and it ain't pretty."
584,10.520961,236350661,107.0,2 fast 2 furious,6.2,2028,"action crime thriller miami carrace sportscar losangeles car automobileracing it's a major double-cross when former police officer brian o'conner teams up with his ex-con buddy roman pearce to transport a shipment of ""dirty"" money for shady miami-based import-export dealer carter verone. but the guys are actually working with undercover agent monica fuentes to bring verone down. how fast do you want it?"
309809,35.384423,97571250,92.0,the little prince,7.6,756,"adventure animation fantasy philosophy utopia airplane adventure dystopia littleboy growingup neighbor motherdaughterrelationship school oldman littlegirl crazy basedonchildren'sbook story socialdifferences 3d based on the best-seller book 'the little prince', the movie tells the story of a little girl that lives with resignation in a world where efficiency and work are the only dogmas. everything will change when accidentally she discovers her neighbor that will tell her about the story of the little prince that he once met. growing up isn't the problem... forgetting is."
328111,31.482872,875958308,87.0,the secret life of pets,5.9,3462,"animation family pet bunny anthropomorphism dog animal apartmentbuilding sewer terrier manhattan,newyorkcity rodent mongrel the quiet life of a terrier named max is upended when his owner takes in duke, a stray whom max instantly dislikes. think this is what they do all day?"
8698,47.436675,179265204,110.0,the league of extraordinary gentlemen,5.7,1155,"fantasy action thriller sciencefiction savingtheworld vampire bite men invisibleman captainnemo allanquatermain venezia immortal to prevent a world war from breaking out, famous characters from victorian literature band together to do battle against a cunning villain. the power of seven become a league of one."
93456,136.886704,970761885,98.0,despicable me 2,7.0,4637,animation comedy family secretagent bakery fallinginlove fatherdaughterrelationship duringcreditsstinger firstdate minions 3d gru is recruited by the anti-villain league to help deal with a powerful new super criminal. back 2 work
602,60.442593,816969268,145.0,independence day,6.7,3260,"action adventure sciencefiction spacecraft patriotism countdown independence invasion war ufo extraterrestrial spaceship alien battle on july 2, a giant alien mothership enters orbit around earth and deploys several dozen saucer-shaped 'destroyer' spacecraft that quickly lay waste to major cities around the planet. on july 3, the united states conducts a coordinated counterattack that fails. on july 4, a plan is devised to gain access to the interior of the alien mothership in space, in order to plant a nuclear missile. earth. take a good look. it might be your last."
330,2.502487,229074524,129.0,the lost world: jurassic park,6.2,2487,"adventure action sciencefiction exoticisland dna paleontology tyrannosaurusrex velociraptor sandiego dinosaur jurassicpark animalhorror four years after jurassic park's genetically bred dinosaurs ran amok, multimillionaire john hammond shocks chaos theorist ian malcolm by revealing that hammond has been breeding more beasties at a secret location. malcolm, his paleontologist ladylove and a wildlife videographer join an expedition to document the lethal lizards' natural behavior in this action-packed thriller. something has survived."
953,48.110909,532680671,86.0,madagascar,6.6,3237,"family animation lion hippopotamus giraffe penguin zebra zoo animals leave the comforts of man-made habitats for exotic adventure in this animated family film. after escaping from the zoo, four friends -- a lion, a hippo, a zebra and a giraffe -- are sent back to africa. when their ship capsizes, stranding them on madagascar, an island populated by crazy critters, the pals must adapt to jungle life and their new roles as wild animals. someone's got a zoo loose."
9693,35.387874,69959751,109.0,children of men,7.4,2071,"drama action thriller sciencefiction policestate hippie rebel miracle future dystopia chaos aging childlessness faith survival birth dying in 2027, in a chaotic world in which humans can no longer procreate, a former activist agrees to help transport a miraculously pregnant woman to a sanctuary at sea, where her child's birth may help scientists save the future of humankind. the future's a thing of the past."
36657,4.66891,296339527,104.0,x-men,6.8,4097,"adventure action sciencefiction mutant marvelcomic superhero basedoncomicbook superhuman two mutants, rogue and wolverine, come to a private academy for their kind whose resident superhero team, the x-men, must oppose a terrorist organization with similar powers. evolution begins"
8909,73.82289,258270008,110.0,wanted,6.4,2528,"action thriller crime assassin lossoffather secretsociety missionofmurder revenge doormat wesley gibson discovers that his recently murdered father – who wesley never knew – belonged to a secret guild of assassins. after a leather-clad sexpot drafts wesley into the society, he hones his innate killing skills and turns avenger. choose your destiny."
9802,51.469576,335062621,136.0,the rock,6.9,1456,"action adventure thriller sanfrancisco fbi gasattack alcatraz hostagesituation fbiagent a group of renegade marine commandos seizes a stockpile of chemical weapons and takes over alcatraz, with 81 tourists as hostages. their leader demands $100 million to be paid, as restitution to families of marines who died in covert ops – or he will launch 15 rockets carrying deadly vx gas into the san francisco bay area. alcatraz.  only one man has ever broken out.  now five million lives depend on two men breaking in."
950,85.115058,660940780,91.0,ice age: the meltdown,6.5,2951,"animation family comedy adventure mammoth sloth iceage barrierice icemelting iceberg flooding adventure lovers deluge saber-toothedtiger diego, manny and sid return in this sequel to the hit animated movie ice age. this time around, the deep freeze is over, and the ice-covered earth is starting to melt, which will destroy the trio's cherished valley. the impending disaster prompts them to reunite and warn all the other beasts about the desperate situation. the ice age is melting away."
1824,61.437586,196482882,99.0,50 first dates,6.6,2105,"comedy romance dejavu amnesia hawaii ladykiller romanticcomedy henry is a player skilled at seducing women. but when this veterinarian meets lucy, a girl with a quirky problem when it comes to total recall, he realizes it's possible to fall in love all over again…and again, and again. that's because the delightful lucy has no short-term memory, so henry must woo her day after day until he finally sweeps her off her feet. imagine having to win over the girl of your dreams... every friggin' day."
2976,31.160542,90450008,117.0,hairspray,6.5,709,"family comedy music romance races dream dance television tvshow racepolitics coloured music equality schoolparty performance integration overweightwoman duel basedonstagemusical xenophobia basedonfilm 1960s pleasantly plump teenager, tracy turnblad and her best friend, penny pingleton audition to be on the corny collins show – and tracy wins. but when scheming amber von tussle and her mother plot to destroy tracy, it turns to chaos. when you follow your own beat, the world will follow you."
75656,71.124686,117698894,115.0,now you see me,7.3,5487,thriller crime paris bank secret fbi vault magic neworleans investigation heist conspiracy money escape newyorkcity lasvegas explosion an fbi agent and an interpol detective track a team of illusionists who pull off bank heists during their performances and reward their audiences with the money. 4 amazing magicians. 3 impossible heists. 1 billion dollars. this is no illusion.
38365,38.864027,271430189,102.0,grown ups,6.0,1705,"comedy overweight swing foot convertible arrow after their high school basketball coach passes away, five good friends and former teammates reunite for a fourth of july holiday weekend. boys will be boys. . . some longer than others."
594,57.753914,219417255,128.0,the terminal,7.0,1910,"comedy drama newyork airport marriageproposal translation craftsman stewardess illegalimmigration languagebarrier jfkinternationalairport immigrationlaw fastfoodrestaurant securitycamera jazzmusician saxophonist autograph passport easterneurope friendship viktor navorski is a man without a country; his plane took off just as a coup d'etat exploded in his homeland, leaving it in shambles, and now he's stranded at kennedy airport, where he's holding a passport that nobody recognizes. while quarantined in the transit lounge until authorities can figure out what to do with him, viktor simply goes on living – and courts romance with a beautiful flight attendant. life is waiting."
10555,47.094369,367275019,90.0,shark tale,5.8,1557,"animation action comedy family fish hero missionofmurder threattodeath secretlove animation shark womandirector oscar is a small fish whose big aspirations often get him into trouble. meanwhile, lenny is a great white shark with a surprising secret that no sea creature would guess: he's a vegetarian. when a lie turns oscar into an improbable hero and lenny becomes an outcast, the two form an unlikely friendship. the story of what happens when one little fish tells a great white lie..."
612,29.035222,130358911,164.0,munich,6.9,696,"drama action history thriller paris assassination israel hotelroom 1970s hostage intelligence olympicgames munich mossad israeli palestinian beirut ailulalaswad plo bombconstructor baader-meinhofgroup olympianvillage revenge during the 1972 olympic games in munich, eleven israeli athletes are taken hostage and murdered by a palestinian terrorist group known as black september. in retaliation, the israeli government recruits a group of mossad agents to track down and execute those responsible for the attack. the world was watching in 1972 as 11 israeli athletes were murdered at the munich olympics. this is the story of what happened next."
9567,27.055085,85632458,121.0,tears of the sun,6.4,573,"action drama war u.s.army nigeria president navy seal lieutenant a.k. waters and his elite squadron of tactical specialists are forced to choose between their duty and their humanity, between following orders by ignoring the conflict that surrounds them, or finding the courage to follow their conscience and protect a group of innocent refugees. when the democratic government of nigeria collapses and the country is taken over by a ruthless military dictator, waters, a fiercely loyal and hardened veteran is dispatched on a routine mission to retrieve a doctors without borders physician. he was trained to follow orders. he became a hero by defying them."
37821,23.004607,98159963,100.0,killers,5.7,772,"action comedy thriller romance assassin when an elite assassin marries a beautiful computer whiz after a whirlwind romance, he gives up the gun and settles down with his new bride. that is, until he learns that someone from his past has put a contract out on his life. perfect wife. perfect target."
203801,48.744209,108145109,116.0,the man from u.n.c.l.e.,7.1,2265,"comedy action adventure spy coldwar remake basedontvseries buddycop russianspy americanspy at the height of the cold war, a mysterious criminal organization plans to use nuclear weapons and technology to upset the fragile balance of power between the united states and soviet union. cia agent napoleon solo and kgb agent illya kuryakin are forced to put aside their hostilities and work together to stop the evildoers in their tracks. the duo's only lead is the daughter of a missing german scientist, whom they must find soon to prevent a global catastrophe. saving the world never goes out of style."
9297,36.368839,140175006,91.0,monster house,6.3,874,"animation comedy family fantasy monster secret toy children neighbor mission child monsters under the bed are scary enough, but what happens when an entire house is out to get you? three teens aim to find out when they go up against a decrepit neighboring home and unlock its frightening secrets. the house is . . . alive!"
37958,37.917002,226904017,110.0,immortals,5.7,880,"fantasy action drama poison army zeus poseidon spear theseus is a mortal man chosen by zeus to lead the fight against the ruthless king hyperion, who is on a rampage across greece to obtain a weapon that can destroy humanity. the gods need a hero."
2026,23.663713,77944725,113.0,hostage,6.2,512,"mystery drama thriller crime fbi kidnapping policeoperation homeinvasion hostagesituation hostagenegotiator when a mafia accountant is taken hostage on his beat, a police officer – wracked by guilt from a prior stint as a negotiator – must negotiate the standoff, even as his own family is held captive by the mob. every second counts"
9741,42.006908,248118121,106.0,unbreakable,6.9,1946,"sciencefiction thriller drama fathersonrelationship trainaccident comicbook marriagecrisis invulnerability superhero suspense superpowers an ordinary man makes an extraordinary discovery when a train accident leaves his fellow passengers dead – and him unscathed. the answer to this mystery could lie with the mysterious elijah price, a man who suffers from a disease that renders his bones as fragile as glass. some things are only revealed by accident."
211672,875.581305,1156730962,91.0,minions,6.4,4571,"family animation adventure comedy assistant aftercreditsstinger duringcreditsstinger evilmastermind minions 3d minions stuart, kevin and bob are recruited by scarlet overkill, a super-villain who, alongside her inventor husband herb, hatches a plot to take over the world. before gru, they had a history of bad bosses"
23629,39.127082,89792502,110.0,sucker punch,5.9,1623,"action fantasy thriller brothel fantasy asylum reality escape robot violence inmate alternative imagination lobotomy a young girl is institutionalized by her abusive stepfather. retreating to an alternative reality as a coping strategy, she envisions a plan which will help her escape from the mental facility. you will be unprepared"
153518,45.720894,349779543,97.0,the angry birds movie,5.9,1022,"family animation island bird pig talkinganimal basedonvideogame angermanagement 3d an island populated entirely by happy, flightless birds or almost entirely. in this paradise, red, a bird with a temper problem, speedy chuck, and the volatile bomb have always been outsiders. but when the island is visited by mysterious green piggies, it’s up to these unlikely outcasts to figure out what the pigs are up to. why so angry?"
4349,26.123705,86658558,110.0,the kingdom,6.5,513,thriller action drama assassination assassin terrorist explosive fbi chase saudiarabia investigation police medicalexaminer terrorism fbiagent arab bombattack a team of u.s. government agents is sent to investigate the bombing of an american facility in the middle east. how do you stop an enemy who isn't afraid to die?
197,60.722162,210000000,177.0,braveheart,7.7,3336,"action drama history war individual scotland inlovewithenemy legend independence idealism revolt tyranny enraged at the slaughter of murron, his new bride and childhood love, scottish warrior william wallace slays a platoon of the local english lord's soldiers. this leads the village to revolt and, eventually, the entire country to rise up against english rule. every man dies. not every man truly lives."
25,32.227223,96889998,125.0,jarhead,6.6,765,"drama war sniper marinecorps saudiarabia petrol golfwar u.s.marine jarhead is a film about a us marine anthony swofford’s experience in the gulf war. after putting up with an arduous boot camp, swafford and his unit are sent to the persian gulf where they are earger to fight but are forced to stay back from the action. meanwhile swofford gets news of his girlfriend is cheating on him. desperately he wants to kill someone and finally put his training to use. welcome to the suck."
35,46.875375,527068851,87.0,the simpsons movie,6.9,2264,"animation comedy family fathersonrelationship lake springfield thesimpsons duffbeer garbage pig pollution environmentalprotectionagency quarantine alcoholism love alaska dysfunctionalfamily dysfunctionalmarriage ecology savinglives firstlove duringcreditsstinger donuts after homer accidentally pollutes the town's water supply, springfield is encased in a gigantic dome by the epa and the simpsons are declared fugitives. see our family. and feel better about yours."
6947,27.491891,256697520,108.0,the village,6.2,1071,"drama mystery thriller secret forest ruralsetting blindness courtship mentallyhandicappedman humannature aura romantic villagecouncil when a willful young man tries to venture beyond his sequestered pennsylvania hamlet, his actions set off a chain of chilling incidents that will alter the community forever. there is no turning back"
3050,21.462935,294456605,85.0,doctor dolittle,5.4,686,"comedy family fantasy talkingtoanimals womandirector a successful physician and devoted family man, john dolittle (eddie murphy) seems to have the world by the tail, until a long suppressed talent he possessed as a child, the ability to communicate with animals is suddenly reawakened with a vengeance! now every creature within squawking distance wants the good doctor's advice, unleashing an outrageous chain of events that turns his world upside down! he doesn't just talk to the animals!"
2675,28.848187,408247917,106.0,signs,6.4,1599,drama thriller sciencefiction mystery symbolism water farm faith alien familyrelationships ruralsetting alieninvasion rural cropcircle alienattack ruralpennsylvania ruralamerica ruralfarm lossoffaith alienencounter a family living on a farm finds mysterious crop circles in their fields which suggests something more frightening to come. it’s not like they didn’t warn us.
809,47.320801,919838758,93.0,shrek 2,6.7,2988,"adventure animation comedy family fantasy prison magic liberation honeymoon parents-in-law kingdom enchantment dancingscene transformation fairy-talefigure shrek, fiona and donkey set off to far, far away to meet fiona's mother and father. but not everyone is happy. shrek and the king find it hard to get along, and there's tension in the marriage. the fairy godmother discovers that shrek has married fiona instead of her son prince charming and sets about destroying their marriage. once upon another time..."
920,82.643036,461983149,117.0,cars,6.6,3877,"animation adventure comedy family carrace carjourney villageandtown auto route66 wrecker porsche retirement media friendship sport anthropomorphism losangeles roadmovie aftercreditsstinger duringcreditsstinger lightning mcqueen, a hotshot rookie race car driven to succeed, discovers that life is about the journey, not the finish line, when he finds himself unexpectedly detoured in the sleepy route 66 town of radiator springs. on route across the country to the big piston cup championship in california to compete against two seasoned pros, mcqueen gets to know the town's offbeat characters. ahhh... it's got that new movie smell."
7451,46.217769,277448382,124.0,xxx,5.8,1424,"action adventure thriller sportscar biologicalweapon coldwar russian prague mission athlete nsaagent adrenalinejunkie thrillseeker xander cage is your standard adrenaline junkie with no fear and a lousy attitude. when the us government ""recruits"" him to go on a mission, he's not exactly thrilled. his mission: to gather information on an organization that may just be planning the destruction of the world, led by the nihilistic yorgi. a new breed of secret agent."
228165,36.952268,311594032,93.0,the spongebob movie: sponge out of water,5.8,719,"animation adventure comedy family ocean sea star water comedy sponge spongebob liveactionandanimation burger beard is a pirate who is in search of the final page of a magical book that makes any evil plan he writes in it come true, which happens to be the krabby patty secret formula. when the entire city of bikini bottom is put in danger, spongebob, patrick, mr. krabs, squidward, sandy, and plankton need to go on a quest that takes them to the surface. in order to get back the recipe and save their city, the gang must retrieve the book and transform themselves into superheroes. he's leaving his world behind."
16869,72.595961,319131050,153.0,inglourious basterds,7.9,6430,"drama action thriller war paris guerrilla cinema selfsacrifice dynamite mexicanstandoff worldwarii jewpersecution jew nazis masochism sadism scalp winstonchurchill knifeinhand antisemitism gore swastika bloodbath germanoccupationoffrance violence gunviolence in nazi-occupied france during world war ii, a group of jewish-american soldiers known as ""the basterds"" are chosen specifically to spread fear throughout the third reich by scalping and brutally killing nazis. the basterds, lead by lt. aldo raine soon cross paths with a french-jewish teenage girl who runs a movie theater in paris which is targeted by the soldiers. once upon a time in nazi occupied france..."
879,33.648404,300854823,144.0,hook,6.6,1532,"adventure fantasy comedy family flying swordplay sword fantasy peterpan daughter fairy-talefigure rescue the boy who wasn't supposed to grow up—peter pan—did just that, becoming a soulless corporate lawyer whose workaholism could cost him his wife and kids. but a trip to see granny wendy in london, where the vengeful capt. hook kidnaps peter's kids and forces peter to return to neverland, could lead to a chance at redemption, in this family-oriented fantasy from director steven spielberg. what if peter pan grew up?"
1573,57.69847,240031094,124.0,die hard 2,6.6,1896,"action thriller ambush helicopter journalist basedonnovel airport handgrenade fistfight cop sequel snow dullesinternationalairport shootout officerinvolvedshooting terrorism explosion church violence sabotage walkietalkie swatteam airtrafficcontrol commandounit snowmobile john mcclane is an off-duty cop gripped with a feeling of déjà vu when on a snowy christmas eve in the nation's capital, terrorists seize a major international airport, holding thousands of holiday travelers hostage. renegade military commandos led by a murderous rogue officer plot to rescue a drug lord from justice and are prepared for every contingency except one: mcclane's smart-mouthed heroics. die harder"
9257,34.052253,116643346,117.0,s.w.a.t.,5.8,770,"action thriller crime liberation transportofprisoners specialunit weapon losangeles hondo harrelson recruits jim street to join an elite unit of the los angeles police department. together they seek out more members, including tough deke kay and single mom chris sanchez. the team's first big assignment is to escort crime boss alex montel to prison. it seems routine, but when montel offers a huge reward to anyone who can break him free, criminals of various stripes step up for the prize. you're either s.w.a.t. or you're not."
1903,27.299301,203388341,136.0,vanilla sky,6.5,1078,"drama mystery romance sciencefiction thriller amnesia ex-girlfriend virtualreality david aames (tom cruise) has it all: wealth, good looks and gorgeous women on his arm. but just as he begins falling for the warmhearted sofia (penelope cruz), his face is horribly disfigured in a car accident. that's just the beginning of his troubles as the lines between illusion and reality, between life and death, are blurred. forget everything you know, and open your eyes."
395,42.957216,171183863,101.0,avp: alien vs. predator,5.5,1217,"adventure sciencefiction action savingtheworld predator laserpointer spacemarine pyramid praise alien xenomorph when scientists discover something in the arctic that appears to be a buried pyramid, they send a research team out to investigate. little do they know that they are about to step into a hunting ground where aliens are grown as sport for the predator race. whoever wins... we lose"
23398,29.412262,443140005,88.0,alvin and the chipmunks: the squeakquel,5.4,666,"comedy family animation fantasy music chipmunk cgi basedontvseries aftercreditsstinger duringcreditsstinger womandirector pop sensations alvin, simon and theodore end up in the care of dave seville's twenty-something nephew toby. the boys must put aside music super stardom to return to school, and are tasked with saving the school's music program by winning the $25,000 prize in a battle of the bands. but the chipmunks unexpectedly meet their match in three singing chipmunks known as the chipettes - brittany, eleanor and jeanette. romantic and musical sparks are ignited when the chipmunks and chipettes square off. the boys are back in town... and they have competition."
10590,19.708731,114660784,138.0,we were soldiers,6.7,521,action history war vietnamveteran missile vietnamwar army major basedontruestory steelhelmet soldier explosion battle bayonet death vietnamese the story of the first major battle of the american phase of the vietnam war and the soldiers on both sides that fought it. 400 u.s paratroopers. 4000 vietnamese soldiers. 12 000 miles away from home. 1 man led them into battle.
117263,59.428223,161025640,120.0,olympus has fallen,6.2,2981,"action thriller whitehouse secretservice terroristattack when the white house (secret service code: ""olympus"") is captured by a terrorist mastermind and the president is kidnapped, disgraced former presidential guard mike banning finds himself trapped within the building. as the national security team scrambles to respond, they are forced to rely on banning's inside knowledge to help retake the white house, save the president and avert an even bigger disaster. when our flag falls our nation will rise."
44943,49.199234,202466756,116.0,battle: los angeles,5.5,1448,"action sciencefiction savingtheworld hero marinecorps chaos retirement survivor meteor spaceinvasion alien battlefield survival sergeant losangeles battle danger escapade u.s.marine heroicmission evilalien chaosandmayham the earth is attacked by unknown forces. as people everywhere watch the world's great cities fall, los angeles becomes the last stand for mankind in a battle no one expected. it's up to a marine staff sergeant and his new platoon to draw a line in the sand as they take on an enemy unlike any they've ever encountered before. it's not war. it's survival."
587,46.199482,122919055,125.0,big fish,7.6,1994,"adventure fantasy drama circus fathersonrelationship witch fish fishing loveofone'slife leech storyteller apoplecticstroke fair mermaid cancer relationship youth gentlegiant throughout his life edward bloom has always been a man of big appetites, enormous passions and tall tales. in his later years, he remains a huge mystery to his son, william. now, to get to know the real man, will begins piecing together a true picture of his father from flashbacks of his amazing adventures. an adventure as big as life itself."
57212,29.505574,177584879,146.0,war horse,7.0,992,"drama war worldwari horse farmlife execution trapped alcoholic cavalry plowing artillery follows a young man named albert and his horse, joey, and how their bond is broken when joey is sold to the cavalry and sent to the trenches of world war one. despite being too young to enlist, albert heads to france to save his friend. separated by war. tested by battle. bound by friendship."
152760,43.873266,154984035,118.0,the monuments men,5.8,1523,"war drama history action worldwarii nazis arttheft postworldwarii based on the true story of the greatest treasure hunt in history, the monuments men is an action drama focusing on seven over-the-hill, out-of-shape museum directors, artists, architects, curators, and art historians who went to the front lines of wwii to rescue the world’s artistic masterpieces from nazi thieves and return them to their rightful owners.  with the art hidden behind enemy lines, how could these guys hope to succeed? it was the greatest art heist in history"
2756,24.961625,90000098,139.0,the abyss,7.1,808,"adventure action thriller sciencefiction ocean sea divingsuit flyingsaucer nuclearmissile alienlife-form insanity scubadiving underwater scuba deepsea trappedunderwater  thalassophobia a civilian oil rig crew is recruited to conduct a search and rescue effort when a nuclear submarine mysteriously sinks. one diver soon finds himself on a spectacular odyssey 25,000 feet below the ocean's surface where he confronts a mysterious force that has the power to change the world or destroy it. there's everything you've ever known about adventure, and then there's the abyss."
49017,64.457947,215529201,92.0,dracula untold,6.2,2389,"horror action drama fantasy war vampire dracula bite battle 15thcentury ottomanempire vlad fangvamp tepes vlad tepes is a great hero, but when he learns the sultan is preparing for battle and needs to form an army of 1,000 boys, including vlad's son, he vows to find a way to protect his family. vlad turns to dark forces in order to get the power to destroy his enemies and agrees to go from hero to monster as he's turned into the mythological vampire dracula. every bloodline has a beginning"
2270,48.032734,135560026,127.0,stardust,7.1,1184,"adventure fantasy romance family witch basedonnovel newlove prince beauty star kingdom wall fallingstar royalty unrequitedlove goodvsevil fratricide in a countryside town bordering on a magical land, a young man makes a promise to his beloved that he'll retrieve a fallen star by venturing into the magical realm. his journey takes him into a world beyond his wildest dreams and reveals his true identity. this summer a star falls. the chase begins."
978,16.92991,131457682,136.0,seven years in tibet,7.0,630,"adventure drama history buddhism himalaya austria mountains buddhistmonk worldwarii prisonersofwar monsoon tibet dalailama mountaineer lhasa wedding austrian mountaineer, heinrich harrer journeys to the himalayas without his family to head an expedition in 1939. but when world war ii breaks out, the arrogant harrer falls into allied forces' hands as a prisoner of war. he escapes with a fellow detainee and makes his way to llaso, tibet, where he meets the 14-year-old dalai lama, whose friendship ultimately transforms his outlook on life. at the end of the world his real journey began."
8814,29.261348,55987321,105.0,doom,5.0,609,"adventure action horror teleportation basedonvideogame severedear futurewar wisecrackhumor commandomission a team of space marines known as the rapid response tactical squad, led by sarge, is sent to a science facility on mars after somebody reports a security breach. there, they learn that the alert came after a test subject, a mass murderer purposefully injected with alien dna, broke free and began killing people. dr. grimm, who is related to team member reaper, informs them all that the chromosome can mutate humans into monsters -- and is highly infectious. no one gets out alive."
52520,58.401204,160112671,88.0,underworld: awakening,6.1,1862,"fantasy action horror vampire daughter hybrid childvampire werewolf imax labexperiment werewolfchild fangvamp after being held in a coma-like state for fifteen years, vampire selene learns that she has a fourteen-year-old vampire/lycan hybrid daughter named nissa, and when she finds her, they must stop biocom from creating super lycans that will kill them all. vengeance returns"
49021,29.501489,57777106,116.0,killer elite,6.1,695,"action adventure thriller rescue based on a shocking true story, killer elite pits two of the world’s most elite operatives—danny, an ex-special ops agent and hunter, his longtime mentor—against the cunning leader of a secret military society. covering the globe from australia to paris, london and the middle east, danny and hunter are plunged into a highly dangerous game of cat and mouse—where the predators become the prey. may the best man live."
201088,46.832372,17752940,133.0,blackhat,5.1,826,crime drama mystery terrorist technology antihero hacker computervirus nationalsecurityagency(nsa) raceagainsttime computer malaysia nuclearpowerplant suspense betrayal conspiracy ontherun fugitive shootout hacking terrorism catandmouse oneagainstmany computerhacker noopeningcredits terroristplot stockexchange cybercrime cyberterrorism chinesemilitary cyberterrorist cyberthriller a man is released from prison to help american and chinese authorities pursue a mysterious cyber criminal. the dangerous search leads them from chicago to hong kong. we are no longer in control.
107846,44.478043,122915111,115.0,escape plan,6.7,1659,"action thriller prison muslim ship mystery sciencefiction escape crime prisonescape ciaagent ray breslin is the world's foremost authority on structural security. after analyzing every high security prison and learning a vast array of survival skills so he can design escape-proof prisons, his skills are put to the test. he's framed and incarcerated in a master prison he designed himself. he needs to escape and find the person who put him behind bars. no one breaks out alone."
188207,25.020428,61279452,99.0,the legend of hercules,4.4,533,"action adventure mythology zeus ancientgreece demigod cityofargos mistakenparentage in ancient greece 1200 b.c., a queen succumbs to the lust of zeus to bear a son promised to overthrow the tyrannical rule of the king and restore peace to a land in hardship. but this prince, hercules, knows nothing of his real identity or his destiny. he desires only one thing: the love of hebe, princess of crete, who has been promised to his own brother. when hercules learns of his greater purpose, he must choose: to flee with his true love or to fulfill his destiny and become the true hero of his time. the story behind one of the greatest myths is revealed in this action-packed epic - a tale of love, sacrifice and the strength of the human spirit. every man has a destiny"
24021,107.069763,698491347,124.0,the twilight saga: eclipse,5.8,2301,"adventure fantasy drama romance vampire graduation bite immortality werewolf fangvamp bella once again finds herself surrounded by danger as seattle is ravaged by a string of mysterious killings and a malicious vampire continues her quest for revenge. in the midst of it all, she is forced to choose between her love for edward and her friendship with jacob, knowing that her decision has the potential to ignite the ageless struggle between vampire and werewolf. with her graduation quickly approaching, bella is confronted with the most important decision of her life. it all begins ... with a choice."
20352,113.858273,543513985,95.0,despicable me,7.1,6478,"animation family adoptivefather orphanage life'sdream rivalry stealing ballet littlegirl orphan fatherdaughterrelationship tomboy mothersonrelationship intelligent kids evildoctor duringcreditsstinger minions supervillain 3d despicable cattivissimo villainous gru lives up to his reputation as a despicable, deplorable and downright unlikable guy when he hatches a plan to steal the moon from the sky. but he has a tough time staying on task after three orphans land in his care. superbad. superdad."
214756,68.734513,217022588,115.0,ted 2,6.2,2463,"comedy spermbank sequel buddy courthouse teddybear aftercreditsstinger toycomestolife married newlywed couple ted and tami-lynn want to have a baby, but in order to qualify to be a parent, ted will have to prove he's a person in a court of law. ted is coming, again."
48988,27.11589,83160734,105.0,hall pass,5.4,611,"comedy wifehusbandrelationship daydream marriage freedom friends when best buds rick and fred begin to show signs of restlessness at home, their wives take a bold approach to revitalize their marriages: they grant the guys a ""hall pass"", one week of freedom to do whatever they want. at first, it seems like a dream come true, but they quickly discover that their expectations of the single life - and themselves - are completely and hilariously out of sync with reality. one week, no rules"
300673,28.223664,52099090,114.0,the finest hours,6.3,588,"action drama history thriller coastguard basedontruestory survival rescuemission stormatsea sinkingship 1950s 3d the coast guard makes a daring rescue attempt off the coast of cape cod after a pair of oil tankers are destroyed during a blizzard in 1952. 32 survivors, room for 12."
12113,37.507136,113280098,128.0,body of lies,6.5,895,"action drama thriller terror falselyaccused basedonnovel dyinganddeath jordan dubai intelligenceagency beating the cia’s hunt is on for the mastermind of a wave of terrorist attacks. roger ferris is the agency’s man on the ground, moving from place to place, scrambling to stay ahead of ever-shifting events. an eye in the sky – a satellite link – watches ferris.  at the other end of that real-time link is the cia’s ed hoffman, strategizing events from thousands of miles away. and as ferris nears the target, he discovers trust can be just as dangerous as it is necessary for survival. trust no one. deceive everyone."
38778,11.023691,86387857,114.0,dinner for schmucks,5.5,531,"comedy mouse idiot mindcontrol taxidermy aftercreditsstinger duringcreditsstinger rising executive tim wagner works for a boss who hosts a monthly dinner in which the guest who brings the biggest buffoon gets a career-boost. tim plans on not attending until he meets barry, a man who builds dioramas using stuffed mice. barry's blundering but good intentions send tim's life into a downward spiral, threatening a major business deal and possibly scuttling tim's engagement to his fiancee. takes one to know one."
72331,38.634767,112265139,94.0,abraham lincoln: vampire hunter,5.5,1269,"action fantasy horror usapresident vampire steamlocomotive americancivilwar 19thcentury abrahamlincoln 3d president lincoln's mother is killed by a supernatural creature, which fuels his passion to crush vampires and their slave-owning helpers. are you a patriot or a vampire?"
1844,25.877794,212404396,112.0,entrapment,6.0,602,"romance drama mystery londonengland newyear'seve skyscraper burglar distrust undercover blackmail nudity thief heist oldermanyoungerwomanrelationship artthief criminal arttheft millennium manhattan,newyorkcity gala kualalumpurmalaysia two thieves, who travel in elegant circles, try to outsmart each other and, in the process, end up falling in love. the trap is set."
857,76.041867,481840909,169.0,saving private ryan,7.9,5048,"drama history war warcrimes selfsacrifice warveteran worldwarii warship airplane bravery normandy parachute troops waffenss omahabeach army cowardice americanflag warmemorial desertedtown military 1940s as u.s. troops storm the beaches of normandy, three brothers lie dead on the battlefield, with a fourth trapped behind enemy lines. ranger captain john miller and seven men are tasked with penetrating german-held territory and bringing the boy home. the mission is a man."
136797,54.81489,203277636,130.0,need for speed,6.1,1520,"action crime drama thriller streetrace supercars superspeed car basedonvideogame duringcreditsstinger 3d the film revolves around a local street-racer who partners with a rich and arrogant business associate, only to find himself framed by his colleague and sent to prison. after he gets out, he joins a new york-to-los angeles race to get revenge. but when the ex-partner learns of the scheme, he puts a massive bounty on the racer's head, forcing him to run a cross-country gauntlet of illegal racers in all manner of supercharged vehicles. for honor. for love. for redemption."
3981,31.39165,374111707,127.0,what women want,6.1,992,"comedy romance women telepathy supernaturalpowers advertisingexecutive womandirector advertising executive nick marshall is as cocky as they come, but what happens to a chauvinistic guy when he can suddenly hear what women are thinking? nick gets passed over for a promotion, but after an accident enables him to hear women's thoughts, he puts his newfound talent to work against darcy, his new boss, who seems to be infatuated with him. he has the power to hear everything women are thinking. finally... a man is listening."
425,99.561972,383257136,81.0,ice age,7.1,3857,"animation comedy family adventure humanevolution parentskidsrelationship squirrel ice lossofchild mammoth sloth dyinganddeath stoneage prehistoric saber-toothedtiger cavemen prehistoriccreature prehistoricadventure prehistorictimes prehistoricman with the impending ice age almost upon them, a mismatched trio of prehistoric critters – manny the woolly mammoth, diego the saber-toothed tiger and sid the giant sloth – find an orphaned infant and decide to return it to its human parents. along the way, the unlikely allies become friends but, when enemies attack, their quest takes on far nobler aims. they came. they thawed. they conquered."
6171,26.792794,75715436,136.0,dreamcatcher,5.3,567,"drama horror sciencefiction thriller religionandsupernatural four boyhood pals perform a heroic act and are changed by the powers they gain in return. years later, on a hunting trip in the maine woods, they're overtaken by a vicious blizzard that harbors an ominous presence. challenged to stop an alien force, the friends must first prevent the slaughter of innocent civilians by a military vigilante ... and then overcome a threat to the bond that unites the four of them. a circle of friendship. a web of mystery. a pattern of fear."
72976,36.307296,275293450,149.0,lincoln,6.7,1429,"history drama usapresident speech battlefield familyconflict mourning americancivilwar culturalconflict basedontrueevents battleofgettysburg secession presidentialcabinet gettysburgaddress conflagration ethicaldilemma emancipation abrahamlincoln a revealing drama that focuses on the 16th president's tumultuous final months in office. in a nation divided by war and the strong winds of change, lincoln pursues a course of action designed to end the war, unite the country and abolish slavery. with the moral courage and fierce determination to succeed, his choices during this critical moment will change the fate of generations to come. with the moral courage and fierce determination to succeed, his choices will change the fate of generations to come."
603,104.309993,463517383,136.0,the matrix,7.9,8907,"action sciencefiction savingtheworld artificialintelligence manvsmachine philosophy prophecy martialarts selfsacrifice fight insurgence virtualreality dystopia truth cyberpunk womandirector messiah gnosticism set in the 22nd century, the matrix tells the story of a computer hacker who joins a group of underground insurgents fighting the vast and powerful computers who now rule the earth. welcome to the real world."
568,68.140214,355237933,140.0,apollo 13,7.3,1599,"drama moon florida nasa spaceman raceagainsttime houston basedontruestory space rescue survival disaster explosion astronaut imax saturnvrocket courage hypothermia apolloprogram capekennedy lunarmission spacecraftaccident the true story of technical troubles that scuttle the apollo 13 lunar mission in 1971, risking the lives of astronaut jim lovell and his crew, with the failed journey turning into a thrilling saga of heroism. drifting more than 200,000 miles from earth, the astronauts work furiously with the ground crew to avert tragedy. houston, we have a problem."
82695,48.356214,441809770,157.0,les misérables,7.1,1884,"drama music romance france robbery brothel mayor star musical arrest army rebellion wedding fallinginlove corpse parole convict girldisguisedasboy an adaptation of the successful stage musical based on victor hugo's classic novel set in 19th-century france, in which a paroled prisoner named jean valjean seeks redemption. fight. dream. hope. love."
9489,28.540267,250821495,119.0,you've got mail,6.3,838,"comedy romance romanticcomedy onlinedating womandirector book superstore magnate, joe fox and independent book shop owner, kathleen kelly fall in love in the anonymity of the internet – both blissfully unaware that he's putting her out of business. someone you pass on the street may already be the love of your life."
12133,22.977983,128107642,98.0,step brothers,6.5,1062,"comedy becominganadult autonomy childhoodtrauma hostility stepbrother slacker manchild aftercreditsstinger duringcreditsstinger brennan huff and dale doback might be grown men. but that doesn't stop them from living at home and turning into jealous, competitive stepbrothers when their single parents marry. brennan's constant competition with dale strains his mom's marriage to dale's dad, leaving everyone to wonder whether they'll ever see eye to eye. they grow up so fast."
9342,31.086791,250288523,136.0,the mask of zorro,6.3,1183,"action adventure california spy hero horsebackriding swordfight revenge it has been twenty years since don diego de la vega fought spanish oppression in alta california as the legendary romantic hero, zorro. having escaped from prison he transforms troubled bandit alejandro into his successor, in order to foil the plans of the tyrannical don rafael montero who robbed him of his freedom, his wife and his precious daughter. no one has seen his face... but everyone ... knows this mark."
41733,43.865294,211780824,95.0,due date,6.2,1685,"comedy drama highway slacker hitchhiker wallet sunglasses reststop vicodin waffle peter highman must scramble across the us in five days to be present for the birth of his first child. he gets off to a bad start when his wallet and luggage are stolen, and put on the 'no-fly' list. peter embarks on a terrifying journey when he accepts a ride from an actor. leave your comfort zone"
227306,43.055253,163442937,137.0,unbroken,7.3,1400,"drama war worldwarii prisonersofwar biography sport war athlete womandirector olympicathlete a chronicle of the life of louis zamperini, an olympic runner who was taken prisoner by japanese forces during world war ii. survival. resilience. redemption."
9350,26.19909,255000211,112.0,cliffhanger,6.1,588,"action adventure thriller rockymountains airplane hijacking suitcase climbing heist money snow mountainclimbing mountain a year after losing his friend in a tragic 4,000-foot fall, former ranger gabe walker and his partner, hal, are called to return to the same peak to rescue a group of stranded climbers, only to learn the climbers are actually thieving hijackers who are looking for boxes full of money. the height of adventure."
76493,31.349143,179379533,83.0,the dictator,5.9,1743,comedy kurdish the heroic story of a dictator who risks his life to ensure that democracy would never come to the country he so lovingly oppressed. kurd
345,27.870312,162091208,159.0,eyes wide shut,7.1,1234,"mystery drama lifeanddeath sexualobsession freelove heterosexual christmasparty eroticism orgy maskedball marijuana illegalprostitution after dr. bill hartford's wife, alice, admits to having sexual fantasies about a man she met, bill becomes obsessed with having a sexual encounter. he discovers an underground sexual group and attends one of their meetings -- and quickly discovers that he is in over his head. cruise. kidman. kubrick."
256591,59.634029,153962963,105.0,focus,6.7,2542,"romance comedy crime drama seduction conman femmefatale deception rivalry conartist nicky, a veteran con artist, takes a novice named jess under his wing. while nicky teaches jess the tricks of the trade, the pair become romantically involved; but, when jess gets uncomfortably close, nicky ends their relationship. three years later, nicky is in buenos aires working a very dangerous scheme when jess -- now an accomplished femme fatale -- unexpectedly shows up. her appearance throws nicky for a loop at a time when he cannot afford to be off his game. never drop the con."
59962,38.994297,156974557,103.0,this means war,5.9,1389,action comedy romance lovetriangle friendship dating sushibar explodingairplane onlinedating stable karateclass dogshelter two top cia operatives wage an epic battle against one another after they discover they are dating the same woman. it's spy against spy
36648,49.660055,128905366,123.0,blade: trinity,5.7,1252,"sciencefiction action horror thriller adventure fantasy fbi dracula fistfight vampirehunter superhero basedoncomicbook martialartsmaster motorcycle katanasword blade lossoffriend supervillain vampireslayer fastmotionscene femalevampire for years, blade has fought against the vampires in the cover of the night. but now, after falling into the crosshairs of the fbi, he is forced out into the daylight, where he is driven to join forces with a clan of human vampire hunters he never knew existed - the nightstalkers. together with abigail and hannibal, two deftly trained nightstalkers, blade follows a trail of blood to the ancient creature that is also hunting him, the original vampire, dracula. the final hunt begins."
71679,6.227675,240159255,95.0,resident evil: retribution,5.6,1600,"action horror sciencefiction mutant dystopia sequel conspiracy tokyojapan zombie basedonvideogame moscow handtohandcombat virus plague pandemic megacorporation the umbrella corporation’s deadly t-virus continues to ravage the earth, transforming the global population into legions of the flesh eating undead. the human race’s last and only hope, alice, awakens in the heart of umbrella’s most clandestine operations facility and unveils more of her mysterious past as she delves further into the complex. without a safe haven, alice continues to hunt those responsible for the outbreak; a chase that takes her from tokyo to new york, washington, d.c. and moscow, culminating in a mind-blowing revelation that will force her to rethink everything that she once thought to be true. aided by new found allies and familiar friends, alice must fight to survive long enough to escape a hostile world on the brink of oblivion. the countdown has begun. the ultimate battle begins"
10483,42.57877,73762516,105.0,death race,6.0,1175,"action thriller sciencefiction carrace dystopia matteroflifeanddeath prisonguard carsetonfire escapefromprison explodingbuilding vehiclecombat carcrash violence terminal island, new york: 2020. overcrowding in the us penal system has reached a breaking point. prisons have been turned over to a monolithic weyland corporation, which sees jails full of thugs as an opportunity for televised sport. adrenalized inmates, a global audience hungry for violence and a spectacular, enclosed arena come together to form the 'death race', the biggest, most brutal event. get ready for a killer race."
6795,15.194239,64321501,101.0,zathura: a space adventure,6.1,779,"family fantasy sciencefiction adventure adventure house alien giantrobot outerspace astronaut after their father is called into work, two young boys, walter and danny, are left in the care of their teenage sister, lisa, and told they must stay inside. walter and danny, who anticipate a boring day, are shocked when they begin playing zathura, a space-themed board game, which they realize has mystical powers when their house is shot into space. with the help of an astronaut, the boys attempt to return home. adventure is waiting"
550,146.757391,100853753,139.0,fight club,8.3,9413,"drama supportgroup dualidentity nihilism rageandhate insomnia dystopia violence a ticking-time-bomb insomniac and a slippery soap salesman channel primal male aggression into a shocking new form of therapy. their concept catches on, with underground ""fight clubs"" forming in every town, until an eccentric gets in the way and ignites an out-of-control spiral toward oblivion. mischief. mayhem. soap."
100241,31.324734,71154592,92.0,"i, frankenstein",5.0,687,"horror thriller soul queen antihero fantasy prince supernatural frankenstein goodvsevil gargoyles fighting demon dark imax 3d 200 years after his shocking creation, dr. frankenstein's creature, adam, still walks the earth. but when he finds himself in the middle of a war over the fate of humanity, adam discovers he holds the key that could destroy humankind. in the battle between good and evil, an immortal holds the key"
9947,28.613892,56681566,97.0,elektra,4.8,575,"action fantasy martialarts basedoncomicbook femaleassassin spinoff elektra the warrior survives a near-death experience, becomes an assassin-for-hire, and tries to protect her two latest targets, a single father and his young daughter, from a group of supernatural assassins. looks can kill"
189,85.428395,39407616,102.0,sin city: a dame to kill for,6.3,1286,crime thriller detective dystopia dominatrix murder suspense twins basedongraphicnovel darkhorsecomics neo-noir 3d some of sin city's most hard-boiled citizens cross paths with a few of its more reviled inhabitants. there is no justice without sin.
253412,60.246978,203427584,121.0,everest,6.7,1772,"adventure drama mountains snowstorm hiking climbing snow death blizzard mountainclimbing basedontrueevents mounteverest 3d inspired by the incredible events surrounding a treacherous attempt to reach the summit of the world's highest mountain, ""everest"" documents the awe-inspiring journey of two different expeditions challenged beyond their limits by one of the fiercest snowstorms ever encountered by mankind. their mettle tested by the harshest of elements found on the planet, the climbers will face nearly impossible obstacles as a lifelong obsession becomes a breathtaking struggle for survival. the storm awaits."
1427,42.551902,132180323,147.0,perfume: the story of a murderer,7.1,1165,"crime fantasy drama paris femalenudity prostitute smalltown obsession orgy badsmell nudity lonewolf lavender nose childprodigy fishmarket daughter supernatural genius children'shome death perfume jean-baptiste grenouille, born in the stench of 18th century paris, develops a superior olfactory sense, which he uses to create the world's finest perfumes. however, his work takes a dark turn as he tries to preserve scents in the search for the ultimate perfume. based on the best-selling novel"
818,40.137264,296655431,94.0,austin powers in goldmember,5.9,979,"comedy crime sciencefiction savingtheworld submarine brotherbrotherrelationship clone spy helicopter gold submachinegun asteroid undercover belgium dutch carjourney nightclub laser sumoringer familyhistory auto clowning overweightman conciliation jamesbondspoof duringcreditsstinger the world's most shagadelic spy continues his fight against dr. evil. this time, the diabolical doctor and his clone, mini-me, team up with a new foe -- '70s kingpin goldmember. while pursuing the team of villains to stop them from world domination, austin gets help from his dad and an old girlfriend. he's still evil... he's still deadly... and he's still surrounded by frickin' idiots!"
329,40.413191,920100000,127.0,jurassic park,7.6,4856,"adventure sciencefiction exoticisland dna paleontology tyrannosaurusrex triceratops brontosaurus electricfence island dinosaur amusementpark themepark jurassicpark a wealthy entrepreneur secretly creates a theme park featuring living dinosaurs drawn from prehistoric dna. before opening day, he invites a team of experts and his two eager grandchildren to experience the park and help calm anxious investors. however, the park is anything but amusing as the security systems go off-line and the dinosaurs escape. an adventure 65 million years in the making."
273248,68.717016,155760117,167.0,the hateful eight,7.6,4274,crime drama mystery western bountyhunter wyoming mountains narration hangman stagecoach blizzard postcivilwar bounty hunters seek shelter from a raging blizzard and get caught up in a plot of betrayal and deception. no one comes up here without a damn good reason.
9955,19.412028,0,93.0,blades of glory,5.9,569,"action comedy drama competition olympicgames sport rivalry iceskating when a much-publicized ice-skating scandal strips them of their gold medals, two world-class athletes skirt their way back onto the ice via a loophole that allows them to compete together as a pairs team. kick some ice."
1271,65.197968,422610419,117.0,300,7.0,4997,"action adventure war evisceration javelin shield army fallfromheight ancientworld s.a.t. minions based on frank miller's graphic novel, ""300"" is very loosely based the 480 b.c. battle of thermopylae, where the king of sparta led his army against the advancing persians; the battle is said to have inspired all of greece to band together against the persians, and helped usher in the world's first democracy. spartans, prepare for glory!"
693,32.829538,516642939,115.0,meet the fockers,6.1,1373,"comedy romance cia parentskidsrelationship florida anti-authoritarianupbringing jew parents-in-law orderly justmarried sextherapy badfather-in-law family illegitimateson hard-to-crack ex-cia man, jack byrnes and his wife, dina head for the warmer climes of florida to meet son-in-law-to-be, greg focker's parents. unlike their happily matched offspring, the future in-laws find themselves in a situation of opposites that definitely do not attract. misery loves family."
14306,30.951203,244082376,115.0,marley & me,6.9,1343,"comedy family journalist basedonnovel puppy dog duringcreditsstinger columnist animallead a newly married couple who, in the process of starting a family, learn many of life's important lessons from their trouble-loving retriever, marley. packed with plenty of laughs to lighten the load, the film explores the highs and lows of marriage, maturity and confronting one's own mortality, as seen through the lens of family life with a dog. heel the love."
497,103.698022,284600000,189.0,the green mile,8.2,4048,"fantasy drama crime southernusa blackpeople mentallydisabled basedonnovel heal deathrow jailguard greatdepression prisonguard electricchair magicrealism healing deathrowinmate 1930s a supernatural tale set on death row in a southern prison, where gentle giant john coffey possesses the mysterious power to heal people's ailments. when the cellblock's head guard, paul edgecomb, recognizes coffey's miraculous gift, he tries desperately to help stave off the condemned man's execution. miracles do happen."
11199,31.719463,253625427,100.0,wild hogs,5.6,648,"action adventure comedy midlifecrisis roadtrip politicallyincorrect motorcyclegang bikerfilm awkwardness travelwriter middleage middleagedman restless and ready for adventure, four suburban bikers leave the safety of their subdivision and head out on the open road. but complications ensue when they cross paths with an intimidating band of new mexico bikers known as the del fuegos. a lot can happen on the road to nowhere."
9982,47.973995,314432665,81.0,chicken little,5.6,944,"animation family comedy fish smalltown spacemarine chicken alien bestfriend alieninvasion animal duringcreditsstinger 3d when the sky really is falling and sanity has flown the coop, who will rise to save the day? together with his hysterical band of misfit friends, chicken little must hatch a plan to save the planet from alien invasion and prove that the world's biggest hero is a little chicken. when it comes to saving the world, it helps to be a little chicken."
210577,143.041543,369330363,145.0,gone girl,7.9,5862,"mystery thriller drama basedonnovel marriagecrisis disappearance cheatinghusband missingperson searchparty criminallawyer wifemurder murdersuspect missingwife with his wife's disappearance having become the focus of an intense media circus, a man sees the spotlight turned on him when it's suspected that he may not be innocent. you don't know what you've got 'til it's..."
2501,86.476817,214034224,119.0,the bourne identity,7.3,3583,"action drama mystery thriller paris barcelonaspain assassin basedonnovel secretidentity amnesia sniper passport missionofmurder lovers escape shootout footchase cellphone carchase multipleidentities surveillancecamera hamburggermany fishingboat langleyvirginia safedepositbox flashback handtohandcombat wounded to the brink of death and suffering from amnesia, jason bourne is rescued at sea by a fisherman. with nothing to go on but a swiss bank account number, he starts to reconstruct his life, but finds that many people he encounters want him dead. however, bourne realizes that he has the combat and mental skills of a world-class spy – but who does he work for? he was the perfect weapon until he became the target."
710,59.824565,352194034,130.0,goldeneye,6.6,1174,adventure action thriller cuba falselyaccused secretidentity computervirus secretbase secretintelligenceservice kgb satellite specialcar cossack electromagneticpulse timebomb st.petersburgrussia ejectionseat redarmy james bond must unmask the mysterious head of the janus syndicate and prevent the leader from utilizing the goldeneye weapons system to inflict devastating revenge on britain. no limits. no fears. no substitutes.
37165,56.488027,264118201,103.0,the truman show,7.8,4537,"comedy drama claustrophobia hiddencamera dystopia realityshow makebelieve pretend truman burbank is the star of ""the truman show"", a 24-hour-a-day ""reality"" tv show that broadcasts every aspect of his life -- live and in color -- without his knowledge. his entire life has been an unending soap opera for consumption by the rest of the world. and everyone he knows -- including his wife and his best friend -- is really an actor, paid to be part of his life. on the air. unaware."
9837,29.464852,218613188,99.0,the prince of egypt,6.8,817,"adventure animation drama family music moses egypt pyramid exodus kingdom governance ancientegypt hebrew pharaoh womandirector this is the extraordinary tale of two brothers named moses and ramses, one born of royal blood, and one an orphan with a secret past. growing up the best of friends, they share a strong bond of free-spirited youth and good-natured rivalry. but the truth will ultimately set them at odds, as one becomes the ruler of the most powerful empire on earth, and the other the chosen leader of his people! their final confrontation will forever change their lives and the world. the power is real."
10708,18.106021,164433867,92.0,daddy day care,5.6,506,"comedy family competition success kindergarten children unemployment two men get laid off and have to become stay-at-home dads when they can't find jobs, which inspires them to open their own day-care center. who's your daddy?"
136400,42.881415,131940411,109.0,2 guns,6.6,1589,"action comedy crime undercover undercoveragent basedoncomicbook money fugitive bankrobbery deaagent a dea agent and an undercover naval intelligence officer who have been tasked with investigating one another find they have been set up by the mob -- the very organization the two men believe they have been stealing money from. 2 guns, 1 bank."
9654,62.766854,176070171,110.0,the italian job,6.6,1919,"action crime venice california trainstation helicopter austria mountains gold subway hacker chase safe remake caper revenge murder heist doublecrossed fastcars boatchase losangeles explosion convict fatherdaughterrelationship carchase tvnews hollywoodsign televisionrepair minicooper charlie croker pulled off the crime of a lifetime. the one thing that he didn't plan on was being double-crossed. along with a drop-dead gorgeous safecracker, croker and his team take off to re-steal the loot and end up in a pulse-pounding, pedal-to-the-metal chase that careens up, down, above and below the streets of los angeles. get in. get out. get even."
8916,41.515702,171757863,83.0,antz,6.0,1272,"adventure animation comedy family general hero worker ant work assignment war princess soldier individuality friend in this animated hit, a neurotic worker ant in love with a rebellious princess rises to unlikely stardom when he switches places with a soldier. signing up to march in a parade, he ends up under the command of a bloodthirsty general. but he's actually been enlisted to fight against a termite army. every ant has his day."
19899,26.676487,171844840,113.0,couples retreat,5.3,588,"comedy romance island marriedcouple yoga tahiti couplestherapy beautifulwoman tropical aftercreditsstinger duringcreditsstinger frenchpolynesia polynésiefrançaise four couples, all friends, descend on a tropical island resort. though one husband and wife are there to work on their marriage, the others just want to enjoy some fun in the sun. they soon find, however, that paradise comes at a price: participation in couples therapy sessions is mandatory. what started out as a cut-rate vacation turns into an examination of the common problems many face. it may be paradise... but it's no vacation."
9641,18.831023,129181830,94.0,cheaper by the dozen 2,5.7,526,"comedy holiday lake bigfamily father laborpain rivalry familyholiday steve martin and bonnie hunt return as heads of the baker family who, while on vacation, find themselves in competition with a rival family of eight children, headed by eugene levy, same big family... even bigger adventure."
294254,113.161483,311256926,132.0,maze runner: the scorch trials,6.4,3040,"action basedonnovel resistance maze post-apocalyptic dystopia infection ontherun escape zombie storm disease desert sewer antidote corporation virus runner cityruin immunity thomas and his fellow gladers face their greatest challenge yet: searching for clues about the mysterious and powerful organization known as wckd. their journey takes them to the scorch, a desolate landscape filled with unimaginable obstacles. teaming up with resistance fighters, the gladers take on wckd’s vastly superior forces and uncover its shocking plans for them all. the maze was just the beginning."
38167,28.800112,204594016,133.0,eat pray love,5.8,636,"drama indonesia femaleprotagonist india divorce bali liz gilbert had everything a modern woman is supposed to dream of having – a husband, a house and a successful career – yet like so many others, she found herself lost, confused and searching for what she really wanted in life. newly divorced and at a crossroads, gilbert steps out of her comfort zone, risking everything to change her life, embarking on a journey around the world that becomes a quest for self-discovery. in her travels, she discovers the true pleasure of nourishment by eating in italy, the power of prayer in india and, finally and unexpectedly, the inner peace and balance of true love in bali. let yourself go"
5994,19.705489,0,125.0,the family man,6.5,521,"comedy drama romance fantasy workaholic secondchance guardianangel christmas careervsfamily lifereprioritizing jack's lavish, fast-paced lifestyle changes one christmas night when he stumbles into a grocery store holdup and disarms the gunman. the next morning he wakes up in bed lying next to kate, his college sweetheart he left in order to pursue his career, and to the horrifying discovery that his former life no longer exists. as he stumbles through this alternate suburban universe, jack finds himself at a crossroad where he must choose between his high-power career and the woman he loves. what if you made different choices? what if you said yes, instead of no? what if you got a second chance?"
39514,41.430245,71664962,111.0,red,6.6,2808,"action adventure comedy crime thriller cia retirement shottodeath sniperrifle retired femalespy alarm when his peaceful life is threatened by a high-tech assassin, former black-ops agent, frank moses reassembles his old team in a last ditch effort to survive and uncover his assailants. still armed. still dangerous. still got it."
1538,44.815022,217764291,120.0,collateral,7.0,1451,drama crime thriller california taxi assassin hostage taxidriver fbi hitman police losangeles murderer crime criminal gunviolence cab driver max picks up a man who offers him $600 to drive him around. but the promise of easy money sours when max realizes his fare is an assassin. it started like any other night.
9334,37.537093,165333180,92.0,the scorpion king,5.3,779,"action fantasy adventure egypt temple in ancient egypt, peasant mathayus is hired to exact revenge on the powerful memnon and the sorceress cassandra, who are ready to overtake balthazar's village. amid betrayals, thieves, abductions and more, mathayus strives to bring justice to his complicated world. warrior. legend. king."
75780,56.868399,218340595,130.0,jack reacher,6.3,2998,"crime drama thriller basedonnovel sniper investigation police quarry in an innocent heartland city, five are shot dead by an expert sniper. the police quickly identify and arrest the culprit, and build a slam-dunk case. but the accused man claims he's innocent and says ""get jack reacher."" reacher himself sees the news report and turns up in the city. the defense is immensely relieved, but reacher has come to bury the guy. shocked at the accused's request, reacher sets out to confirm for himself the absolute certainty of the man's guilt, but comes up with more than he bargained for. the law has limits. he does not."
8914,22.991269,73648228,105.0,deep blue sea,5.6,604,"action sciencefiction thriller sharkattack shark alzheimer'sdisease killershark noopeningcredits on a remote former submarine refueling facility called aquatica, a team of scientists are searching for a cure for alzheimer's disease. dr. susan mcalester genetically engineers three mako sharks, intending to increase their brain capacity so that they can harvest the tissue as a cure for alzheimer's. unfortunately, the increased brain capacity also makes the sharks smarter, faster, and more dangerous. aquatica's financial backers are skeptical and nervous about the tests, and send a corporate executive to visit the facility. bigger. smarter. faster. meaner."
39538,38.820858,137551594,106.0,contagion,6.2,1325,"drama thriller sciencefiction savingtheworld mutation infection terminalillness quarantine outbreak medical vaccine lethalvirus scientist epidemic as an epidemic of a lethal airborne virus - that kills within days - rapidly grows, the worldwide medical community races to find a cure and control the panic that spreads faster than the virus itself. nothing spreads like fear"
14836,51.146047,124596398,100.0,coraline,7.3,1386,"animation family dream eye stuffedanimal parallelworld button newhome secretdoor aftercreditsstinger duringcreditsstinger when coraline moves to an old house, she feels bored and neglected by her parents. she finds a hidden door with a bricked up passage. during the night, she crosses the passage and finds a parallel world where everybody has buttons instead of eyes, with caring parents and all her dreams coming true. when the other mother invites coraline to stay in her world forever, the girl refuses and finds that the alternate reality where she is trapped is only a trick to lure her. be careful what you wish for."
8645,20.501582,163403799,91.0,the happening,4.9,950,"thriller sciencefiction tree naturaldisaster crisis park strangebehavior when a deadly airborne virus threatens to wipe out the northeastern united states, teacher elliott moore (mark wahlberg) and his wife (zooey deschanel) flee from contaminated cities into the countryside in a fight to discover the truth. is it terrorism, the accidental release of some toxic military bio weapon -- or something even more sinister? john leguizamo and betty buckley co-star in this thriller from writer-director m. night shyamalan. we've sensed it. we've seen the signs. now... it's happening."
9509,45.299089,130293714,146.0,man on fire,7.3,1553,"action drama thriller crime mexico cia kidnapping diary bible bodyguard stuffedanimal cellphone alcoholic grenadelauncher bloodshed swimmeet jaded ex-cia operative john creasy reluctantly accepts a job as the bodyguard for a 10-year-old girl in mexico city. they clash at first, but eventually bond, and when she's kidnapped he's consumed by fury and will stop at nothing to save her life. creasy's art is death, and he is about to paint his masterpiece."
9384,28.848842,170268750,101.0,starsky & hutch,5.6,644,"comedy crime informant jumpingfromarooftop surveillancefootage join uptight david starsky and laid-back ken ""hutch"" hutchinson as they're paired for the first time as undercover cops. the new partners must overcome their differences to solve an important case with help from street informant huggy bear and persuasive criminal reese feldman. they're the man."
9279,22.501041,129832389,89.0,jingle all the way,5.5,575,"family comedy holiday christmasparty santaclaus toy puppet christmas turboman navidad meet howard langston, a salesman for a mattress company is constantly busy at his job, and he also constantly disappoints his son, after he misses his son's karate exposition, his son tells howard that he wants for christmas is an action figure of his son's television hero, he tries hard to to make it up to him. unfortunately for howard, it is christmas eve, and every store is sold out of turbo man, now howard must travel all over town and compete with everybody else to find a turbo man action figure. two dads, one toy, no prisoners."
1487,47.479755,99318987,122.0,hellboy,6.5,2225,"fantasy action sciencefiction blackmagic fistfight cover-up superhero paranormalphenomena narrationfromgrave demon occult combatphotography reanimatedcorpse duringcreditsstinger in the final days of world war ii, the nazis attempt to use black magic to aid their dying cause. the allies raid the camp where the ceremony is taking place, but not before a demon - hellboy - has already been conjured. joining the allied forces, hellboy eventually grows to adulthood, serving the cause of good rather than evil. from the dark side to our side."
77174,39.539045,107139399,90.0,paranorman,6.7,789,"family animation adventure comedy medium stopmotion curse jock ghost communicatingwiththedead aftercreditsstinger dealingwiththepast witchtrial childwitch empathy strange in the town of blithe hollow, norman babcock is a boy who can speak to the dead, but no one besides his eccentric new friend, neil, believes his ability is real. one day, norman's estranged eccentric uncle tells him of an important annual ritual he must take up to protect the town from an curse cast by a witch it condemned centuries ago. eventually, norman decides to cooperate, but things don't go according to plan. now, a magic storm of the witch threatens blithe hollow as the accursed dead rise. together with unexpected new companions, norman struggles to save his town, only to discover the horrific truth of the curse. with that insight, norman must resolve the crisis for good as only he can. it's all fun and games until someone raises the dead."
4824,19.747459,159330280,124.0,the jackal,6.1,527,"action thriller adventure crime fbi coldwar hitman hired by a powerful member of the russian mafia to avenge an fbi sting that left his brother dead, the perfectionist jackal proves an elusive target for the men charged with the task of bringing him down: a deputy fbi boss and a former ira terrorist. how do you stop an assassin who has no identity?"
9620,29.018826,96269812,119.0,paycheck,5.9,581,"action adventure mystery sciencefiction thriller prophecy engineer scientist millionaire michael jennings is a genius who's hired – and paid handsomely – by high-tech firms to work on highly sensitive projects, after which his short-term memory is erased so he's incapable of breaching security. but at the end of a three-year job, he's told he isn't getting a paycheck and instead receives a mysterious envelope. in it are clues he must piece together to find out why he wasn't paid – and why he's now in hot water. remember the future."
137094,42.538258,50549107,105.0,jack ryan: shadow recruit,5.9,1173,"action drama thriller londonengland corruption cia terrorist sniper explosive intelligence russia murder conspiracy surveillance agent jackryan u.s.marine rehab analyst jack ryan, as a young covert cia analyst, uncovers a russian plot to crash the u.s. economy with a terrorist attack. trust no one."
274479,29.876507,101134059,124.0,joy,6.4,1581,drama comedy factory inventor strongwoman biography basedontruestory stolenpatent a story based on the life of a struggling long island single mom who became one of the country's most successful entrepreneurs. 
267860,61.849521,205754447,99.0,london has fallen,5.8,1621,"action crime thriller londonengland terrorist terroristattack in london for the prime minister's funeral, mike banning discovers a plot to assassinate all the attending world leaders. the world's leaders have assembled. so have their enemies."
8078,37.44963,162000000,109.0,alien: resurrection,5.9,1365,"sciencefiction horror action android mercenary dystopia sequel alien betrayal impalement cloning scientist flamethrower disembowelment smuggler genemanipulation maninwheelchair breeding geneticengineering regeneration xenomorph alienqueen explosivedecompression swimmingunderwater two hundred years after lt. ripley died, a group of scientists clone her, hoping to breed the ultimate weapon. but the new ripley is full of surprises … as are the new aliens. ripley must team with a band of smugglers to keep the creatures from reaching earth. it's already too late."
7485,37.378081,95696996,124.0,shooter,6.9,1462,"action drama mystery thriller crime corruption sniper senator conspiracyofmurder childlessness rifle sniperrifle fbiagent a marksman living in exile is coaxed back into action after learning of a plot to kill the president. ultimately double-crossed and framed for the attempt, he goes on the run to track the real killer and find out who exactly set him up, and why. yesterday was about honor. today is about justice."
170687,30.656345,108255770,97.0,the boxtrolls,6.6,668,"animation comedy family fantasy basedonnovel stopmotion fatherdaughterrelationship unlikelyfriendship duringcreditsstinger an orphaned boy raised by underground creatures called boxtrolls comes up from the sewers and out of his box to save his family and the town from the evil exterminator, archibald snatcher. when troubles strikes friends stack together"
137106,59.547928,469160692,100.0,the lego movie,7.5,3070,"adventure animation comedy family fantasy fathersonrelationship creativity friendship partliveaction toys basedontoy fallinginlove superpowers duringcreditsstinger differentworlds lego batman an ordinary lego mini-figure, mistakenly thought to be the extraordinary masterbuilder, is recruited to join a quest to stop an evil lego tyrant from gluing the universe together. the story of a nobody who saved everybody."
6278,27.615108,43061982,101.0,reign of fire,6.0,669,"adventure action fantasy dragon evolution firechief animatedmap theatreaudience dragonslayer tunnelconstruction firerepellent drilling iodine in post-apocalyptic england, an american volunteer and a british survivor team up to fight off a brood of fire-breathing dragons seeking to return to global dominance after centuries of rest underground. the brit -- leading a clan of survivors to hunt down the king of the dragons -- has much at stake: his mother was killed by a dragon, but his love is still alive. fight fire with fire"
82682,29.041198,105200903,113.0,gangster squad,6.2,1778,"crime drama action thriller losangeles gangster los angeles, 1949. ruthless, brooklyn-born mob king mickey cohen runs the show in this town, reaping the ill-gotten gains from the drugs, the guns, the prostitutes and — if he has his way — every wire bet placed west of chicago. and he does it all with the protection of not only his own paid goons, but also the police and the politicians who are under his control. it’s enough to intimidate even the bravest, street-hardened cop… except, perhaps, for the small, secret crew of lapd outsiders led by sgt. john o’mara and jerry wooters who come together to try to tear cohen’s world apart. no names. no badges. no mercy."
17610,25.293538,62357900,97.0,year one,4.6,524,"comedy adventure temple slavery stoneage circumcision hebrews cavemen prehistoricadventure duringcreditsstinger prehistorictimes prehistoricman when a couple of lazy hunter-gatherers are banished from their primitive village, they set off on an epic journey through the ancient world. meet your ancestors"
22954,23.85119,122233971,134.0,invictus,7.0,1125,"drama history stadium southafrica apartheid nelsonmandela sport nation rugby president racism poverty celebration duringcreditsstinger newly elected president nelson mandela knows his nation remains racially and economically divided in the wake of apartheid. believing he can bring his people together through the universal language of sport, mandela rallies south africa's rugby team as they make their historic run to the 1995 rugby world cup championship match. his people needed a leader. he gave them a champion."
16866,23.661071,104945765,91.0,planet 51,5.6,556,"sciencefiction animation family comedy adventure flyingsaucer alienlife-form spaceship alien alienplanet planet duringcreditsstinger when earth astronaut capt. chuck baker arrives on planet 51 -- a world reminiscent of american suburbia circa 1950 -- he tries to avoid capture, recover his spaceship and make it home safely, all with the help of an empathetic little green being. something strange is coming to their planet...us!"
786,21.547446,47383689,122.0,almost famous,7.4,797,"drama music hotelroom sandiego drugaddiction stewardess overdose groupie musicjournalist blacksabbath rock concert swimmingpool basedontruestory promiscuity comingofage ontheroad domineeringmother reconciliation semiautobiographical innocencelost bustrip aspiringwriter almost famous is an autobiographical inspired film about a 15-year-old who is hired by rolling stone magazine to follow and interview a rock band during their tour. a film about growing up, first love, disappointment, and the life of a rock star. experience it. enjoy it. just don't fall for it."
11679,36.689223,71073932,101.0,xxx: state of the union,4.7,549,"action adventure crime drama mystery thriller washingtond.c. helicopter usapresident general coupd'etat militaryprison coup agent insurgent secretaryofdefense potus ice cube stars as darius stone, a thrill-seeking troublemaker whose criminal record and extreme sports obsession make him the perfect candidate to be the newest xxx agent. he must save the u.s. government from a deadly conspiracy led by five-star general and secretary of defense george deckert (played by willem dafoe). prepare for the next level"
38321,28.350927,78309131,87.0,priest,5.4,692,"action sciencefiction fantasy thriller horror vampire crucifixion post-apocalyptic dystopia vampirehunter disobey niece darkhero in an alternate world, humanity and vampires have warred for centuries. after the last vampire war, the veteran warrior priest lives in obscurity with other humans inside one of the church's walled cities. when the priest's niece is kidnapped by vampires, the priest breaks his vows to hunt them down. he is accompanied by the niece's boyfriend, who is a wasteland sheriff, and a former warrior priestess. vampire killer"
8413,29.787135,26673242,96.0,event horizon,6.5,742,"horror sciencefiction mystery spacemarine nudity nightmare hallucination cryogenics spacetravel blackhole insanity delusion crew alternatedimension evilspirit hellgate religion explosion violence burningman rescueteam flashback supernaturalpower trappedinspace distresssignal derelictship in the year 2047 a group of astronauts are sent to investigate and salvage the long lost starship ""event horizon"". the ship disappeared mysteriously 7 years before on its maiden voyage and with its return comes even more mystery as the crew of the ""lewis and clark"" discover the real truth behind its disappearance and something even more terrifying. infinite space - infinite terror"
123553,45.514031,90565421,130.0,the mortal instruments: city of bones,6.2,1602,"action adventure drama mystery romance fantasy angel vampire werewolf warlock downworlder shadowhunter demonhunter basedonyoungadultnovel in new york city, clary fray, a seemingly ordinary teenager, learns that she is descended from a line of shadowhunters — half-angel warriors who protect humanity from evil forces. after her mother disappears, clary joins forces with a group of shadowhunters and enters downworld, an alternate realm filled with demons, vampires, and a host of other creatures. clary and her companions must find and protect an ancient cup that holds the key to her mother's future. you have been chosen"
2309,27.018886,57490374,106.0,inkheart,6.0,592,"adventure family fantasy book fairytale eavesdropping adventure writer'sblock the adventures of a father and his young daughter, in their search for a long lost book that will help reunite a missing, close relative. every story ever written is just waiting to become real."
210860,52.417529,30418560,106.0,mortdecai,5.4,1055,"comedy adventure basedonnovel painting debt artdealer stolenpainting art dealer, charles mortdecai, searches for a stolen painting rumored to contain a secret code that gains access to hidden nazi gold. sophistication has a name."
293660,514.569956,783112979,108.0,deadpool,7.4,10995,"action adventure comedy antihero mercenary marvelcomic superhero basedoncomicbook breakingthefourthwall aftercreditsstinger duringcreditsstinger selfhealing deadpool tells the origin story of former special forces operative turned mercenary wade wilson, who after being subjected to a rogue experiment that leaves him with accelerated healing powers, adopts the alter ego deadpool. armed with his new abilities and a dark, twisted sense of humor, deadpool hunts down the man who nearly destroyed his life. witness the beginning of a happy ending"
190859,87.53437,542307423,133.0,american sniper,7.4,4469,"war action sniper biography iraq navyseal u.s.soldier u.s. navy seal chris kyle takes his sole mission—protect his comrades—to heart and becomes one of the most lethal snipers in american history. his pinpoint accuracy not only saves countless lives but also makes him a prime target of insurgents. despite grave danger and his struggle to be a good husband and father to his family back in the states, kyle serves four tours of duty in iraq. however, when he finally returns home, he finds that he cannot leave the war behind. the most lethal sniper in u.s. history."
257445,45.351617,158162788,103.0,goosebumps,6.2,995,"adventure horror comedy basedonnovel magic fantasy werewolf family ventriloquistdummy bookcomestolife 3d a teenager teams up with the daughter of young adult horror author r.l. stine after the writer's imaginary demons are set free on the town of madison, delaware. the stories are alive."
9007,13.43573,102854431,95.0,just like heaven,6.5,579,"comedy fantasy romance coma basedonnovel workaholic flirt architect romanticcomedy ghost landscapearchitect shortly after david abbott moves into his new san francisco digs, he has an unwelcome visitor on his hands: winsome elizabeth martinson, who asserts that the apartment is hers -- and promptly vanishes. when she starts appearing and disappearing at will, david thinks she's a ghost, while elizabeth is convinced she's alive. it's a wonderful afterlife."
1370,31.294717,189015611,102.0,rambo iii,5.7,690,"action adventure thriller war competition submachinegun sovietunion liberation russian soviettroops thailand freedomfighter afghanistan waronfreedom machinegun mujahid realityshow western japanesefood soapopera combat has taken its toll on rambo, but he's finally begun to find inner peace in a monastery. when rambo's friend and mentor col. trautman asks for his help on a top secret mission to afghanistan, rambo declines but must reconsider when trautman is captured. the first was for himself. the second for his country. this time it's to save his friend."
116741,1.551497,44000000,119.0,the internship,6.1,1658,comedy jobinterview lossofjob intern referencetogoogle newjob laidoff transamericapyramid two recently laid-off men in their 40s try to make it as interns at a successful internet company where their managers are in their 20s. hiring them was a brilliant mistake.
35791,2.143764,300228084,97.0,resident evil: afterlife,5.8,1363,"action adventure horror sciencefiction post-apocalyptic dystopia undead biohazard evilcorporation residentevil zombie basedonvideogame duringcreditsstinger 3d in a world ravaged by a virus infection, turning its victims into the undead, alice continues on her journey to find survivors and lead them to safety. her deadly battle with the umbrella corporation reaches new heights, but alice gets some unexpected help from an old friend. a new lead that promises a safe haven from the undead takes them to los angeles, but when they arrive the city is overrun by thousands of undead - and alice and her comrades are about to step into a deadly trap. she's back...and she's bringing a few of her friends."
1813,33.8473,152944660,144.0,the devil's advocate,7.2,1374,"drama horror mystery thriller childabuse southernusa obsession subway nudity bible seduction hallucination ambition devil'sson marriagecrisis pactwiththedevil crookedlawyer evilspirit satan religion lust courtroom temptation lawfirm manhattan,newyorkcity sevendeadlysins ethics gainesvilleflorida a hotshot lawyer gets more than he bargained for when he learns his new boss is lucifer himself. evil has its winning ways."
8840,31.791979,115267375,103.0,dragonheart,6.4,535,"fantasy magic kingdom despot immortality village forest army horror partner revenge knight battle medieval dragonheart in an ancient time when majestic fire-breathers soared through the skies, a knight named bowen comes face to face and heart to heart with the last dragon on earth, draco. taking up arms to suppress a tyrant king, bowen soon realizes his task will be harder than he'd imagined: if he kills the king, draco will die as well. you will believe."
71676,48.622278,149217355,95.0,ghost rider: spirit of vengeance,4.7,1135,"action fantasy thriller monk easterneurope skeleton biker marvelcomic superhero motorcycle devil darkhero ghostrider when the devil resurfaces with aims to take over the world in human form, johnny blaze reluctantly comes out of hiding to transform into the flame-spewing supernatural hero ghost rider -- and rescue a 10-year-old boy from an unsavory end. he rides again."
10022,35.4763,113006880,95.0,the pacifier,5.8,842,action comedy drama family thriller bodybuilder children bodyguard scientist family u.s.soldier deathofhusband malenanny disgraced navy seal shane wolfe is handed a new assignment: protect the five plummer kids from enemies of their recently deceased father -- a government scientist whose top-secret experiment remains hidden in the kids' house. welcome to the infantry.
13,138.133331,677945399,142.0,forrest gump,8.2,7927,"comedy drama romance vietnamveteran hippie mentallydisabled running basedonnovel vietnam vietnamwar friendship love familyrelationships bully mothersonrelationship military hugging shrimping woundedsoldier flashback parkbench amputee a man with a low iq has accomplished great things in his life and been present during significant historic events - in each case, far exceeding what anyone imagined he could do. yet, despite all the things he has attained, his one true love eludes him. 'forrest gump' is the story of a man who rose above his challenges, and who proved that determination, courage, and love are more important than ability. the world will never be the same, once you've seen it through the eyes of forrest gump."
6477,47.336034,361366633,92.0,alvin and the chipmunks,5.5,1177,"comedy music family fantasy animation pop popstar recordproducer surprise approach forest music concert friendship performance chipmunk talkinganimal songwriter talkingtoanimals duringcreditsstinger a struggling songwriter named dave seville finds success when he comes across a trio of singing chipmunks: mischievous leader alvin, brainy simon, and chubby, impressionable theodore. get your squeak on!"
1597,29.97224,330444045,108.0,meet the parents,6.6,1698,"comedy romance cia airport cat jew orderly airplane father-in-law epistaxis daughter lostbaggage urn pavilion volleyball hospital wedding greg focker is ready to marry his girlfriend, pam, but before he pops the question, he must win over her formidable father, humorless former cia agent jack byrnes, at the wedding of pam's sister. as greg bends over backward to make a good impression, his visit to the byrnes home turns into a hilarious series of disasters, and everything that can go wrong does, all under jack's critical, hawklike gaze. first comes love. then comes the interrogation."
10530,47.845589,346079773,81.0,pocahontas,6.7,1457,"adventure animation drama family cultureclash settler forbiddenlove colony musical goldrush princess romance nativeamerican animation virginia starcrossedlovers referencetopizarro jamestownvirginia pugdog crossculturalrelationship musket animatetree indianchief basedonfolktale 17thcentury shamanism songs indiansvs.settlers animalsidekick powhatan landclaim history comes gloriously to life in disney's epic animated tale about love and adventure in the new world. pocahontas is a native american woman whose father has arranged for her to marry her village's best warrior. but a vision tells her change is coming, and soon she comes face to face with it in the form of capt. john smith. an american legend comes to life."
1924,48.507081,300218018,143.0,superman,6.9,1022,"action adventure fantasy sciencefiction savingtheworld journalist dccomics crimefighter nuclearmissile galaxy superhero basedoncomicbook criminal sabotage northpole midwest kryptonite superpowers superhumanstrength aftercreditsstinger savetheday mild-mannered clark kent works as a reporter at the daily planet alongside his crush, lois lane − who's in love with superman. clark must summon his superhero alter ego when the nefarious lex luthor launches a plan to take over the world. you'll believe a man can fly!"
9327,20.28119,128769345,95.0,the nutty professor,5.4,702,"fantasy comedy romance sciencefiction overweight overweightman duringcreditsstinger eddie murphy stars as shy dr. sherman klump, a kind, brilliant, 'calorifically challenged' genetic professor. when beautiful carla purty joins the university faculty, sherman grows desperate to whittle his 400-pound frame down to size and win her heart. so, with one swig of his experimental fat-reducing serum, sherman becomes 'buddy love', a fast-talking, pumped-up , plumped down don juan. inside sherman klump, a party animal is about to break out."
8488,34.576913,368100420,118.0,hitch,6.4,1665,"comedy drama romance speeddate romanticcomedy dating dating coach alex 'hitch' hitchens mentors a bumbling client, albert, who hopes to win the heart of the glamorous allegra cole. while albert makes progress, hitch faces his own romantic setbacks when proven techniques fail to work on sara melas, a tabloid reporter digging for dirt on allegra cole's love life. when sara discovers hitch's connection to albert – now allegra's boyfriend – it threatens to destroy both relationships. the cure for the common man."
8273,36.194802,231449203,103.0,american wedding,6.0,1129,"comedy romance handcuffs sistersisterrelationship spanner blowjob stagnight wedding with high school a distant memory, jim and michelle are getting married -- and in a hurry, since jim's grandmother is sick and wants to see him walk down the aisle -- prompting stifler to throw the ultimate bachelor party. and jim's dad is reliable as ever, doling out advice no one wants to hear. forever hold your piece."
109424,52.786917,95000000,134.0,captain phillips,7.6,2454,"action drama thriller ship hijacking somalia fisherman blood poverty pirate terrorism commando hijack cargoship shipcaptain shiphijacking somali commandounit the true story of captain richard phillips and the 2009 hijacking by somali pirates of the us-flagged mv maersk alabama, the first american cargo ship to be hijacked in two hundred years. out here survival is everything."
35056,38.06168,152263880,97.0,date night,5.9,1122,"comedy date corruption taxi expensiverestaurant wifehusbandrelationship gun boat taxidriver document restaurant roof marriedcouple politician stripper shooting thief carcrash stealing mistakenidentity policecorruption aftercreditsstinger duringcreditsstinger phil and claire foster fear that their mild-mannered relationship may be falling into a stale rut. during their weekly date night, their dinner reservation leads to their being mistaken for a couple of thieves – and now a number of unsavoury characters want phil and claire killed. one ordinary couple. one little white lie."
8839,19.830132,287928194,100.0,casper,6.0,1019,"fantasy comedy family halloween friendship supernatural afterlife friends danger ghost disorder youngheroes imaginary supernaturalability mischievouschildren furious that her late father only willed her his gloomy-looking mansion rather than his millions, carrigan crittenden is ready to burn the place to the ground when she discovers a map to a treasure hidden in the house. but when she enters the rickety mansion to seek her claim, she is frightened away by a wicked wave of ghosts. determined to get her hands on this hidden fortune, she hires afterlife therapist dr. james harvey to exorcise the ghosts from the mansion. harvey and his daughter kat move in, and soon kat meets casper, the ghost of a young boy who's ""the friendliest ghost you know."" but not so friendly are casper's uncles--stretch, fatso and stinkie--who are determined to drive all ""fleshies"" away. get an afterlife"
156022,79.922059,192330738,132.0,the equalizer,7.1,2954,"thriller action crime corruption assassin hostage fbi hitman russian securitycamera sadism vigilante sociopath revenge suspense organizedcrime gore gangster violence teenageprostitute commando interrogation surveillance exsoldier fakeddeath loner callgirl blackops handtohandcombat mysteriouspast in the equalizer, denzel washington plays mccall, a man who believes he has put his mysterious past behind him and dedicated himself to beginning a new, quiet life. but when mccall meets teri (chloë grace moretz), a young girl under the control of ultra-violent russian gangsters, he can’t stand idly by – he has to help her. armed with hidden skills that allow him to serve vengeance against anyone who would brutalize the helpless, mccall comes out of his self-imposed retirement and finds his desire for justice reawakened. if someone has a problem, if the odds are stacked against them, if they have nowhere else to turn, mccall will help. he is the equalizer. what do you see when you look at me?"
1402,80.581367,307077295,117.0,the pursuit of happyness,7.7,2525,"drama sanfrancisco singleparent homelessperson bus worker homelessness work churchservice badluck biography salesman stockbroker the true story of christopher gardner, who invests heavily in a device known as a 'bone density scanner', only to find himself struggle to sell the product as it's just marginally better than the current technology, and much more expensive. his wife leaves him,  he loses his house, bank account and credit cards and, now forced to live out in the streets with his young son,  he's desperate to find a steady job. he takes on a job as a stockbroker but, before he can receive pay, he needs to go through 6 months of training, and must sell his devices. "
9315,32.05145,223387299,98.0,flightplan,6.1,772,"thriller drama mystery berlin lossoffather airplane baby-snatching a claustrophobic, hitchcockian thriller. a bereaved woman and her daughter are flying home from berlin to america. at 30,000 feet the child vanishes and nobody admits she was ever on that plane. if someone took everything you live for... how far would you go to get it back?"
795,21.272734,198685114,114.0,city of angels,6.4,529,"drama fantasy romance suicide angel lifeanddeath desperation operation heaven faith afterlife losangeles interspeciesromance when guardian angel seth -- who invisibly watches over the citizens of los angeles -- becomes captivated by maggie, a strong-willed heart surgeon, he ponders trading in his pure, otherworldly existence for a mortal life with his beloved. the couple embarks on a tender but forbidden romance spanning heaven and earth. she didn't believe in angels until she fell in love with one."
24,79.754966,180949000,111.0,kill bill: vol. 1,7.7,4949,"action crime japan coma martialarts kungfu underworld yakuza sword bride revenge gore femaleyakuza blood wedding samuraisword partanimation an assassin is shot at the altar by her ruthless employer, bill and other members of their assassination circle – but 'the bride' lives to plot her vengeance. setting out for some payback, she makes a death list and hunts down those who wronged her, saving bill for last. go for the kill."
393,50.622607,152159461,136.0,kill bill: vol. 2,7.6,3948,"action crime thriller brotherbrotherrelationship swordplay katana motherrole rageandhate daughter rightandjustice single aftercreditsstinger duringcreditsstinger the bride unwaveringly continues on her roaring rampage of revenge against the band of assassins who had tried to kill her and her unborn child. she visits each of her former associates one-by-one, checking off the victims on her death list five until there's nothing left to do … but kill bill. the bride is back for the final cut."
9374,29.498304,149022650,104.0,death becomes her,6.3,636,"fantasy comedy jealousy beauty immortality rivalry potion drinking madeline is married to ernest, who was once arch-rival helen's fiance. after recovering from a mental breakdown, helen vows to kill madeline and steal back ernest. unfortunately for everyone, the introduction of a magic potion causes things to be a great deal more complicated than a mere murder plot. in one small bottle... the fountain of youth. the secret of eternal life. the power of an ancient potion. sometimes it works... sometimes it doesn't."
8584,25.400935,56932305,110.0,shanghai noon,6.2,735,"adventure action comedy western princess sioux travel rescue nativeamerican chinese cowboy duringcreditsstinger 19thcentury chon wang, a clumsy imperial guard trails princess pei pei when she is kidnapped from the forbidden city and transported to america. wang follows her captors to nevada, where he teams up with an unlikely partner, outcast outlaw roy o'bannon, and tries to spring the princess from her imprisonment. the old west meets the far east."
58224,32.835777,187361754,94.0,mr. popper's penguins,5.7,751,"comedy family taxi restaurant zoo penguin exhusband littleboy zookeeper doorman ride birdhatching aftercreditsstinger duringcreditsstinger jim carrey stars as tom popper, a successful businessman who’s clueless when it comes to the really important things in life...until he inherits six “adorable” penguins, each with its own unique personality. soon tom’s rambunctious roommates turn his swank new york apartment into a snowy winter wonderland — and the rest of his world upside-down. "
8077,45.856409,159773545,114.0,alien³,6.2,1633,"sciencefiction action horror prison android spacecraft spacemarine imprisonment spacecolony spacetravel rottweiler dystopia sequel alien redemption outerspace planet shavedhead crashlanding impregnation penalcolony furnace suspendedanimation xenomorph after escaping with newt and hicks from the alien planet, ripley crash lands on fiorina 161, a prison planet and host to a correctional facility. unfortunately, although newt and hicks do not survive the crash, a more unwelcome visitor does. the prison does not allow weapons of any kind, and with aid being a long time away, the prisoners must simply survive in any way they can. the bitch is back."
8195,32.657488,41610884,122.0,ronin,6.7,658,"action thriller crime adventure paris france armsdeal audi impostor case violence iceskating computerexpert exkgb preparation hitwithacardoor cellularphonetrace merrygoround a briefcase with undisclosed contents – sought by irish terrorists and the russian mob – makes its way into criminals' hands. an irish liaison assembles a squad of mercenaries, or 'ronin', and gives them the thorny task of recovering the case. your ally could become your enemy."
116149,39.882276,259207227,95.0,paddington,7.0,883,"family comedy england trainstation basedonnovel bear anthropomorphism talkingtoanimals children'sbook a young peruvian bear with a passion for all things british travels to london in search of a home. finding himself lost and alone at paddington station, he begins to realize that city life is not all he had imagined - until he meets the kindly brown family, who read the label around his neck ('please look after this bear. thank you.') and offer him a temporary haven. it looks as though his luck has changed until this rarest of bears catches the eye of a museum taxidermist... the adventure begins"
80035,39.395881,68267862,98.0,the watch,5.3,881,"comedy usa sterility castration marriage friendship alien suburb alieninvasion death teenagedaughter neighborhoodwatch creepyneighbor four everyday suburban guys come together as an excuse to escape their humdrum lives one night a week. but when they accidentally discover that their town has become overrun with aliens posing as ordinary suburbanites, they have no choice but to save their neighborhood - and the world - from total extermination. got protection?"
3580,27.50916,113020255,141.0,changeling,7.3,1131,"crime drama mystery corruption mother nudity minister power public government police reunion murder conspiracy losangeles missing motherlove criticism christine collins is overjoyed when her kidnapped son is brought back home. but when christine suspects that the boy returned to her isn't her child, the police captain has her committed to an asylum. to find her son, she did what no one else dared."
8202,29.954302,52304001,93.0,æon flux,5.4,703,"action sciencefiction martialarts dystopia surrealism basedoncartoon shootout espionage infertility cyberpunk extremeviolence sabotage oneagainstmany womandirector handtohandcombat actionheroine humancloning 25thcentury 400 years into the future, disease has wiped out the majority of the world's population, except one walled city, bregna, ruled by a congress of scientists. when æon flux, the top operative in the underground 'monican' rebellion, is sent on a mission to kill a government leader, she uncovers a world of secrets. the perfect world meets the perfect assassin"
42297,22.863516,89519773,119.0,burlesque,6.9,573,"drama romance musical losangeles burlesque burlesquedancer the burlesque lounge has its best days behind it. tess, a retired dancer and owner of the venue, struggles to keep the aging theater alive, facing all kinds of financial and artistic challenges. with the lounge's troupe members becoming increasingly distracted by personal problems and a threat coming from a wealthy businessman's quest to buy the spot from tess, the good fortune seems to have abandoned the club altogether. meanwhile, the life of ali, a small-town girl from iowa, is about to change dramatically. hired by tess as a waitress at the lounge, ali escapes a hollow past and quickly falls in love with the art of burlesque. backed by newfound friends amongst the theater's crew, she manages to fulfill her dreams of being on stage herself. things take a dramatic turn though when ali's big voice makes her become the main attraction of the revue it takes a legend... to make a star"
36586,67.169587,155010032,117.0,blade ii,6.2,1528,"fantasy horror action thriller katana mutation vampire silver superhero tragicvillain brokenneck lasersight violence explodingbody blade subjectivecamera torsocutinhalf reaper brokenwrist razorblade shotthroughadoor swordduel burntface a rare mutation has occurred within the vampire community - the reaper. a vampire so consumed with an insatiable bloodlust that they prey on vampires as well as humans, transforming victims who are unlucky enough to survive into reapers themselves. blade is asked by the vampire nation for his help in preventing a nightmare plague that would wipe out both humans and vampires. faster. sharper. deadlier."
11321,41.472404,168167691,123.0,seven pounds,7.5,2039,drama vegetarian taxcollector pianist blind organtransplant bloodtype an irs agent with a fateful secret embarks on an extraordinary journey of redemption by forever changing the lives of seven strangers. seven names. seven strangers. one secret.
242,59.194915,136766062,162.0,the godfather: part iii,7.1,1546,"crime drama thriller italy christianity newyork assassination italo-american vatican pope confession helicopter daughter lawyer in the midst of trying to legitimize his business dealings in 1979 new york and italy, aging mafia don, michael corleone seeks forgiveness for his sins while taking a young protege under his wing. all the power on earth can't change destiny."
8536,30.515175,190458706,127.0,superman ii,6.5,629,"action adventure fantasy sciencefiction savingtheworld dccomics sequel superhero basedoncomicbook lossofvirginity criminal superpowers phantomzone rocketfiredgrenade crystalmachine superhumanstrength duringcreditsstinger three escaped criminals from the planet krypton test the man of steel's mettle. led by gen. zod, the kryptonians take control of the white house and partner with lex luthor to destroy superman and rule the world. but superman, who attempts to make himself human in order to get closer to lois, realizes he has a responsibility to save the planet. the man of steel meets his match!"
9444,45.565918,139804348,94.0,anastasia,7.4,1432,"animation family tzar musical russianrevolution trainexplosion foreignlanguageadaptation explodingtrain this animated adventure retells the story of the lost daughter of russia's last czar. the evil rasputin places a curse on the romanov family, and anastasia and her grandmother, empress maria, get separated. after growing up in an orphanage, anastasia encounters two russian men seeking a reward offered by empress maria for the return of her granddaughter. the trio travels to paris, where they find that the empress has grown skeptical of imposters. discover the adventure behind the greatest mystery of our time."
824,57.374341,179213434,127.0,moulin rouge!,7.4,1300,"drama music romance duke musical writer'sblock music terminalillness writer noopeningcredits moulinrouge bohemian toulouselautrec redcurtain cancandance latraviata orpheusandeurydice dancehall a celebration of love and creative inspiration takes place in the infamous, gaudy and glamorous parisian nightclub, at the cusp of the 20th century. a young poet, who is plunged into the heady world of moulin rouge, begins a passionate affair with the club's most notorious and beautiful star. no laws. no limits. one rule. never fall in love."
261023,46.049902,98837872,122.0,black mass,6.3,1242,"crime drama boston basedontruestory organizedcrime the true story of whitey bulger, the brother of a state senator and the most infamous violent criminal in the history of south boston, who became an fbi informant to take down a mafia family invading his turf. keep your enemies close."
3683,23.9366,65900249,132.0,flags of our fathers,6.7,526,"war drama history worldwarii dyinganddeath pacific iwojima aftercreditsstinger duringcreditsstinger there were five marines and one navy corpsman photographed raising the u.s. flag on mt. suribachi by joe rosenthal on february 23, 1945. this is the story of three of the six surviving servicemen – john 'doc' bradley, pvt. rene gagnon and pvt. ira hayes, who fought in the battle to take iwo jima from the japanese. they fight for their country but they die for their friends."
22803,49.593978,126690726,109.0,law abiding citizen,7.2,1486,drama crime thriller tattoo secretpassage baseballbat deal explosion justice districtattorney courtroom vigilantism a frustrated man decides to take justice into his own hands after a plea bargain sets one of his family's killers free. he targets not only the killer but also the district attorney and others involved in the deal. the system must pay.
640,73.944049,352114312,141.0,catch me if you can,7.7,3795,"drama crime conman biography fbiagent overheadcamerashot attemptedjailbreak engagementparty mislaidtrust bankfraud inspiredbyatruestory a true story about frank abagnale jr. who, before his 19th birthday, successfully conned millions of dollars worth of checks as a pan am pilot, doctor, and legal prosecutor. an fbi agent makes it his mission to put him behind bars. but frank not only eludes capture, he revels in the pursuit. the true story of a real fake."
97630,38.306954,132820716,157.0,zero dark thirty,6.7,1702,"thriller drama history assassination cia hotel terrorist prisoner cardealer mossad van iraq pakistan osamabinladen manhunt navyseal fword femaleprotagonist gunfight raid violence textmessage monkey dog specialforces tiedup military area51 terroristgroup torturing womandirector alqaeda prisoncamp watertorture suicidebombing 21stcentury exspecialforces post9/11 helicoptercrash islamabad a chronicle of the decade-long hunt for al-qaeda terrorist leader osama bin laden after the september 2001 attacks, and his death at the hands of the navy s.e.a.l. team 6 in may, 2011. the greatest manhunt in history"
9767,26.251217,204999686,106.0,the break-up,5.6,832,"romance comedy bowling chicago americanfootball flat baseball newlove tourguide break-up artgallery argument pooltable watchingtv ex-boyfriendex-girlfriendrelationship dinnerparty condominium cohabitating couple gary and brooke find their once-blissful romance on the rocks when petty spats about lemons and dirty dishes mushroom into an all-out battle for custody of their upscale chicago condo. an escalating argument ensues as gary and brooke continue to live under the same roof, all while cooking up schemes to drive each other off the premises. . . . pick a side."
11631,30.780599,609841637,108.0,mamma mia!,6.4,1386,"comedy romance singleparent greece musical daughter single motherdaughterrelationship duringcreditsstinger womandirector set on an idyllic greek island, the plot serves as a background for a wealth of abba hit songs. donna, an independent, single mother who owns a small hotel on the island is about to let go of sophie, the spirited young daughter she's raised alone. but sophie has secretly invited three of her mother's ex-lovers in the hopes of finding her father. take a trip down the aisle you'll never forget"
32856,25.41929,216485654,125.0,valentine's day,5.7,1013,"comedy romance flower marriedcouple florist kiss single valentine valentine'sday multiplestorylines aftercreditsstinger duringcreditsstinger more than a dozen angelenos navigate valentine's day from early morning until midnight. three couples awake together, but each relationship will sputter; are any worth saving? a grade-school boy wants flowers for his first true love; two high school seniors plan first-time sex at noon; a tv sports reporter gets the assignment to find romance in la; a star quarterback contemplates his future; two strangers meet on a plane; grandparents, together for years, face a crisis; and, an ""i hate valentine's day"" dinner beckons the lonely and the lied to. can cupid finish his work by midnight? a love story. more or less."
8741,40.072583,98126565,170.0,the thin red line,7.2,771,"drama history war basedonnovel japanese worldwarii battleassignment invasion marinecorps u.s.army commander pacific rifle survival jungle infantry steelhelmet sergeant pacificisland soldier battle fighting guadalcanal awol philosophicconflict based on the graphic novel by james jones, the thin red line tells the story of a group of men, an army rifle company called c-for-charlie, who change, suffer, and ultimately make essential discoveries about themselves during the fierce world war ii battle of guadalcanal. it follows their journey, from the surprise of an unopposed landing, through the bloody and exhausting battles that follow, to the ultimate departure of those who survived. a powerful frontline cast - including sean penn, nick nolte, woody harrelson and george clooney - explodes into action in this hauntingly realistic view of military and moral chaos in the pacific during world war ii. every man fights his own war."
49520,32.015477,75450437,112.0,the change-up,5.9,736,"comedy jealousy chance wish change manchange co-worker body-swap dave is a married man with two kids and a loving wife , and mitch is a single man who is at the prime of his sexual life. one fateful night while mitch and dave are peeing in a fountain when lightning strikes, they switch bodies. who says men can't change?"
524,40.06688,116112375,178.0,casino,7.8,1307,drama crime poker drugabuse 1970s overdose illegalprostitution the life of the gambling paradise – las vegas – and its dark mafia underbelly. no one stays at the top forever.
26389,27.916284,52826594,92.0,from paris with love,6.1,675,"action crime thriller paris cia undercover explosive pimp ambassador antihero revelation french politician firearm deception carcrash gang james reese has a good job as an ambassador's aid in france, but his real passion is a side gig, working in a minor role in the cia. he would love to be a full-fledged agent and can't believe his luck when he lands an assignment with charlie wax. trigger-happy charlie soon has james crying for his desk job, but when he learns that the same guys they're trying to catch are after him, james realizes that charlie may be his only hope of survival. two agents. one city. no merci."
2123,39.001682,149270999,116.0,"me, myself & irene",6.1,927,"comedy schizophrenia ex-cop aftercreditsstinger duringcreditsstinger rhode island state trooper charlie baileygates has a multiple personality disorder. one personality is crazy and aggressive, while the other is more friendly and laid back. both of these personalities fall in love with the same woman named irene after charlie loses his medication. from gentle to mental."
18239,94.815867,709827462,130.0,the twilight saga: new moon,5.6,2436,"adventure fantasy drama romance moon cinema vampire werewolf fangvamp forks, washington resident bella swan is reeling from the departure of her vampire love, edward cullen, and finds comfort in her friendship with jacob black, a werewolf. but before she knows it, she's thrust into a centuries-old conflict, and her desire to be with edward at any cost leads her to take greater and greater risks. the next chapter begins."
808,67.298732,484409218,90.0,shrek,7.3,4056,"adventure animation comedy family fantasy magic liberation lordship castle robinhood enchantment fairy-talefigure princess parody womandirector ogre it ain't easy bein' green -- especially if you're a likable (albeit smelly) ogre named shrek. on a mission to retrieve a gorgeous princess from the clutches of a fire-breathing dragon, shrek teams up with an unlikely compatriot -- a wisecracking donkey. the greatest fairy tale never told."
38050,26.60772,127869379,106.0,the adjustment bureau,6.5,1652,"sciencefiction thriller romance hotel dancer hat senator future honesty plan kiss speech marriage politician alone fate footchase covertagency courthouse politicalcampaign basedonshortstory a man glimpses the future fate has planned for him – and chooses to fight for his own destiny. battling the powerful adjustment bureau across, under and through the streets of new york, he risks his destined greatness to be with the only woman he's ever loved. fight for your fate."
8367,28.803729,390493908,143.0,robin hood: prince of thieves,6.6,909,"adventure england crusade mercifulness robinhood folkhero when the dastardly sheriff of nottingham murders robin's father, the legendary archer vows vengeance. to accomplish his mission, robin joins forces with a band of exiled villagers (and comely maid marian), and together they battle to end the evil sheriff's reign of terror. for the good of all men, and the love of one woman, he fought to uphold justice by breaking the law."
9390,27.039636,273552592,139.0,jerry maguire,6.7,913,"comedy drama romance stadium career sport sportsagent jerry maguire used to be a typical sports agent: willing to do just about anything he could to get the biggest possible contracts for his clients, plus a nice commission for himself. then, one day, he suddenly has second thoughts about what he's really doing. when he voices these doubts, he ends up losing his job and all of his clients, save rod tidwell, an egomaniacal football player. everybody loved him... everybody disappeared."
72105,68.87691,549368315,106.0,ted,6.3,4697,"comedy fantasy friendship love teddybear toycomestolife wishescometrue john bennett, a man whose childhood wish of bringing his teddy bear to life came true, now must decide between keeping the relationship with the bear or his girlfriend, lori. ted is coming."
2898,37.885022,314178011,139.0,as good as it gets,7.2,915,"comedy romance singleparent waitress lonewolf friendship neighbor author cowardliness writer dog rude obnoxious unlikelyfriendship noodlesalad new york city. melvin udall, a cranky, bigoted, obsessive-compulsive writer, finds his life turned upside down when neighboring gay artist simon is hospitalized and his dog is entrusted to melvin. in addition, carol, the only waitress who will tolerate him, must leave work to care for her sick son, making it impossible for melvin to eat breakfast. a comedy from the heart that goes for the throat."
10312,35.537397,202292902,115.0,patch adams,7.0,832,"comedy drama nurse hospital doctor laughter meet patch adams, a doctor who doesn't look, act or think like any doctor you've met before. for patch, humor is the best medicine, and he's willing to do just anything to make his patients laugh - even if it means risking his own career. laughter is contagious"
109443,38.125008,173649015,119.0,anchorman 2: the legend continues,6.0,923,"comedy journalism mustache tvnews newsroom gangwarfare aftercreditsstinger newsspoof tvnewsanchor with the 70s behind him, san diego's top rated newsman, ron burgundy, returns to take new york's first 24-hour news channel by storm. it's kind of a big deal"
2022,18.121404,171269535,96.0,mr. deeds,5.6,644,"comedy romance loveletter newhampshire ferrari liar citycountrycontrast inheritance billionaire newyorkcity kindness fable appletree corporatetakeover chryslerbuilding when longfellow deeds, a small-town pizzeria owner and poet, inherits $40 billion from his deceased uncle, he quickly begins rolling in a different kind of dough. moving to the big city, deeds finds himself besieged by opportunists all gunning for their piece of the pie. babe, a television tabloid reporter, poses as an innocent small-town girl to do an exposé on deeds. small town kid, big time right hook."
37686,37.069253,260095987,112.0,super 8,6.6,2435,"thriller sciencefiction mystery 1970s secret alien traincrash pistol firecracker duringcreditsstinger in 1979 ohio, several youngsters are making a zombie movie with a super-8 camera. in the midst of filming, the friends witness a horrifying train derailment and are lucky to escape with their lives. they soon discover that the catastrophe was no accident, as a series of unexplained events and disappearances soon follows. deputy jackson lamb, the father of one of the kids, searches for the terrifying truth behind the crash. it arrives."
462,30.347332,256271286,131.0,erin brockovich,7.1,716,"drama biography basedontruestory singlemother waterpollution environmentallaw a twice-divorced mother of three who sees an injustice, takes on the bad guy and wins -- with a little help from her push-up bra. erin goes to work for an attorney and comes across medical records describing illnesses clustered in one nearby town. she starts investigating and soon exposes a monumental cover-up. she brought a small town to its feet and a huge corporation to its knees."
9919,23.854701,177371441,116.0,how to lose a guy in 10 days,6.3,850,"comedy romance newyork bet journalist therapist advertisingexpert relationship an advice columnist, andie anderson (kate hudson), tries pushing the boundaries of what she can write about in her new piece about how to get a man to leave you in 10 days. her editor, lana (bebe neuwirth), loves it, and andie goes off to find a man she can use for the experiment. enter executive ben berry (matthew mcconaughey), who is so confident in his romantic prowess that he thinks he can make any woman fall in love with him in 10 days. when andie and ben meet, their plans backfire. one of them is lying. so is the other."
187017,52.380982,188441614,112.0,22 jump street,7.0,3319,"crime comedy action highschool undercovercop buddycomedy aftercreditsstinger duringcreditsstinger after making their way through high school (twice), big changes are in store for officers schmidt and jenko when they go deep undercover at a local college. but when jenko meets a kindred spirit on the football team, and schmidt infiltrates the bohemian art major scene, they begin to question their partnership. now they don't have to just crack the case - they have to figure out if they can have a mature relationship. if these two overgrown adolescents can grow from freshmen into real men, college might be the best thing that ever happened to them. they're not 21 anymore"
628,50.163785,223664608,123.0,interview with the vampire,7.2,1516,"horror romance paris sanfrancisco vampire plantation pity bite fangvamp a vampire relates his epic life story of love, betrayal, loneliness, and dark hunger to an over-curious reporter. drink from me and live forever"
10201,43.849351,225990978,104.0,yes man,6.4,1813,comedy bungee-jump scooter carl allen has stumbled across a way to shake free of post-divorce blues and a dead-end job: embrace life and say yes to everything. one word can change everything.
302699,45.318703,216972543,107.0,central intelligence,6.2,1650,"action comedy spy cia espionage highschoolreunion referencetofacebook accountant after he reunites with an old pal through facebook, a mild-mannered accountant is lured into the world of international espionage. saving the world takes a little hart and a big johnson"
274167,38.616744,242786137,96.0,daddy's home,5.8,854,"comedy daddyshome the story of a mild-mannered radio executive (ferrell) who strives to become the best stepdad ever to his wife's two children, but complications ensue when their freewheeling, freeloading real father arrives, forcing stepdad to compete for the affection of the kids. choose your daddy"
224141,65.90161,212902372,125.0,into the woods,5.6,1652,"fantasy comedy music witch cinderella prince fairytale musical princess sondheim curse basedonstagemusical beanstalk duringcreditsstinger redridinghood in a woods filled with magic and fairy tale characters, a baker and his wife set out to end the curse put on them by their neighbor, a spiteful witch. be careful what you wish for..."
388,45.220386,184376254,129.0,inside man,7.3,1630,"crime drama thriller bankmanager kidnapping nazibackground document ultimatum courtcase heist financialtransactions bank robber dalton russell enters a manhattan bank, locks the doors and takes hostages, working methodically and without haste. detective frazier is assigned to negotiate, but his mind is occupied with the corruption charges he is facing. with an army of police surrounding the bank, the thief, the cop and a high-profile 'fixer' enter high-stakes negotiations. it looked like the perfect bank robbery. but you can't judge a crime by its cover."
2112,17.457947,161626121,100.0,payback,6.7,548,"drama action thriller crime newyork heroin money criminal with friends like these, who needs enemies? that's the question bad guy porter is left asking after his wife and partner steal his heist money and leave him for dead -- or so they think. five months and an endless reservoir of bitterness later, porter's partners and the crooked cops on his tail learn how bad payback can be. no more mr. nice guy."
74465,38.629763,120081841,124.0,we bought a zoo,6.5,909,"drama comedy family zoo benjamin has lost his wife and, in a bid to start his life over, purchases a large house that has a zoo – welcome news for his daughter, but his son is not happy about it. the zoo is need of renovation and benjamin sets about the work with the head keeper and the rest of the staff, but, the zoo soon runs into financial trouble. a true zoo story"
13811,32.693093,155446362,121.0,knowing,5.9,1486,action adventure drama mystery sciencefiction thriller cataclysm code suspense endoftheworld timecapsule astrophysicist grievingwidower lexingtonmassachusetts westfordmassachusetts prediction researcher numbers news a teacher opens a time capsule that has been dug up at his son's elementary school; in it are some chilling predictions -- some that have already occurred and others that are about to -- that lead him to believe his family plays a role in the events that are about to unfold. knowing is everything...
10320,32.233713,161451538,110.0,the ring two,5.4,632,drama horror thriller nun basedonnovel bathtub nightmare son sequel remake vision goodvsevil womanreporter mentalinstitution videotape evilchild rachel keller must prevent evil samara from taking possession of her son's soul. the dead don't sleep.
50646,37.990705,142851197,118.0,"crazy, stupid, love.",7.0,2443,"comedy drama romance soulmates midlifecrisis marriagecrisis womanizer lawschool crazy relationship cal weaver is living the american dream. he has a good job, a beautiful house, great children and a beautiful wife, named emily. cal's seemingly perfect life unravels, however, when he learns that emily has been unfaithful and wants a divorce. over 40 and suddenly single, cal is adrift in the fickle world of dating. enter, jacob palmer, a self-styled player who takes cal under his wing and teaches him how to be a hit with the ladies. this is stupid"
8920,17.667826,200804534,80.0,garfield,5.2,820,"animation comedy family competition moderator lasagne garfield garfield, the fat, lazy, lasagna lover, has everything a cat could want. but when jon, in an effort to impress the liz - the vet and an old high-school crush - adopts a dog named odie and brings him home, garfield gets the one thing he doesn't want. competition. get ready for frisky business."
60308,46.180421,110206216,133.0,moneyball,7.0,1381,"drama underdog basedonnovel baseball teamwork sport partner meeting oaklandcalifornia strategy voiceover statistics the story of oakland athletics general manager billy beane's successful attempt to put together a baseball team on a budget, by employing computer-generated analysis to draft his players. what are you really worth?"
6950,30.397496,189859560,127.0,outbreak,6.3,513,"action drama sciencefiction thriller river general research army serum monkey epidemic medicalresearch a deadly airborne virus finds its way into the usa and starts killing off people at an epidemic rate. col sam daniels' job is to stop the virus spreading from a small town, which must be quarantined, and to prevent an over reaction by the white house. this animal carries a deadly virus... and the greatest medical crisis in the world is about to happen."
225574,83.295796,222809600,106.0,non-stop,6.8,2268,"action thriller mystery airplane conspiracy airplanecrash cellphone hijack onenight mysterykiller bill marks is a burned-out veteran of the air marshals service. he views the assignment not as a life-saving duty, but as a desk job in the sky. however, today's flight will be no routine trip. shortly into the transatlantic journey from new york to london, he receives a series of mysterious text messages ordering him to have the government transfer $150 million into a secret account, or a passenger will die every 20 minutes. the hijacking was just the beginning."
13836,23.935053,106303988,98.0,race to witch mountain,5.5,509,"adventure family fantasy sciencefiction thriller action spacecraft laser teleportation telekinesis alien military duringcreditsstinger supernaturalpower mountain a taxi driver gets more than he bargained for when he picks up two teen runaways. not only does the pair possess supernatural powers, but they're also trying desperately to escape people who have made them their targets. the race is on"
752,84.630969,132511035,132.0,v for vendetta,7.7,4442,"action thriller fantasy detective vatican fascism satanism fascist dystopia government chancellor revenge personificationofsatan torture hatred maskedvigilante catholicism catholicpriest catholicguilt jesuit vengefulspirit activist irishcatholic vengeful jesuitpriest gnosticism occultism in a world in which great britain has become a fascist state, a masked vigilante known only as 'v' conducts guerrilla warfare against the oppressive british government. when 'v' rescues a young woman from the secret police, he finds in her an ally with whom he can continue his fight to free the people of britain. people should not be afraid of their governments. governments should be afraid of their people."
6038,16.251204,88323487,115.0,shanghai knights,6.0,692,"action adventure comedy western londonengland indianterritory emperor revenge murder arrow duringcreditsstinger imperialseal the dynamic duo of chon wang and roy o'bannon return for another crazy adventure. this time, they're in london to avenge the murder of chon's father, but end up on an even bigger case. chon's sister is there to do the same, but instead unearths a plot to kill the royal family. no one believes her, though, and it's up to chon and roy (who has romance on his mind) to prove her right. a royal kick in the arse."
11451,12.050755,66002004,101.0,herbie fully loaded,5.1,542,"comedy family adventure fantasy romance carrace victory car nascar womandirector maggie peyton, the new owner of number 53 - the free-wheelin' volkswagen bug with a mind of its own - puts the car through its paces on the road to becoming a nascar competitor. start your engines..."
60304,53.02787,224803475,88.0,hansel & gretel: witch hunters,5.7,3239,"fantasy horror action witch blackmagic steampunk goodvsevil troll extremeviolence violence witchcraft evil witchhunt witchhunter evilwitch duringcreditsstinger hanselandgretel guns 3d after getting a taste for blood as children, hansel and gretel have become the ultimate vigilantes, hell-bent on retribution. now, unbeknownst to them, hansel and gretel have become the hunted, and must face an evil far greater than witches... their past. classic tale. new twist."
46529,43.450266,144492830,109.0,i am number four,5.9,1567,"action thriller sciencefiction adventure secretidentity alien teenageboy teenagehero alienteenager interspeciesromance basedonyoungadultnovel superpowers a teenage fugitive with an incredible secret races to stay one step ahead of the mysterious forces seeking destroy him in this sci-fi action thriller. with three dead and one on the run, the race to find the elusive number four begins. outwardly normal teen john smith never gets too comfortable in the same identity, and along with his guardian, henri, he is constantly moving from town to town. with each passing day, john gains a stronger grasp on his extraordinary new powers, and his bond to the beings that share his fantastic fate grows stronger. three like him have already been killed…he is number four."
300671,42.526529,69411370,144.0,13 hours: the secret soldiers of benghazi,7.0,938,"action drama history thriller war basedonnovel assaultrifle mercenary libya biography basedontruestory heroism explosion americanabroad death 21stcentury ciaagent u.s.ambassador an american ambassador is killed during an attack at a u.s. compound in libya as a security team struggles to make sense out of the chaos. when everything went wrong, six men had the courage to do what was right."
228326,34.890999,97437106,95.0,the book of life,7.3,755,"romance animation adventure comedy family fantasy lovetriangle afterlife dayofthedead bullfighting the journey of manolo, a young man who is torn between fulfilling the expectations of his family and following his heart. before choosing which path to follow, he embarks on an incredible adventure that spans three fantastical worlds where he must face his greatest fears. "
2649,62.925175,109423648,129.0,the game,7.5,1506,"drama thriller mystery brotherbrotherrelationship birthday dangeroflife birthdayparty surprising in honor of his birthday, san francisco banker nicholas van orton, a financial genius and a coldhearted loner, receives an unusual present from his younger brother, conrad -- a gift certificate to play a unique kind of game. in nearly a nanosecond, nicholas finds himself consumed by a dangerous set of ever-changing rules, unable to distinguish where the charade ends and reality begins. what do you get for the man who has everything?"
588,32.927994,97607453,125.0,silent hill,6.3,1067,"horror mystery monster motherrole burningofwitches fog suffering darkness sadism supernatural revenge surrealism gore survival goodvsevil blood anotherdimension torture creature violence demon witchburning basedonvideogame dismemberment religiousfanatic ghosttown sleepwalking the eerie and deserted ghost town of silent hill draws a young mother desperate to find a cure for her only child's illness. unable to accept the doctor's diagnosis that her daughter should be permanently institutionalized for psychiatric care, rose flees with her child, heading for the abandoned town in search of answers – and ignoring the protests of her husband. it's soon clear this place is unlike anywhere she's ever been. it's smothered by fog, inhabited by a variety of strange beings and periodically overcome by a living 'darkness' that literally transforms everything it touches. as rose searches for her little girl, she begins to learn the history of the strange town and realizes that her daughter is just a pawn in a larger game. we've been expecting you."
71552,39.920035,234989584,113.0,american reunion,6.1,1611,"comedy wifehusbandrelationship sequel familyreunion masturbation scat highschoolreunion quittingajob milf duringcreditsstinger the characters we met a little more than a decade ago are returning to east great falls for their high-school reunion. in one long-overdue weekend, they will discover what has changed, who hasn’t and that time and distance can’t break the bonds of friendship. it was summer 1999 when four small-town michigan boys began a quest to lose their virginity. in the years that have passed, jim and michelle married while kevin and vicky said goodbye. oz and heather grew apart, but finch still longs for stifler’s mom. now these lifelong friends have come home as adults to reminisce about – and get inspired by – the hormonal teens who launched a comedy legend. save the best piece for last."
9631,28.725621,44547681,140.0,the negotiator,6.8,582,"action adventure crime drama mystery thriller corruption hostage pension innocence police hostage-taking murder suspense conspiracy bulletwound negotiator the police try to arrest expert hostage negotiator danny roman, who insists he's being framed for his partner's murder in what he believes is an elaborate conspiracy. thinking there's evidence in the internal affairs offices that might clear him, he takes everyone in the office hostage and demands that another well-known negotiator be brought in to handle the situation and secretly investigate the conspiracy. he frees hostages for a living. now he's taking hostages to survive."
216282,20.566554,160602194,89.0,into the storm,5.8,817,"action thriller tornado student foundfootage disastermovie the town of silverton is in one day destroyed by the unprecedented power of a series of tornadoes. the population is at the mercy of the unpredictable and deadly cyclones, while hunters warn that the worst is yet to come. most people find shelter, but some just go to the tornado for that one, unique shot. prepare to go"
928,33.98637,41482207,106.0,gremlins 2: the new batch,6.2,652,"comedy horror fantasy newyork monster skyscraper mutant restaurant humananimalrelationship mutation tvstation dyinganddeath water researchstation fur bat current electricshock cleverness gremlin cowardliness young sweethearts billy and kate move to the big apple, land jobs in a high-tech office park and soon reunite with the friendly and lovable gizmo. but a series of accidents creates a whole new generation of gremlins. the situation worsens when the devilish green creatures invade a top-secret laboratory and develop genetically altered powers, making them even harder to destroy! here they grow again."
205587,42.472324,83719388,141.0,the judge,7.2,1417,"drama fathersonrelationship judge lawyer a successful lawyer returns to his hometown for his mother's funeral only to discover that his estranged father, the town's judge, is suspected of murder. defend your honor."
1577,29.880122,129394835,94.0,resident evil: apocalypse,6.1,1267,"horror action sciencefiction martialarts mutant dystopia rescue conspiracy evilcorporation zombie basedonvideogame as the city is locked down under quarantine, alice joins a small band of elite soldiers, enlisted to rescue the missing daughter of the creator of the mutating t-virus. it's a heart-pounding race against time as the group faces off against hordes of blood- thirsty zombies, stealthy lickers, mutant canines and the most sinister foe yet. you're all going to die."
9801,28.803802,40203020,108.0,bridget jones: the edge of reason,6.1,750,"comedy romance londonengland lovesickness thailand clumsyfellow todropbrick capture womandirector bridget jones is becoming uncomfortable in her relationship with mark darcy. apart from discovering that he's a conservative voter, she has to deal with a new boss, a strange contractor and the worst vacation of her life. same bridget. brand new diary."
1907,41.362082,144056873,119.0,the beach,6.3,1233,"drama adventure romance thriller hippie exoticisland beach map groupdynamics sharkattack leader thailand community backpacker delusion marijuana youth shark extramaritalaffair twenty-something richard travels to thailand and finds himself in possession of a strange map. rumours state that it leads to a solitary beach paradise, a tropical bliss - excited and intrigued, he sets out to find it. somewhere on this planet it must exist."
44603,13.365715,105197635,129.0,hereafter,5.8,510,"drama fantasy  a supernatural thriller centered on three people -- a blue-collar american, a french journalist and a london school boy -- who are touched by death in different ways. touched by death. changed by life."
1248,6.567065,82169884,121.0,hannibal rising,6.0,654,"crime drama thriller winter psychopath horror serialkiller the story of the early, murderous roots of the cannibalistic killer, hannibal lecter – from his hard-scrabble lithuanian childhood, where he witnesses the repulsive lengths to which hungry soldiers will go to satiate themselves, through his sojourn in france, where as a med student he hones his appetite for the kill. it started with revenge."
72710,42.933027,63327201,125.0,the host,6.0,1817,"action adventure romance sciencefiction thriller basedonnovel massmurder dystopia genocide alieninvasion duringcreditsstinger interspeciesromance alienparasites a parasitic alien soul is injected into the body of melanie stryder. instead of carrying out her race's mission of taking over the earth, ""wanda"" (as she comes to be called) forms a bond with her host and sets out to aid other free humans. you will be one of us"
72710,42.933027,63327201,125.0,the host,6.0,1817,"action adventure romance sciencefiction thriller basedonnovel massmurder dystopia genocide alieninvasion duringcreditsstinger interspeciesromance alienparasites a parasitic alien soul is injected into the body of melanie stryder. instead of carrying out her race's mission of taking over the earth, ""wanda"" (as she comes to be called) forms a bond with her host and sets out to aid other free humans. you will be one of us"
10386,61.245957,23159305,86.0,the iron giant,7.6,1436,"adventure animation family fantasy sciencefiction coldwar friendship giantrobot sittingonatoilet fearofunknown 1950s laxative in the small town of rockwell, maine in october 1957, a giant metal machine befriends a nine-year-old boy and ultimately finds its humanity by unselfishly saving people from their own fears and prejudices. it came from outer space!"
421,25.237969,34808403,119.0,the life aquatic with steve zissou,7.1,775,"adventure comedy drama ocean filmmaking lossofmother cynic redcap ship wes anderson’s incisive quirky comedy build up stars complex characters like in ‘the royal tenenbaums’ with bill murray on in the leading role. an ocean adventure documentary film maker zissou is put in all imaginable life situations and a tough life crisis as he attempts to make a new film about capturing the creature that caused him pain. the deeper you go, the weirder life gets."
241554,74.64653,71561644,114.0,run all night,6.3,1148,"action crime drama mystery thriller hitman revenge murder ontherun mobster brooklyn mobster and prolific hit man jimmy conlon has seen better days. longtime best friend of a mob boss, jimmy is haunted by the sins of his past—as well as a dogged police detective who’s been one step behind jimmy for 30 years. but when jimmy’s estranged son becomes a target, jimmy must make a choice between the crime family he chose and the real family he abandoned long ago. now, with nowhere safe to turn, jimmy has just one night to figure out exactly where his loyalties lie and to see if he can finally make things right. no sin goes unpunished"
2252,35.481169,55112356,100.0,eastern promises,7.2,848,thriller crime mystery londonengland gay malenudity femalenudity fathersonrelationship sex jealousy underworld undercover hitman russian diary humantrafficking midwife murder motherdaughterrelationship orphan gangster motorcycle bathhouse a russian teenager living in london who dies during childbirth leaves clues to a midwife in her journal that could tie her child to a rape involving a violent russian mob family. every sin leaves a mark.
38319,21.408222,26121638,102.0,your highness,5.2,501,"comedy kidnapping traitor virgin prince princess revenge minotaur knight dragon wedding king swordandsorcery a fantasy movie about an arrogant, lazy prince and his more heroic brother who must complete a quest in order to save their father's kingdom. get your quest on."
18501,27.631262,40828540,95.0,gamer,5.6,760,"action thriller sciencefiction dystopia mindcontrol gunbattle wrongfulimprisonment dystopicfuture wrongfulconviction onlinegaming mind-control technology has taken society by a storm, a multiplayer on-line game called ""slayers"" allows players to control human prisoners in mass-scale. simon (lerman) controls kable (butler), the online champion of the game. kable's ultimate challenge becomes regaining his identity and independence by defeating the game's mastermind (hall). in the near future, you don't live to play... you'll play to live."
109491,40.721373,60052138,124.0,beautiful creatures,5.6,984,"fantasy drama romance civilwar southernusa magic light dark classprejudice casters basedonyoungadultnovel ethan wate just wants to get to know lena duchannes better, but unbeknownst to him, lena has strange powers.  as lena's 16th birthday approaches she might decide her fate, to be good or evil.  a choice which will impact her relationship forever. dark secrets will come to light."
329833,37.253774,55969000,100.0,zoolander 2,4.7,797,comedy stupidity sequel fashion malemodel fashionmodel modeling derek and hansel are modelling again when an opposing company attempts to take them out from the business. long time no z
47327,30.387148,28931401,105.0,drive angry,5.3,600,"fantasy thriller action crime bone carexplosion premaritalsex sataniccult driver'slicense fingergun backhandslap carjump manpunchingawoman magictrick milton is a hardened felon who has broken out of hell, intent on finding the vicious cult who brutally murdered his daughter and kidnapped her baby. he joins forces with piper, a sexy, tough-as-nails waitress with a 69 charger, who's also seeking redemption of her own. caught in a deadly race against time, milton has three days to avoid capture, avenge his daughter's death, and save her baby before she's mercilessly sacrificed by the cult. one hell of a ride."
18947,31.02233,36348784,116.0,the boat that rocked,7.2,666,"drama comedy greatbritain musical rock pirateradio swinging60s the boat that rocked is an ensemble comedy, where the romance is between the young people of the 60s, and pop music. it's about a band of djs that captivate britain, playing the music that defines a generation and standing up to a government that  wanted control of popular culture via the british broadcasting corporation. loosely based on the events in britain in the 60's when the labour government of harold wilson, wanted to bring the pirate stations under control, enough to see the passage of the marine broadcasting offences act on 15 august 1967 on air. off shore. out of control."
1900,25.170217,207515725,147.0,traffic,6.9,562,"thriller drama crime usa warondrugs drugtraffic drugdealer drugsmuggle addicted policeoperation unitedstates–mexicobarrier addiction druglord an exploration of the united states of america's war on drugs from multiple perspectives. for the new head of the office of national drug control policy, the war becomes personal when he discovers his well-educated daughter is abusing cocaine within their comfortable suburban home. in mexico, a flawed, but noble policeman agrees to testify against a powerful general in league with a cartel, and in san diego, a drug kingpin's sheltered trophy wife must learn her husband's ruthless business after he is arrested, endangering her luxurious lifestyle. no one gets away clean"
89,80.972475,474171806,127.0,indiana jones and the last crusade,7.6,3152,"adventure action savingtheworld venice holygrail library riddle fathersonrelationship whip treasure nazis entrapment crusader treasurehunt escape panzer orderofthetemplars archaeologist indianajones archeology  when dr. henry jones sr. suddenly goes missing while pursuing the holy grail, eminent archaeologist indiana must team up with marcus brody, sallah and elsa schneider to follow in his father's footsteps and stop the nazis from recovering the power of eternal life. the man with the hat is back. and this time, he's bringing his dad."
96724,26.38704,68929150,130.0,anna karenina,6.5,639,"drama romance basedonnovel st.petersburgrussia highsociety imperialrussia tragicdeath 19thcentury trapped in a loveless marriage, aristocrat anna karenina enters into a life-changing affair with the affluent count vronsky. an epic story of love."
198184,116.700319,104399548,120.0,chappie,6.6,3062,"crime action sciencefiction artificialintelligence android robot nearfuture robotcop every child comes into the world full of promise, and none more so than chappie: he is gifted, special, a prodigy. like any child, chappie will come under the influence of his surroundings—some good, some bad—and he will rely on his heart and soul to find his way in the world and become his own man. but there's one thing that makes chappie different from any one else: he is a robot. i am consciousness. i am alive. i am chappie."
9481,33.884459,151493655,118.0,the bone collector,6.5,826,"drama mystery thriller crime paraplegic investigation psychopath rookie cop, amelia donaghy reluctantly teams with lincoln rhyme – formerly the department's top homicide detective but now paralyzed as a result of a spinal injury – to catch a grisly serial killer dubbed 'the bone collector'. the murderer's special signature is to leave tantalizing clues based on the grim remains of his crimes. serial killer vs. forensic genius"
4547,53.043124,196397415,111.0,panic room,6.5,1267,"crime drama thriller burglar bunker housebreaking safe money trapped in their new york brownstone's panic room, a hidden chamber built as a sanctuary in the event of break-ins, newly divorced meg altman and her young daughter sarah play a deadly game of cat-and-mouse with three intruders - burnham, raoul and junior - during a brutal home invasion. but the room itself is the focal point because what the intruders really want is inside it. "
6415,34.973086,108000000,114.0,three kings,6.6,692,"action adventure comedy gold gulfwar threekings iraq kuwait rescue interracialrelationship treasuremap soldier u.s.soldier goldtheft persiangulf emergencysurgery minefield a group of american soldiers stationed in iraq at the end of the gulf war find a map they believe will take them to a huge cache of stolen kuwaiti gold hidden near their base, and they embark on a secret mission that's destined to change everything. it's good to be king."
181283,40.371098,3324330,137.0,child 44,6.1,547,"crime thriller basedonnovel sovietunion russian murder serialkiller military childmurder stalinism 1950s set in stalin-era soviet union, a disgraced mgb agent is dispatched to investigate a series of child murders -- a case that begins to connect with the very top of party leadership. how do you find a killer who doesn’t exist?"
9896,18.60049,85498534,112.0,rat race,6.0,518,"adventure comedy casino running preisgeld millionaire roadmovie in an ensemble film about easy money, greed, manipulation and bad driving, a las vegas casino tycoon entertains his wealthiest high rollers -- a group that will bet on anything -- by pitting six ordinary people against each other in a wild dash for $2 million jammed into a locker hundreds of miles away. the tycoon and his wealthy friends monitor each racer's every move to keep track of their favorites. the only rule in this race is that there are no rules. 563 miles. 9 people. $2 million. 1001 problems!"
167,30.920075,50315140,120.0,k-pax,7.1,695,"drama sciencefiction robbery dream hypnosis investigation murder alien hospital planet patient medication psychiatrist science claim doubt mental help prot is a patient at a mental hospital who claims to be from a far away planet. his psychiatrist tries to help him, only to begin to doubt his own explanations. change the way you look at the world."
1636,19.348007,90383208,93.0,bedazzled,5.6,512,"fantasy comedy romance loveofone'slife mephisto wish saleofsoul pactwiththedevil teuflisch elliot richardson, suicidal techno geek, is given seven wishes to turn his life around when he meets up with a very seductive satan. the catch: his soul. some of his wishes include a 7 foot basketball star, a rock star, and a hamburger. but, as could be expected, the devil must put her own little twist on each his fantasies. meet the devil. she's giving elliott seven wishes. but not a chance in hell."
5176,48.801089,70016220,122.0,3:10 to yuma,6.9,1188,"western saloon hero liberationofprisoners transportofprisoners wilderness dyinganddeath raceagainsttime railwaycar stetson rivalry gang gunfight crime family psychological dishonesty heroicmission rightingthewronged chasesandraces parentsandchildren mindandsoul in arizona in the late 1800's, infamous outlaw ben wade and his vicious gang of thieves and murderers have plagued the southern railroad. when wade is captured, civil war veteran dan evans, struggling to survive on his drought-plagued ranch, volunteers to deliver him alive to the ""3:10 to yuma"", a train that will take the killer to trial. time waits for one man."
260346,88.844777,325771424,109.0,taken 3,6.1,2200,"thriller action revenge murder ontherun fugitive framed fatherdaughterrelationship framedformurder ex-government operative bryan mills finds his life is shattered when he's falsely accused of a murder that hits close to home. as he's pursued by a savvy police inspector, mills employs his particular set of skills to track the real killer and exact his unique brand of justice. it ends here"
9894,19.525659,102825796,96.0,the cable guy,5.7,594,"comedy drama thriller prison prostitute karaoke darkcomedy cableguy when recently single steven moves into his new apartment, cable guy chip comes to hook him up -- and doesn't let go. initially, chip is just overzealous in his desire to be steven's pal, but when steven tries to end the ""friendship,"" chip shows his dark side. he begins stalking steven, who's left to fend for himself because no one else can believe chip's capable of such behavior. there's no such thing as free cable."
1368,63.071046,125212904,93.0,first blood,7.2,1488,"action adventure thriller war prison vietnamveteran falselyaccused policebrutality sheriff guerrilla submachinegun gun destroy self-defense vietnam vietnamwar prosecution dyinganddeath villageandtown policeoperation attempttoescape matteroflifeanddeath survivor tramp nationalguard weapon firearm police escape when former green beret john rambo is harassed by local law enforcement and arrested for vagrancy, the vietnam vet snaps, runs for the hills and rat-a-tat-tats his way into the action-movie hall of fame. hounded by a relentless sheriff, rambo employs heavy-handed guerilla tactics to shake the cops off his tail. this time he's fighting for his life."
8874,15.401855,299288605,105.0,my best friend's wedding,6.3,584,"comedy romance karaoke marriageproposal newlove loveofone'slife kiss man-womanrelation secretlove wedding when she receives word that her longtime platonic pal michael o'neal is getting married to debutante kimberly wallace, food critic julianne potter realizes her true feelings for michael -- and sets out to sabotage the wedding. it's about finding the love of your life. and deciding what to do about it."
320,41.322708,113714830,118.0,insomnia,6.8,1148,crime mystery thriller detective confession fbi homicide blackmail suspect love murder losangeles teenager neo-noir two los angeles homicide detectives are dispatched to a northern town where the sun doesn't set to investigate the methodical murder of a local teen. a tough cop. a brilliant killer. an unspeakable crime.
199,25.6713,150000000,111.0,star trek: first contact,7.0,661,"sciencefiction action adventure thriller federation starfleet borg enterprise-e cyborg montana resistance inventor repayment obsession businessstart-up spaceopera the borg, a relentless race of cyborgs, are on a direct course for earth. violating orders to stay away from the battle, captain picard and the crew of the newly-commissioned uss enterprise e pursue the borg back in time to prevent the invaders from changing federation history and assimilating the galaxy. resistance is futile."
1624,26.721386,181000000,86.0,liar liar,6.4,1424,"comedy california workaholic birthday lie pregnancyandbirth wish 1990s fletcher reede is a fast-talking attorney and habitual liar. when his son max blows out the candles on his fifth birthday he has just one wish - that his dad will stop lying for 24 hours. when max's wish comes true, fletcher discovers that his mouth has suddenly become his biggest liability. trust me."
325789,24.672234,15436808,127.0,the infiltrator,6.6,573,crime drama thriller undercover biography drug druglord a u.s customs official uncovers a massive money laundering scheme involving pablo escobar. the true story of one man against the biggest drug cartel in history.
888,28.964162,341631208,91.0,the flintstones,5.0,543,fantasy comedy family manager jealousy badmother-in-law adoption family'sdailylife stoneage plan friendship bestfriend dinosaur modern stone age family the flintstones hit the big screen in this live-action version of the classic cartoon. fred helps barney adopt a child. barney sees an opportunity to repay him when slate mining tests its employees to find a new executive. but no good deed goes unpunished. yabba-dabba-doo!
82675,49.353524,376141306,91.0,taken 2,6.1,2757,"action crime thriller kidnapping turkey policechase bagoverhead violence fbiagent teenagedaughter stealingacar ex-husbandex-wiferelationship albanian u.s.embassy killedinanelevator securityguardkilled in istanbul, retired cia operative bryan mills and his wife are taken hostage by the father of a kidnapper mills killed while rescuing his daughter. first they took his daughter. now they're coming for him."
4256,36.585509,220673217,84.0,scary movie 3,5.8,912,"comedy horrorspoof in the third installment of the scary movie franchise, news anchorwoman cindy campbell has to investigate mysterious crop circles and killing video tapes, and help the president stop an alien invasion in the process. great trilogies come in threes."
1493,32.624355,212000000,111.0,miss congeniality,6.1,961,"comedy crime action undercoveragent beautycontest terrorism when the local fbi office receives a letter from a terrorist known only as 'the citizen', it's quickly determined that he's planning his next act at the miss america beauty pageant. because tough-as-nails gracie hart is the only female agent at the office, she's chosen to go undercover as the contestant from new jersey. never mess with an agent in a dress."
88751,53.090422,101702060,93.0,journey to the center of the earth,5.8,1309,"action sciencefiction adventure comedy family volcano prehistoric dinosaur prehistoriccreature 3d on a quest to find out what happened to his missing brother, a scientist, his nephew and their mountain guide discover a fantastic and dangerous lost world in the center of the earth. same planet. different world."
11130,30.002907,95149435,113.0,the princess diaries 2: royal engagement,6.0,697,"comedy drama family romance coronation duty marriage fallinginlove mia thermopolis is now a college graduate and on her way to genovia to take up her duties as princess. her best friend lilly also joins her for the summer. mia continues her 'princess lessons'- riding horses side-saddle, archery, and other royal. but her complicated life is turned upside down once again when she not only learns that she is to take the crown as queen earlier than expected... it can take a lifetime to find true love; she's got 30 days!"
7350,31.305336,175372502,97.0,the bucket list,7.0,1111,"drama comedy africa himalaya braintumor wifehusbandrelationship senseoflife malefriendship safari dyinganddeath wish journeyroundtheworld terminalillness billionaire fatherdaughterrelationship estrangedfather elderly bucketlist tajmahal corporate billionaire edward cole and working class mechanic carter chambers are worlds apart. at a crossroads in their lives, they share a hospital room and discover they have two things in common: a desire to spend the time they have left doing everything they ever wanted to do and an unrealized need to come to terms with who they are. together they embark on the road trip of a lifetime, becoming friends along the way and learning to live life to the fullest, with insight and humor. find the joy."
146233,88.496873,122126687,153.0,prisoners,7.9,3085,"drama thriller crime pennsylvania kidnapping maze vigilante ruralsetting candlelightvigil when keller dover's daughter and her friend go missing, he takes matters into his own hands as the police pursue multiple leads and the pressure mounts. but just how far will this desperate father go to protect his family? every moment matters."
2034,52.081131,104876233,122.0,training day,7.3,1634,"action crime drama thriller policebrutality warondrugs drugtraffic drugdealer losangeles gangmember mexicanamerican barrio cholo on his first day on the job as a narcotics officer, a rookie cop works with a rogue detective who isn't what he appears. the only thing more dangerous than the line being crossed, is the cop who will cross it."
926,30.816341,90683916,102.0,galaxy quest,6.9,710,"comedy family sciencefiction spacebattle spaceship spoof fictionaltvshow the stars of a 1970s sci-fi show - now scraping a living through re-runs and sci-fi conventions - are beamed aboard an alien spacecraft. believing the cast's heroic on-screen dramas are historical documents of real-life adventures, the band of aliens turn to the ailing celebrities for help in their quest to overcome the oppressive regime in their solar system. a comedy of galactic proportions."
4248,35.376971,141220678,83.0,scary movie 2,5.4,982,"comedy sex exorcism secretdoor while the original parodied slasher flicks like scream, keenen ivory wayans's sequel to scary movie takes comedic aim at haunted house movies. a group of students visit a mansion called ""hell house,"" and murderous high jinks ensue. no more mercy. no more shame. no more sequels - honest! - we lied."
64328,17.047276,165184237,103.0,the muppets,6.5,501,"comedy family music musical themuppets robot oiltycoon studiotour duringcreditsstinger when kermit the frog and the muppets learn that their beloved theater is slated for demolition, a sympathetic human, gary, and his puppet roommate, walter, swoop in to help the gang put on a show and raise the $10 million they need to save the day. they're closer than you think."
36647,43.815492,131183530,120.0,blade,6.5,1905,"horror action suicide hero vampire bite fistfight supernatural vampirehunter superhero rivalry tragichero goodvsevil onemanarmy extremeviolence martialartsmaster scientist violence disarmingsomeone blade machinegun englishsubtitlesinoriginal hypodermicneedle microscope secretheadquarters bulletdodging bullettime kickedinthegroin xrayedskeleton mouthguard escapade imaginary deadly masterwarrior supernaturalability fangvamp when blade's mother was bitten by a vampire during pregnancy, she did not know that she gave her son a special gift while dying: all the good vampire attributes in combination with the best human skills. blade and his mentor whistler battle an evil vampire rebel (deacon frost) who plans to take over the outdated vampire council, capture blade and resurrect voracious blood god la magra. part man. part vampire. all hero."
9360,27.684779,136885767,89.0,anaconda,4.7,610,"adventure horror thriller amazon jungle anaconda filmcrew killersnake riverboat amazonriver animalhorror a ""national geographic"" film crew is taken hostage by an insane hunter, who takes them along on his quest to capture the world's largest - and deadliest - snake. when you can't breathe you can't scream."
6282,26.79781,113916474,100.0,coyote ugly,5.8,575,"comedy bar musical beautifulwoman graced with a velvet voice, 21-year-old violet sanford heads to new york to pursue her dream of becoming a songwriter only to find her aspirations sidelined by the accolades and notoriety she receives at her ""day"" job as a barmaid at coyote ugly. the ""coyotes"" as they are affectionately called tantalize customers and the media alike with their outrageous antics, making coyote ugly the watering hole for guys on the prowl. this party never ends."
508,37.073127,244931766,135.0,love actually,7.0,1869,comedy romance drama londonengland malenudity femalenudity loveatfirstsight usapresident marseille office christmasparty marriageproposal barsandrestaurants pressconference languagebarrier primeminister rockstar tvshow metaldetector waronterror schoolperformance multiplestorylines follows seemingly unrelated people as their lives begin to intertwine while they fall in – and out – of love. affections languish and develop as christmas draws near. the ultimate romantic comedy.
9487,87.350802,363258859,95.0,a bug's life,6.8,2303,"adventure animation comedy family winter fight ant invention collector ant-hill kidsandfamily grass duringcreditsstinger on behalf of ""oppressed bugs everywhere,"" an inventive ant named flik hires a troupe of warrior bugs to defend his bustling colony from a horde of freeloading grasshoppers led by the evil-minded hopper. an epic presentation of miniature proportions."
768,26.134678,74558115,122.0,from hell,6.6,741,horror mystery thriller lossoffamily drugaddiction jacktheripper frederick abberline is an opium-huffing inspector from scotland yard who falls for one of jack the ripper's prostitute targets in this hughes brothers adaption of a graphic novel that posits the ripper's true identity. only the legend will survive.
7453,51.742065,104478416,109.0,the hitchhiker's guide to the galaxy,6.6,1315,"adventure comedy family sciencefiction bureaucracy england dolphin android basedonnovel chase spacetravel galaxy spaceship alien stopmotion survival hitchhiker robot alieninvasion everyman hyperspace meaningoflife basedonradioshow alienattack bathrobe destructionofearth intergalactictravel islingtonengland talkingrobot mere seconds before the earth is to be demolished by an alien construction crew, arthur dent is swept off the planet by his friend ford prefect, a researcher penning a new edition of ""the hitchhiker's guide to the galaxy."" don't leave earth without it."
7737,12.06538,148412065,94.0,resident evil: extinction,6.1,1292,"horror action sciencefiction clone mutant post-apocalyptic dystopia conspiracy evilcorporation zombie basedonvideogame years after the racoon city catastrophe, survivors travel across the nevada desert, hoping to make it to alaska. alice joins the caravan and their fight against hordes of zombies and the evil umbrella corp. the extinction is coming..."
232672,44.120328,123494610,117.0,blended,6.6,1006,"comedy africa blinddate relationship familyvacation family after a bad blind date, a man and woman find themselves stuck together at a resort for families, where their attractions grows as their respective kids benefit from the burgeoning relationship. single dad, no clue. single mum, flying solo."
82525,31.856589,82966152,131.0,savages,6.2,766,crime drama thriller widow americanabroad eyegouging deaagent shotintheshoulder guninmouth filmedkilling southerncalifornia improvisedexplosivedevice surrogatedaughter shotinthethroat lagunabeachcalifornia enforcer gardner skullmask dea pot growers ben and chon face off against the mexican drug cartel who kidnapped their shared girlfriend. young beautiful deadly.
9759,24.459948,56422687,94.0,cellular,6.1,537,action adventure crime thriller bank mobilephone telephone weapon police duringcreditsstinger a young man receives an emergency phone call on his cell phone from an older woman. she claims to have been kidnapped – and the kidnappers have targeted her husband and child next. if the signal dies so does she
9486,28.029015,160583018,88.0,johnny english,6.0,852,"adventure action comedy spy hero queen intelligence coronation funeral secretagent queenelisabethii weapon spoof explosion agent pen duringcreditsstinger rowan plays the eponymous lead character in a spoof spy thriller. during the course of the story we follow our hero as he attempts to single-handedly save the country from falling into the hands of a despot. he knows no fear, he knows no danger, he knows nothing."
841,25.876582,30925690,137.0,dune,6.5,562,"action sciencefiction adventure prophecy witch monster telepathy atomicbomb spacemarine emperor mutation insurgence spacetravel guild duke water chosenone dystopia jihad spice war messiah denunciation in the year 10,191, the world is at war for control of the desert planet dune – the only place where the time-travel substance 'spice' can be found. but when one leader gives up control, it's only so he can stage a coup with some unsavory characters. a world beyond your experience, beyond your imagination."
4148,20.360549,75225693,119.0,revolutionary road,6.7,796,drama romance adultery jealousy infidelity career marriagecrisis connecticut a young couple living in a connecticut suburb during the mid-1950s struggle to come to terms with their personal problems while trying to raise their two children. based on a novel by richard yates. how do you break free without breaking apart?
2207,32.31022,65664721,105.0,16 blocks,6.2,661,"action adventure crime thriller missionofmurder malebonding doingtherightthing peoplechange an aging cop is assigned the ordinary task of escorting a fast-talking witness from police custody to a courthouse, but they find themselves running the gauntlet as other forces try to prevent them from getting there. for a new york cop and his witness, the distance between life and death just got very short."
9381,27.568194,72108608,101.0,babylon a.d.,5.4,676,"action adventure sciencefiction thriller submarine baby secret future mercenary prosecution protection dystopia moralconflict smuggling vision pregnant cyberpunk sect in babylon a.d vin diesel stars as a veteran-turned-mercenary who is hired to deliver a package from the ravages of post-apocalyptic eastern europe to a destination in the teeming megalopolis of new york city. the ""package"" is a mysterious young woman with a secret. kill or be killed."
11439,21.118196,60222298,128.0,the ghost writer,6.7,670,"thriller mystery londonengland cia warcrimes tonyblair author a writer stumbles upon a long-hidden secret when he agrees to help former british prime minister adam lang complete his memoirs on a remote island after the politician's assistant drowns in a mysterious accident. in director roman polanski's tense drama, the author realizes that his discovery threatens some very powerful people who will do anything to ensure that certain episodes from lang's past remain buried. read between the lies."
58233,35.6585,160078586,101.0,johnny english reborn,6.0,1007,"crime adventure action comedy thriller buddhistmonk cooking primeminister kitchen secretagent sequel mindcontrol jamesbondspoof incompetence femaleboss klutz aftercreditsstinger assassinationattempt the most prominent heads of state in the world begin gathering for a conference that could have a major impact on global politics. when mi-7 receives word that the chinese premier has become the target of some high-powered killers, it falls on johnny english to save the day. armed with the latest high-tech weaponry and gadgets that would make even james bond jealous, the once-disgraced agent uncovers evidence of a massive conspiracy involving some of the world's most powerful organisations, and vows to redeem his tarnished reputation by stopping the killers before they can strike. one man. one mission. no chance."
68734,62.01056,232324128,120.0,argo,7.1,3423,"drama thriller cia wifehusbandrelationship document revolution hidingplace canadian pressconference biography hangedman americanabroad crane subtitledscene movieposter basedonarticle extraction iranhostagecrisis sweatshop intelligenceagent filmstudio langleyvirginia 1980s as the iranian revolution reaches a boiling point, a cia 'exfiltration' specialist concocts a risky plan to free six americans who have found shelter at the home of the canadian ambassador. the movie was fake. the mission was real."
5503,54.884297,368875760,130.0,the fugitive,7.2,1220,"adventure action thriller crime mystery chicago showdown undercover surgeon deathsentence doomedman lethalinjection chase remake betrayal ontherun traincrash escape fugitive basedontvseries u.s.marshal doctor explosion homeinvasion disguise onearmedman framedformurder flashback corruptcop manhunt busaccident stormdrain wrongfully accused of murdering his wife, richard kimble escapes from the law in an attempt to find her killer and clear his name. pursuing him is a team of u.s. marshals led by deputy samuel gerard, a determined detective who will not rest until richard is captured. as richard leads the team through a series of intricate chases, he discovers the secrets behind his wife's death and struggles to expose the killer before it is too late. a murdered wife. a one-armed man. an obsessed detective. the chase begins."
27573,33.747825,136000000,110.0,the bounty hunter,5.5,858,"action bountyhunter ex-husbandex-wiferelationship milo boyd is a bounty hunter whose latest gig is rather satisfying, as he finds out that the bail-skipper he must chase down is his own ex-wife, nicole -- but she has no intention of getting nabbed without a fight. complicating matters, nicole's wannabe-boyfriend, stewart, joins the chase. it's a job. it isn't personal. well, maybe a little..."
819,16.245068,165615285,147.0,sleepers,7.3,715,crime drama thriller childabuse sadistic sexualabuse pastor repayment juvenileprison courtcase pub court juveniledelinquent child two gangsters seek revenge on the state jail worker who during their stay at a youth prison sexually abused them. a sensational court hearing takes place to charge him for the crimes. a moving drama from director barry levinson. when friendship runs deeper than blood.
1369,38.653969,300400432,96.0,rambo: first blood part ii,6.3,864,"action adventure thriller war usa vietnamveteran submachinegun prisoner prisonersofwar liberationofprisoners liberation vietnam vietnamwar chase machinegun u.s.army forest photography government war revenge soldier agent denunciation john rambo is released from prison by the government for a top-secret covert mission to the last place on earth he'd want to return - the jungles of vietnam. what most people call hell, he calls home."
10895,46.007991,84300000,88.0,pinocchio,6.9,1355,"animation family italy lie magic fairy pinocchio carnival wish boy nose puppet animation pool conscience jackass figaro sneezing toycomestolife lonely toymaker geppetto has his wishes answered when the blue fairy arrives to bring his wooden puppet pinocchio to life. before becoming a real boy, however, pinocchio must prove he's worthy as he sets off on an adventure with his whistling sidekick and conscience, jiminy cricket. from stromboli's circus to pleasure island, pinocchio is tested by many temptations, but slowly learns how to navigate right from wrong. with a few mishaps along the way, geppetto's ""little woodenhead"" finally gets it right, proving that when you wish upon a star dreams really can come true! for anyone who has ever wished upon a star."
834,49.020045,111340801,106.0,underworld: evolution,6.4,1528,"fantasy action sciencefiction thriller budapest key vampire light werewolf evolution fangvamp as the war between the vampires and the lycans rages on, selene, a former member of the death dealers (an elite vampire special forces unit that hunts werewolves), and michael, the werewolf hybrid, work together in an effort to unlock the secrets of their respective bloodlines. my god. brother, what have you done?"
228066,24.821138,34227298,109.0,victor frankenstein,5.6,685,drama sciencefiction thriller londonengland humanexperimentation frankenstein reanimatedcorpse frankenstein'smonster scienceexperiment 19thcentury eccentric scientist victor von frankenstein creates a grotesque creature in an unorthodox scientific experiment. discover the origin of the monster and his creation.
10027,25.999888,50871113,103.0,unleashed,6.6,518,"action crime martialarts hitman serialkiller raised as a slave, danny is used to fighting for his survival. in fact, his ""master,"" bart, thinks of him as a pet and goes as far as leashing him with a collar so they can make money in fight clubs, where danny is the main contender. when bart's crew is in a car accident, danny escapes and meets a blind, kindhearted piano tuner who takes him in and uses music to free the fighter's long-buried heart. serve no master"
37233,23.736535,270248367,154.0,the firm,6.6,501,"drama mystery thriller fbi law tennessee lawyer lawfirm barexam mitch mcdeere is a young man with a promising future in law. about to sit his bar exam, he is approached by 'the firm' and made an offer he doesn't refuse. seduced by the money and gifts showered on him, he is totally oblivious to the more sinister side of his company. then, two associates are murdered. the fbi contact him, asking him for information and suddenly his life is ruined. he has a choice - work with the fbi, or stay with the firm. either way he will lose his life as he knows it. mitch figures the only way out is to follow his own plan... power can be murder to resist."
37950,21.75433,48190704,99.0,charlie st. cloud,6.8,566,"drama brotherbrotherrelationship basedonnovel sailing ghost youngadult accomplished sailor charlie st. cloud has the adoration of his mother claire and his little brother sam, as well as a college scholarship that will lead him far from his sleepy pacific northwest hometown. but his bright future is cut short when a tragedy strikes and takes his dreams with it. after his high-school classmate tess returns home unexpectedly, charlie grows torn between honoring a promise he made four years earlier and moving forward with newfound love. and as he finds the courage to let go of the past for good, charlie discovers the soul most worth saving is his own. life is for living."
27582,44.094856,51070807,93.0,the mechanic,6.3,1045,"action thriller crime poison chicago prostitute martialarts assassin airport cemetery boat hitman chase machinegun cover-up beautifulwoman carcrash arthur bishop is a 'mechanic' - an elite assassin with a strict code and unique talent for cleanly eliminating targets. it's a job that requires professional perfection and total detachment, and bishop is the best in the business. but when he is ordered to take out his mentor and close friend harry, bishop is anything but detached. someone has to fix the problems."
64688,62.714026,201585328,109.0,21 jump street,6.7,4074,"action comedy crime malefriendship highschool parody crudehumor basedontvseries undercovercop buddycop buddycomedy duringcreditsstinger in high school, schmidt was a dork and jenko was the popular jock. after graduation, both of them joined the police force and ended up as partners riding bicycles in the city park. since they are young and look like high school students, they are assigned to an undercover unit to infiltrate a drug ring that is supplying high school students synthetic drugs. they thought the streets were mean. then they went back to high school."
509,28.969151,363889678,124.0,notting hill,7.0,1262,romance comedy drama londonengland bookshop birthday newlove filmmaker paparazzi pressconference wheelchair bathtub cohabitant friendship fame celebration moviestar spectacle the british comedy from director roger michell tells the love story between a famous actress and a simple book seller from london. a look into the attempt for famous people to have a personal and private life and the ramifications that follow. nominated for three golden globes in 2000. can the most famous film star in the world fall for the man on the street?
7443,31.789029,224834564,84.0,chicken run,6.5,1150,"animation comedy family chicken freedom escape chickenfarm piemachine having been hopelessly repressed and facing eventual certain death at the british chicken farm where they are held, rocky the american rooster and ginger the chicken decide to rebel against the evil mr. and mrs. tweedy, the farm's owners. rocky and ginger lead their fellow chickens in a great escape from the murderous farmers and their farm of doom. this ain't no chick flick. it's poultry in motion."
5966,33.238296,171963386,90.0,along came polly,5.8,773,"comedy romance beach honeymoon bride chance risk relation longisland romanticcomedy comedy scubadiving unfaithfulness losangeles artgallery danceclass oppositesattract caribbean commitment danceclub neurotic bagpipes chanceencounter insuranceriskmanager reuben feffer is a guy who's spent his entire life playing it safe. polly prince is irresistible as a free-spirit who lives for the thrill of the moment. when these two comically mismatched souls collide, reuben's world is turned upside down, as he makes an uproarious attempt to change his life from middle-of-the-road to totally-out-there. for the most cautious man on earth, life is about to get interesting."
136795,37.654688,158674180,117.0,the heat,6.5,1575,"action comedy crime boston fbi buddycomedy uptight and straight-laced, fbi special agent sarah ashburn is a methodical investigator with a reputation for excellence--and hyper-arrogance. shannon mullins, one of boston p.d.'s ""finest,"" is foul-mouthed and has a very short fuse, and uses her gut instinct and street smarts to catch the most elusive criminals. neither has ever had a partner, or a friend for that matter. when these two wildly incompatible law officers join forces to bring down a ruthless drug lord, they become the last thing anyone expected: buddies. action's never been so hot!"
87826,26.799913,73100172,105.0,here comes the boom,6.0,593,comedy highschoolteacher prizemoney physicsteacher fightingmovie budgetcutting a high school biology teacher moonlights as a mixed-martial arts fighter in an effort to raise money to save the school's music program. no one will fight for his students like mr. voss.
18480,16.122168,0,83.0,brüno,5.4,518,comedy gay fame mockumentary hollywood lgbt duringcreditsstinger flamboyantly gay austrian television reporter bruno stirs up trouble with unsuspecting guests and large crowds through brutally frank interviews and painfully hilarious public displays of homosexuality. borat was so 2006
709,28.22119,156167015,133.0,licence to kill,5.9,541,adventure action thriller corruption florida secretidentity liberationofprisoners drugtraffic floatplane transportofprisoners tankcar floridakeys coastguard airplane britishsecretservice james bond and his american colleague felix leiter arrest the drug lord sanchez who succeeds in escaping and takes revenge on felix and his wife. bond knows but just one thing: revenge. his bad side is a dangerous place to be.
49730,45.151657,89162162,100.0,red riding hood,5.6,922,"fantasy thriller horror winter fantasy fairytale hood werewolf aftercreditsstinger duringcreditsstinger womandirector redridinghood valerie is in love with a brooding outsider, peter, but her parents have arranged for her to marry another man – who is wealthy. unwilling to lose each other, valerie and peter plan to run away together when they learn that valerie's older sister has been killed by a werewolf that prowls the dark forest surrounding their village. hungry for revenge, the people call on famed werewolf hunter, father solomon, to help them kill the wolf. but solomon's arrival brings unintended consequences as he warns that the wolf, who takes human form by day, could be any one of them. who's afraid?"
1830,34.828241,24127895,122.0,lord of war,7.0,1335,"crime drama thriller coldwar weapon armsdealer yuri orlov is a globetrotting arms dealer and, through some of the deadliest war zones, he struggles to stay one step ahead of a relentless interpol agent, his business rivals and even some of his customers who include many of the world's most notorious dictators. finally, he must also face his own conscience. where there's a will, there's a weapon"
79,23.607392,177394432,99.0,hero,7.2,635,drama adventure action history countryside lossoflover rightandjustice patriot one man defeated three assassins who sought to murder the most powerful warlord in pre-unified china. one man's strength will unite an empire.
228967,74.168016,12342632,112.0,the interview,6.1,2304,"action comedy cia coupd'etat northkorea assassinationattempt evildictator dave skylark and his producer aaron rapoport run the celebrity tabloid show ""skylark tonight"". when they land an interview with a surprise fan, north korean dictator kim jong-un, they are recruited by the cia to turn their trip to pyongyang into an assassination mission. the film hackers tried to get banned"
65,32.798571,215000000,110.0,8 mile,6.8,1626,"drama individual streetgang adolescence rapmusic hip-hop rhymebattle trailerpark ethnicstereotype single detroit eminem the setting is detroit in 1995. the city is divided by 8 mile, a road that splits the town in half along racial lines. a young white rapper, jimmy ""b-rabbit"" smith jr. summons strength within himself to cross over these arbitrary boundaries to fulfill his dream of success in hip hop. with his pal future and the three one third in place, all he has to do is not choke. every moment is another chance."
9476,36.670399,117487473,132.0,a knight's tale,6.6,907,"adventure drama romance action poetry knight tournament duel torture writer impostor church game jousting aftercreditsstinger william thatcher, a peasant, is sent to apprentice with a knight named hector as a young boy. urged by his father to ""change his stars"", he assumes sir hector's place in a tournament when hector dies in the middle of it. he wins. with the other apprentices, he trains and assumes the title of sir ulrich von lichtenstein. he will rock you"
745,73.085576,672806292,107.0,the sixth sense,7.7,3147,"mystery thriller drama childabuse senseofguilt lossofchild confidence psychology dyinganddeath marriagecrisis afterlife single paranormalphenomena cowardliness child spiritism a psychological thriller about an eight year old boy named cole sear who believes he can see into the world of the dead. a child psychologist named malcolm crowe comes to cole to help him deal with his problem, learning that he really can see ghosts of dead people. not every gift is a blessing."
49527,34.041407,46221189,102.0,man on a ledge,6.2,925,"action thriller crime deception newyorkcity rooftop diamondheist framedforacrime escapedprisoner negotiator an ex-cop turned con threatens to jump to his death from a manhattan hotel rooftop. the nypd dispatch a female police psychologist to talk him down. however, unbeknownst to the police on the scene, the suicide attempt is a cover for the biggest diamond heist ever pulled. you can only push an innocent man so far"
1885,28.456572,90815558,126.0,the karate kid,6.9,891,"drama flat taskmaster karate egg kidsandfamily motorcycle hassled by the school bullies, daniel larusso has his share of adolescent woes. luckily, his apartment building houses a resident martial arts master: kesuke miyagi, who agrees to train daniel ... and ends up teaching him much more than self-defense. armed with newfound confidence, skill and wisdom, daniel ultimately faces off against his tormentors in this hugely popular classic underdog tale. only the 'old one' could teach him the secrets of the masters."
168672,49.664128,251171807,138.0,american hustle,6.8,2807,"drama crime conartist scam mobster fbiagent a con man, irving rosenfeld, along with his seductive partner sydney prosser, is forced to work for a wild fbi agent, richie dimaso, who pushes them into a world of jersey powerbrokers and mafia. everyone hustles to survive"
18240,36.238968,317375031,108.0,the proposal,6.7,1804,"comedy romance drama fictitiousmarriage deportation immigrationlaw romanticcomedy alaska nakedscene co-worker humiliation bookeditor fakeboyfriend duringcreditsstinger womandirector pretendrelationship when she learns she's in danger of losing her visa status and being deported, overbearing book editor margaret tate forces her put-upon assistant, andrew paxton, to marry her. here comes the bribe..."
165,43.345252,332000000,108.0,back to the future part ii,7.4,3829,"adventure comedy family sciencefiction skateboarding flyingcar carrace delorean lightning almanac inventor timetravel sequel diner alternatehistory teenager electricguitar walkingcane highschooldance hoverboard videophone marty and doc are at it again in this wacky sequel to the 1985 blockbuster as the time-traveling duo head to 2015 to nip some mcfly family woes in the bud. but things go awry thanks to bully biff tannen and a pesky sports almanac. in a last-ditch attempt to set things straight, marty finds himself bound for 1955 and face to face with his teenage parents -- again. roads? where we're going, we don't need roads!"
240832,115.241998,126546825,89.0,lucy,6.3,5878,"action sciencefiction artificialintelligence telepathy intelligence drugmule telekinesis futuristic drug superpower toughgirl imax surgery braincapacity syntheticdrug humanbrain a woman, accidentally caught in a dark deal, turns the tables on her captors and transforms into a merciless warrior evolved beyond human logic. the average person uses 10% of their brain capacity. imagine what she could do with 100%."
216015,98.755657,571006128,125.0,fifty shades of grey,5.2,3254,"drama romance thriller basedonnovel perversion spanking billionaire bdsm womandirector when college senior anastasia steele steps in for her sick roommate to interview prominent businessman christian grey for their campus paper, little does she realize the path her life will take. christian, as enigmatic as he is rich and powerful, finds himself strangely drawn to ana, and she to him. though sexually inexperienced, ana plunges headlong into an affair -- and learns that christian's true sexual proclivities push the boundaries of pain and pleasure. are you curious?"
12279,21.998734,197011982,84.0,spy kids 3-d: game over,4.7,511,"action adventure comedy family sciencefiction videogame intelligence liberation childhero mission carmen's caught in a virtual reality game designed by the kids' new nemesis, the toymaker. it's up to juni to save his sister, and ultimately the world. 3rd mission. 3rd dimension."
1645,25.219805,152266007,149.0,a time to kill,7.0,509,"crime drama thriller kukluxklan rape mississippi jurors blackmail attemptedmurder forgiveness court shooting murder suspense lawyer trial courtroom racialtension kkk racialissues courtroomdrama a young lawyer defends a black man accused of murdering two men who raped his 10-year-old daughter, sparking a rebirth of the kkk. experience a time you'll never forget."
11007,26.516624,190212113,98.0,cheaper by the dozen,6.0,699,"comedy bigfamily newjob aspiringactor smartkid the baker brood moves to chicago after patriarch tom gets a job coaching football at northwestern university, forcing his writer wife, mary, and the couple's 12 children to make a major adjustment. the transition works well until work demands pull the parents away from home, leaving the kids bored -- and increasingly mischievous. growing pains? they've got twelve of them!"
193756,37.084384,149295601,121.0,lone survivor,7.4,1526,"action drama thriller war war survival navyseal military dangerousmission based on the failed june 28, 2005 mission ""operation red wing."" four members of seal team 10, were tasked with the mission to capture or kill notorious taliban leader, ahmad shah. only one member of the team survived. based on true acts of courage"
259693,68.794673,320170008,134.0,the conjuring 2,7.0,1949,horror londonengland england 1970s spirit singlemother demon paranormalinvestigation demonicpossession valak annabelle lorraine and ed warren travel to north london to help a single mother raising four children alone in a house plagued by malicious spirits. the next true story from the case files of ed and lorraine warren
37799,69.27822,224920315,120.0,the social network,7.1,3391,"drama hacker hacking creator fratparty socialnetwork deposition intellectualproperty entrepreneur arrogance youngentrepreneur facebook on a fall night in 2003, harvard undergrad and computer programming genius mark zuckerberg sits down at his computer and heatedly begins working on a new idea. in a fury of blogging and programming, what begins in his dorm room as a small site among friends soon becomes a global social network and a revolution in communication. a mere six years and 500 million friends later, mark zuckerberg is the youngest billionaire in history... but for this entrepreneur, success leads to both personal and legal complications. you don't get to 500 million friends without making a few enemies."
10184,26.253357,177259441,129.0,he's just not that into you,6.2,959,"comedy romance drama relationship ensemblecast duringcreditsstinger remember that really cute guy who said he'd call – and didn't? maybe he lost your number. maybe he's in the hospital. maybe he's awed by your beauty, brains or success. or maybe... he's just not that into you. are you the exception...or the rule?"
4257,32.549282,178262620,83.0,scary movie 4,5.3,750,"comedy hauntedhouse alienlife-form riesen-ipod cindy finds out the house she lives in is haunted by a little boy and goes on a quest to find out who killed him and why. also, alien ""tr-ipods"" are invading the world and she has to uncover the secret in order to stop them. bury the grudge. burn the village.  see the saw."
4234,24.992057,161834276,116.0,scream 3,5.7,736,"horror mystery mask metaldetector filmdirector ex-cop reporter slasher scream seriesofmurders a murdering spree begins to happen again, this time its targeted toward the original woodsboro survivors and those associated with the movie inside a movie, 'stab 3'. sydney must face the demons of her past to stop the killer. someone has taken their love of trilogies one step too far."
196,45.769562,244527583,118.0,back to the future part iii,7.1,2900,"adventure comedy family sciencefiction railroadrobber california delorean indianterritory sportscar inventor locomotive saloon horsebackriding timetravel outlaw sequel madscientist nativeamerican western shootout gunfight train wildwest cavalry the final installment of the back to the future trilogy finds marty digging the trusty delorean out of a mineshaft and looking up doc in the wild west of 1885. but when their time machine breaks down, the travelers are stranded in a land of spurs. more problems arise when doc falls for pretty schoolteacher clara clayton, and marty tangles with buford tannen. they've saved the best trip for last... but this time they may have gone too far."
257091,36.301202,111811453,100.0,get hard,5.9,944,"comedy prison training framed embezzlement when obscenely rich hedge-fund manager james is convicted of fraud and sentenced to a stretch in san quentin, the judge gives him one month to get his affairs in order. knowing that he won't survive more than a few minutes in prison on his own, james desperately turns to darnell-- a black businessman who's never even had a parking ticket -- for help. as darnell puts james through the wringer, both learn that they were wrong about many things, including each other. an education in incarceration."
6114,45.022964,215862692,128.0,dracula,7.1,1056,"romance horror adultery maze vampire bite remake roughsex wake religiousconflict bestiality correspondence vampiresex autonomousshadow vlad fangvamp when dracula leaves the captive jonathan harker and transylvania for london in search of mina harker -- the spitting image of dracula's long-dead wife, elisabeta -- obsessed vampire hunter dr. van helsing sets out to end the madness. love never dies."
24803,22.853006,129540499,123.0,julie & julia,6.6,560,"romance drama cooking book cookbook blog recipe womandirector publishing julia child and julie powell – both of whom wrote memoirs – find their lives intertwined. though separated by time and space, both women are at loose ends... until they discover that with the right combination of passion, fearlessness and butter, anything is possible. based on two true stories"
109410,31.884559,95020213,128.0,42,6.8,787,"drama baseball biography sport brooklyndodgers the powerful story of jackie robinson, the legendary baseball player who broke major league baseball’s color barrier when he joined the roster of the brooklyn dodgers. the film follows the innovative dodgers’ general manager branch rickey, the mlb executive who first signed robinson to the minors and then helped to bring him up to the show. the true story of an american legend"
1213,31.385257,128798265,139.0,the talented mr. ripley,7.0,767,"thriller crime drama venice italy gay newyork lovesickness doublelife dualidentity jealousy secretidentity newlove homicide atlanticocean newidentity plannedmurder prosecution yacht ship inferiority falseidentity beguilement rejection inferioritycomplex oceanliner friendship homosexuality wealth cowardliness envy tom ripley is a calculating young man who believes it's better to be a fake somebody than a real nobody. opportunity knocks in the form of a wealthy u.s. shipbuilder who hires tom to travel to italy to bring back his playboy son, dickie. ripley worms his way into the idyllic lives of dickie and his girlfriend, plunging into a daring scheme of duplicity, lies and murder. how far would you go to become someone else?"
100042,67.767785,169837010,110.0,dumb and dumber to,5.4,1127,"comedy friendship sequel roadmovie buddycomedy 20 years after the dimwits set out on their first adventure, they head out in search of one of their long lost children in the hope of gaining a new kidney. the second parts are more fools"
9036,24.287306,120455994,120.0,eight below,6.7,542,"adventure drama family expedition pilot survival sleddogs seal in the antarctic, after an expedition with dr. davis mcclaren, the sled dog trainer jerry shepherd has to leave the polar base with his colleagues due to the proximity of a heavy snow storm. he ties his dogs to be rescued after, but the mission is called-off and the dogs are left alone at their own fortune. for six months, jerry tries to find a sponsor for a rescue mission. the most amazing story of survival, friendship, and adventure ever told."
257211,53.114573,194564672,121.0,the intern,7.1,1881,"comedy intern womandirector 70-year-old widower ben whittaker has discovered that retirement isn't all it's cracked up to be. seizing an opportunity to get back in the game, he becomes a senior intern at an online fashion site, founded and run by jules ostin. experience never gets old"
323675,25.136082,124827316,102.0,ride along 2,6.1,555,"action comedy police sequel policeofficer brother-in-lawbrother-in-lawrelationship blackmen buddyfilm as his wedding day approaches, ben heads to miami with his soon-to-be brother-in-law james to bring down a drug dealer who's supplying the dealers of atlanta with product. the brothers-in-law are back"
9361,37.776566,75505856,112.0,the last of the mohicans,7.1,732,"action adventure drama history romance war secretlove mohawk nativeamerican 18thcentury frenchandindianwar as the english and french soldiers battle for control of the american colonies in the 18th century, the settlers and native americans are forced to take sides. cora and her sister alice unwittingly walk into trouble but are reluctantly saved by hawkeye, an orphaned settler adopted by the last of the mohicans. the first american hero."
187,66.003433,158733820,124.0,sin city,7.2,2691,"action thriller crime dystopia basedoncomicbook heldcaptive basedongraphicnovel blackandwhiteandcolor blackandwhitescene blackandwhitetocolor mysteriouskiller doingtherightthing mercedes silhouette neo-noir welcome to sin city. this town beckons to the tough, the corrupt, the brokenhearted. some call it dark… hard-boiled. then there are those who call it home — crooked cops, sexy dames, desperate vigilantes. some are seeking revenge, others lust after redemption, and then there are those hoping for a little of both. a universe of unlikely and reluctant heroes still trying to do the right thing in a city that refuses to care. walk down the right back alley in sin city and you can find anything..."
7461,24.862767,151161491,90.0,vantage point,6.2,716,"drama action thriller crime bomb terror spain usapresident terrorist waragainstterror camera carjourney press television camcorder bodyguard safety terrorcell limousine media securityguard the attempted assassination of the american president is told and re-told from several different perspectives. 8 strangers, 8 points of view.  1 truth."
16538,25.391899,91636986,105.0,"i love you, man",6.5,515,"comedy poker bondage duringcreditsstinger peter klaven is a successful real estate agent who, upon getting engaged to the woman of his dreams, zooey, discovers, to his dismay and chagrin, that he has no male friend close enough to serve as his best man. peter immediately sets out to rectify the situation, embarking on a series of bizarre and awkward ""man-dates."" he needed a best man... he got the worst."
9889,29.854773,141069860,114.0,shallow hal,5.7,731,"comedy romance overweight beauty hypnosis overweightman overweightwoman oberflächlichkeit kompliment obesity fatsuit beautystandards fatman fatwoman attractiveness a shallow man falls in love with a 300 pound woman because of her ""inner beauty"". are you a shallow guy?"
820,26.82041,205405498,189.0,jfk,7.5,502,drama thriller history assassination cia homophobia neworleans vietnamwar johnf.kennedy investigation government historicalfigure president conspiracy death kennedyassassination new orleans district attorney jim garrison discovers there's more to the kennedy assassination than the official story. the story that won’t go away.
16996,52.571674,136267476,102.0,17 again,6.1,1350,"comedy highschool bullying highschoolsports fakeidentity adultasachild doover on the brink of a midlife crisis, 30-something mike o'donnell wishes he could have a ""do-over."" and that's exactly what he gets when he wakes up one morning to find he's 17 years old again. with his adult mind stuck inside the body of a teenager, mike actually has the chance to reverse some decisions he wishes he'd never made. but maybe they weren't so bad after all. who says you're only young once?"
193610,34.519636,196781193,109.0,the other woman,6.2,1437,"comedy romance infidelity revenge unfaithfulboyfriend woman sittingonatoilet publictoilet maritalinfidelity laxative unfaithfulhusband after discovering her boyfriend is married, carly soon meets the wife he's been cheating on. and when yet another affair is discovered, all three women team up to plot mutual revenge on the three-timing sob. the oddest friends are about to get even"
19912,32.478077,186167139,82.0,the final destination,5.4,831,"horror mystery carrace dyinganddeath plan stock-car-race carcrash premonition gore vision after a young man's premonition of a deadly race-car crash helps saves the lives of his peers, death sets out to collect those who evaded their end. rest in pieces"
296098,48.445978,165478348,141.0,bridge of spies,7.2,2583,"thriller drama spy cia coldwar sovietunion pilot lawyer american during the cold war, the soviet union captures u.s. pilot francis gary powers after shooting down his u-2 spy plane. sentenced to 10 years in prison, powers' only hope is new york lawyer james donovan, recruited by a cia operative to negotiate his release. donovan boards a plane to berlin, hoping to win the young man's freedom through a prisoner exchange. if all goes well, the russians would get rudolf abel, the convicted spy who donovan defended in court. in the shadow of war, one man showed the world what we stood for."
32823,17.869443,90029656,109.0,get him to the greek,5.9,612,"comedy aftercreditsstinger pinnacle records has the perfect plan to get their sinking company back on track: a comeback concert in la featuring aldous snow, a fading rockstar who has dropped off the radar in recent years. record company intern aaron green is faced with the monumental task of bringing his idol, out of control rock star aldous snow, back to la for his comeback show. aaron green has 72 hours to get a rock star from london to l.a. pray for him."
11551,23.088571,54682547,110.0,small soldiers,6.2,511,"comedy adventure fantasy sciencefiction action defenseindustry toyshop technicaltoy soldier prototype killertoys toycomestolife when missile technology is used to enhance toy action figures, the toys soon begin to take their battle programming too seriously. the few, the proud, and the small."
50348,26.072228,85412898,119.0,the lincoln lawyer,7.0,902,crime drama thriller judge arrest jury privateinvestigator a lawyer conducts business from the back of his lincoln town car while representing a high-profile client in beverly hills. this case is a dangerous game of life and death
48138,38.643914,130786397,113.0,unknown,6.5,1265,"action mystery thriller taxi hotel coma taxidriver prince briefcase hospital stolenidentity an american biologist attending a conference in berlin awakens from a coma after a car accident, only to discover that someone has taken his identity and that no one, not even his wife, believes him. with the help of an illegal immigrant and a former stazi agent, he sets out to prove who he is and find out why people are trying to kill him. take back your life"
1124,74.440708,109676311,130.0,the prestige,8.0,4391,"drama mystery thriller competition secret obsession magic dyinganddeath classsociety illusion tricks hostility class rivalry a mysterious story of two magicians whose intense rivalry leads them on a life-long battle for supremacy -- full of obsession, deceit and jealousy with dangerous and deadly consequences. are you watching closely?"
227159,82.185281,107670357,108.0,horrible bosses 2,6.1,1536,"comedy prison kidnapping sequel carchase sexaddict sextape dale, kurt and nick decide to start their own business but things don't go as planned because of a slick investor, prompting the trio to pull off a harebrained and misguided kidnapping scheme. new crime. same tools."
1579,41.570047,120175290,139.0,apocalypto,7.3,1221,"action adventure drama thriller lossoffamily solareclipse slavery jaguar village mayacivilization forest tribe humansacrifice centralamerica maya ancientcivilization yucatecmayalanguage set in the mayan civilization, when a man's idyllic presence is brutally disrupted by a violent invading force, he is taken on a perilous journey to a world ruled by fear and oppression where a harrowing end awaits him. through a twist of fate and spurred by the power of his love for his woman and his family he will make a desperate break to return home and to ultimately save his way of life. no one can outrun their destiny."
34851,47.649554,126248813,107.0,predators,6.0,1206,"action sciencefiction adventure thriller hunter predator yakuza huntinghumanbeings alienlife-form sequel alien alienplanet jungle soldier warrior a mercenary reluctantly leads a motley crew of warriors who soon come to realize they've been captured and deposited on an alien planet by an unknown nemesis. with the exception of a peculiar physician, they are all cold-blooded killers, convicts, death squad members... hunters who have now become the hunted. fear is reborn"
1586,32.908414,92913171,96.0,secret window,6.4,972,"thriller mystery alcohol adultery detective mississippi jealousy isolation paranoia motel window nightmare letter ax notebook police murder mystery arson writer divorce mort rainey, a writer just emerging from a painful divorce with his ex-wife, is stalked at his remote lake house by a psychotic stranger and would-be scribe who claims rainey swiped his best story idea. but as rainey endeavors to prove his innocence, he begins to question his own sanity. the most important part of a story is the ending."
2044,29.88736,114830111,99.0,the lake house,6.5,670,"romance drama mystery chicago writing architect future time architecture mysteriousletter nearfuture firstkiss romanticdrama passageoftime a lonely doctor who once occupied an unusual lakeside home begins exchanging love letters with its former resident, a frustrated architect. they must try to unravel the mystery behind their extraordinary romance before it's too late. how do you hold on to someone you've never met?"
9913,29.105407,91974818,104.0,the skeleton key,6.4,573,drama horror mystery thriller nurse secret dream fight kidnapping neworleans key plantation voodoo party lawyer blood violence mirror attic occult a hospice nurse working at a spooky new orleans plantation home finds herself entangled in a mystery involving the house's dark past. fearing is believing
4970,27.303608,141591324,98.0,gothika,5.8,629,"horror thriller amnesia mentalinstitution patient trust falseaccusations medication gothic mentalillness after a car crash, a criminal psychologist (halle berry) comes to, only to find that she's a patient in the same mental institution that currently employs her. it seems she's been accused of murdering her husband -- but she has no memory of committing the crime. as she tries to regain her memory and convince her co-workers of her innocence, a vengeful spirit uses her as an earthly pawn, which further convinces everyone of her guilt. because someone is dead doesn't mean they're gone."
440,39.381913,41797066,94.0,aliens vs predator: requiem,4.9,740,"fantasy action sciencefiction thriller horror predator nationalguard hybrid alien morgue alienpossession triangle infestation xenomorph a sequel to 2004's alien vs. predator, the iconic creatures from two of the scariest film franchises in movie history wage their most brutal battle ever - in our own backyard. the small town of gunnison, colorado becomes a war zone between two of the deadliest extra-terrestrial life forms - the alien and the predator. when a predator scout ship crash-lands in the hills outside the town, alien facehuggers and a hybrid alien/predator are released and begin to terrorize the town. the last place on earth we want to be is in the middle"
11172,17.659032,145896422,96.0,music and lyrics,6.2,554,"comedy music romance popstar song romanticcomedy songwriting piano a washed up singer is given a couple days to compose a chart-topping hit for an aspiring teen sensation. though he's never written a decent lyric in his life, he sparks with an offbeat younger woman with a flair for words. share the music with someone you love."
39513,43.151268,97552050,104.0,paul,6.5,1789,"adventure comedy sciencefiction sandiego area51 alienspacecraft hitwithachair shotintheknee duringcreditsstinger 1980s for the past 60 years, a space-traveling smart-ass named paul has been locked up in a top-secret military base, advising world leaders about his kind. but when he worries he’s outlived his usefulness and the dissection table is drawing uncomfortably close, paul escapes on the first rv that passes by his compound in area 51. fortunately, it contains the two earthlings who are most likely to rescue and harbor an alien on the run. who's up for a close encounter?"
41446,35.21926,97138686,111.0,scream 4,6.1,902,"horror mystery sheriff book knife horror rescue author maskedkiller hospital corpse sidney prescott, now the author of a self-help book, returns home to woodsboro on the last stop of her book tour. there she reconnects with sheriff dewey and gale, who are now married, as well as her cousin jill and her aunt kate. unfortunately, sidney's appearance also brings about the return of ghostface, putting sidney, gale, and dewey, along with jill, her friends, and the whole town of woodsboro in danger. new decade. new rules."
225886,72.641296,126069509,97.0,sex tape,5.3,1695,"comedy marriage internet relationship family sextape when jay and annie first got together, their romantic connection was intense – but ten years and two kids later, the flame of their love needs a spark.  to kick things up a notch, they decide – why not? – to make a video of themselves trying out every position in the joy of sex in one marathon three-hour session.  it seems like a great idea – until they discover that their most private video is no longer private.  with their reputations on the line, they know they’re just one click away from being laid bare to the world... but as their race to reclaim their video leads to a night they'll never forget, they'll find that their video will expose even more than they bargained for. a movie about a movie they don't want you to see."
55779,38.555482,157887643,92.0,final destination 5,5.9,866,"horror mystery premonition deathbyaccident crash endishere duringcreditsstinger 3d in this fifth installment, death is just as omnipresent as ever, and is unleashed after one man’s premonition saves a group of coworkers from a terrifying suspension bridge collapse. but this group of unsuspecting souls was never supposed to survive, and, in a terrifying race against time, the ill-fated group frantically tries to discover a way to escape death’s sinister agenda. we all share a common destination."
188161,32.808675,0,116.0,a million ways to die in the west,5.8,1468,"comedy western gunslinger farmer wildwest laxative as a cowardly farmer begins to fall for the mysterious new woman in town, he must put his new-found courage to the test when her husband, a notorious gun-slinger, announces his arrival. bring protection."
64685,31.066874,55247881,129.0,extremely loud & incredibly close,6.9,708,"drama basedonnovel autism key scavengerhunt deathoffather youngboy newyorkcity tambourine lock grieving post9/11 a year after his father's death, oskar, a troubled young boy, discovers a mysterious key he believes was left for him by his father and embarks on a scavenger hunt to find the matching lock. this is not a story about september 11th, it's a story about every day after."
62835,33.785969,60965854,108.0,colombiana,6.5,824,"action thriller crime drama streetgang uncle femaleassassin witnesstomurder zoe saldana plays a young woman who, after witnessing her parents’ murder as a child in bogota, grows up to be a stone-cold assassin. she works for her uncle as a hitman by day, but her personal time is spent engaging in vigilante murders that she hopes will lead her to her ultimate target: the mobster responsible for her parents' death. revenge is beautiful."
1887,22.364549,60474340,123.0,marie antoinette,6.5,642,"drama history shoe voiceover rite theatreaudience brideandgroom deathofking applause womandirector the retelling of france's iconic but ill-fated queen, marie antoinette. from her betrothal and marriage to louis xvi at 15 to her reign as queen at 19 and ultimately the fall of versailles. rumor. scandal. fame. revolution."
80278,47.559928,180274123,113.0,the impossible,7.0,2025,"thriller drama thailand tsunami familyvacation tidalwave catastrophe sweptaway separationfromfamily boxingday 21stcentury in december 2004, close-knit family maria, henry and their three sons begin their winter vacation in thailand. but the day after christmas, the idyllic holiday turns into an incomprehensible nightmare when a terrifying roar rises from the depths of the sea, followed by a wall of black water that devours everything in its path. though maria and her family face their darkest hour, unexpected displays of kindness and courage ameliorate their terror. nothing is more powerful than the human spirit."
10315,41.258956,46471023,87.0,fantastic mr. fox,7.5,1176,"adventure animation comedy family fox tree peasant revenge cider tale farmlife the fantastic mr. fox bored with his current life, plans a heist against the three local farmers. the farmers, tired of sharing their chickens with the sly fox, seek revenge against him and his family. dig the life fantastic!"
194,73.720244,173921954,122.0,amélie,7.8,3310,"comedy romance paris lovetriangle ghosttrain sex-shop shyness montmartre daughter gardengnome journeyroundtheworld photography at a tiny parisian café, the adorable yet painfully shy amélie (audrey tautou) accidentally discovers a gift for helping others. soon amelie is spending her days as a matchmaker, guardian angel, and all-around do-gooder. but when she bumps into a handsome stranger, will she find the courage to become the star of her very own love story? one person can change your life forever."
19898,28.353517,20645327,108.0,pandorum,6.5,774,"action horror mystery sciencefiction thriller dystopia spaceship survival mission two crew members wake up on an abandoned spacecraft with no idea who they are, how long they've been asleep, or what their mission is. the two soon discover they're actually not alone – and the reality of their situation is more horrifying than they could have imagined. don't fear the end of the world. fear what happens next."
1272,51.502884,32017803,107.0,sunshine,7.0,1182,"sciencefiction thriller savingtheworld bomb sun spacemarine sunlight solarenergy spacemission earth expiration fifty years into the future, the sun is dying, and earth is threatened by arctic temperatures. a team of astronauts is sent to revive the sun — but the mission fails. seven years later, a new team is sent to finish the mission as mankind’s last hope. if the sun dies, so do we."
8271,31.690456,117760134,105.0,disturbia,6.6,1006,"thriller drama mystery kidnapping youngpeople kale is a 17-year-old placed under house arrest after punching his teacher. he is confined to his house, and decides to use his free time spying on his neighbors. things start to get weird when guests enter the turner's house and don't come back out. kale and his friends, ronnie and ashley, start to grow more and more interested in what is actually happening within the house of robert turner. the quieter the street, the darker the secrets...."
110415,64.238688,86758912,126.0,snowpiercer,6.7,2854,"action sciencefiction drama fathersonrelationship childlabour brothel winter allegory bridge post-apocalyptic dystopia hijackingoftrain basedoncomicbook dam rifle pregnant train violence basedongraphicnovel guilt revolt duplicity tunnel socialclass populationcontrol perpetualwinter cityruin in a future where a failed global-warming experiment kills off most life on the planet, a class system evolves aboard the snowpiercer, a train that travels around the globe via a perpetual-motion engine. ad 2031, the passengers in the train are the only survivors on earth."
9495,44.690107,94000000,102.0,the crow,7.3,953,"fantasy action thriller halloween arson detroit exactly one year after young rock guitarist eric draven and his fiancée are brutally killed by a ruthless gang of criminals, draven -- watched over by a hypnotic crow -- returns from the grave to exact revenge. real love is forever."
24420,37.492928,101229792,107.0,the time traveler's wife,6.7,798,"drama romance fantasy chicago sex basedonnovel nudity diary future time timetravel marriage love romance travel tragiclove relationship timetraveler complication due to a genetic disorder, handsome librarian henry detamble involuntarily zips through time, appearing at various moments in the life of his true love, the beautiful artist clare abshire. "
62214,27.908783,35287788,87.0,frankenweenie,6.6,932,"animation comedy family shyness stopmotion blackandwhite retro dog animaldeath animallover when a car hits young victor's pet dog sparky, victor decides to bring him back to life the only way he knows how. but when the bolt-necked ""monster"" wreaks havoc and terror in the hearts of victor's neighbors, he has to convince them that sparky's still the good, loyal friend he was. the electrifying dog is back from beyond the grave"
16320,45.388937,38869464,119.0,serenity,7.4,1264,"sciencefiction action adventure thriller martialarts telepathy dystopia spaceship fugitive basedontvseries planet throatslitting cannibal reavers operative exsoldier firefly when the renegade crew of serenity agrees to hide a fugitive on their ship, they find themselves in an action-packed battle between the relentless military might of a totalitarian regime who will destroy anything – or anyone – to get the girl back and the bloodthirsty creatures who roam the uncharted areas of space. but... the greatest danger of all may be on their ship. can't stop the signal."
20943,22.332927,205298907,96.0,the ugly truth,6.4,972,"comedy romance romanticcomedy romance tvmorningshow relationship oppositesattract a romantically challenged morning show producer is reluctantly embroiled in a series of outrageous tests by her chauvinistic correspondent to prove his theories on relationships and help her find love. his clever ploys, however, lead to an unexpected result. the battle of the sexes is on."
9488,24.085144,119723358,100.0,spy kids 2: the island of lost dreams,5.3,521,"action adventure family spy experiment island secretorganization wretch weapon rivalry scientist exploring the further adventures of carmen and juni cortez, who have now joined the family spy business as level 2 oss agents. their new mission is to save the world from a mad scientist living on a volcanic island populated by an imaginative menagerie of creatures. on this bizarre island, none of the cortez's gadgets work and they must rely on their wits--and each other--to survive and save the day. little spies. big attitudes"
55787,16.801218,114156230,120.0,water for elephants,6.7,850,"drama romance clown elephanttrainer veterinary in this captivating depression-era melodrama, impetuous veterinary student jacob jankowski joins a celebrated circus as an animal caretaker but faces a wrenching dilemma when he's transfixed by angelic married performer marlena. life is the most spectacular show on earth."
256961,41.258487,107597242,94.0,paul blart: mall cop 2,5.0,567,"action comedy family shoppingmall lasvegas securityguard security guard paul blart is headed to las vegas to attend a security guard expo with his teenage daughter maya before she departs for college. while at the convention, he inadvertently discovers a heist - and it's up to blart to apprehend the criminals. vegas has a new high roller."
622,30.359164,58401898,133.0,the ninth gate,6.3,756,"horror mystery thriller newyork obsession passionforcollection southernfrance mephisto antiquary book picturepuzzle castle satanism millionaire an all-expenses-paid international search for a rare copy of the book, 'the nine gates of the shadow kingdom' brings an unscrupulous book dealer deep into a world of murder, double-dealing and satanic worship. every book has a life of its own."
1091,52.731379,19629760,109.0,the thing,7.8,1588,horror mystery sciencefiction ice spacemarine paranoia snowstorm norwegian researchstation remake alien antarctica shapeshiftingalien sleddogs scientists in the antarctic are confronted by a shape-shifting alien that assumes the appearance of the people that it kills. man is the warmest place to hide.
87421,46.630062,98337295,119.0,riddick,6.2,2035,"sciencefiction action thriller dystopia revenge alien planet imax betrayed by his own kind and left for dead on a desolate planet, riddick fights for survival against alien predators and becomes more powerful and dangerous than ever before. soon bounty hunters from throughout the galaxy descend on riddick only to find themselves pawns in his greater scheme for revenge. with his enemies right where he wants them, riddick unleashes a vicious attack of vengeance before returning to his home planet of furya to save it from destruction. survival is his revenge"
13600,23.465539,17869048,90.0,city of ember,6.2,605,"adventure family fantasy undergroundworld mayor adventure post-apocalyptic dystopia puzzle box pipeworks for generations, the people of the city of ember have flourished in an amazing world of glittering lights. but ember's once powerful generator is failing and the great lamps that illuminate the city are starting to flicker. now, two teenagers, in a race against time, must search ember for clues that will unlock the ancient mystery of the city's existence, before the the lights go out forever. escape is the only option"
68722,25.682509,28258060,137.0,the master,7.0,701,"drama posttraumaticstressdisorder sexualobsession postwarperiod drifter alcoholic cultleader scientology religiouscult charismaticleader righthandman freddie, a volatile, heavy-drinking veteran who suffers from post-traumatic stress disorder, finds some semblance of a family when he stumbles onto the ship of lancaster dodd, the charismatic leader of a new ""religion"" he forms after world war ii. every man needs a guide"
299687,57.889964,109906372,112.0,the 5th wave,5.6,1945,adventure sciencefiction basedonnovel dystopia alien alieninvasion humansubjugation environmentaldisaster basedonyoungadultnovel 16-year-old cassie sullivan tries to survive in a world devastated by the waves of an alien invasion that has already decimated the population and knocked mankind back to the stone age. protect your own
312221,57.773583,173567581,133.0,creed,7.3,1915,"drama underdog sport spinoff undergroundfighting motivationalspeaker boxing the former world heavyweight champion rocky balboa serves as a trainer and mentor to adonis johnson, the son of his late friend and former rival apollo creed. your legacy is more than a name"
23168,24.218358,154026136,125.0,the town,7.0,1468,"crime drama thriller basedonnovel moneylaundering ambulance boston massachusetts bankmanager drugdealer florist flowershop hold-uprobbery volunteer stolenmoney friends carsetonfire bostongarden policechase bestfriend fenwaypark doug macray is a longtime thief, who, smarter than the rest of his crew, is looking for his chance to exit the game. when a bank job leads to the group kidnapping an attractive branch manager, he takes on the role of monitoring her – but their burgeoning relationship threatens to unveil the identities of doug and his crew to the fbi agent who is on their case. welcome to the bank robbery capital of america."
76494,27.009723,79700000,110.0,what to expect when you're expecting,5.8,594,"romance comedy drama basedonnovel adoption pregnant miscarriage expectantfather pregnantwife vomiting expectingtwins openaircinema givingbirth challenges of impending parenthood turn the lives of five couples upside down. two celebrities are unprepared for the surprise demands of pregnancy; hormones wreak havoc on a baby-crazy author, while her husband tries not to be outdone by his father, who's expecting twins with his young trophy wife; a photographer's husband isn't sure about his wife's adoption plans; a one-time hook-up results in a surprise pregnancy for rival food-truck owners. it's too late to pull out now."
4944,31.941347,163720069,96.0,burn after reading,6.5,1222,"comedy drama blackmail paranoia fitness-training plasticsurgery autobiography memory corpse divorce gym disc expriest when a disc containing memoirs of a former cia analyst falls into the hands of linda litzke and chad feldheimer, the two gym employees see a chance to make enough money for her to have life-changing cosmetic surgery. predictably, events whirl out of control for the duo doofuses and those in their orbit. intelligence is relative."
96721,33.003828,90247624,123.0,rush,7.7,2277,drama action worldchampion sport racingcar formula1 automobileracing basedontrueevents a biographical drama centered on the rivalry between formula 1 drivers james hunt and niki lauda during the 1976 formula one motor-racing season. everyone's driven by something.
334,30.993736,48451803,188.0,magnolia,7.5,825,"drama farewell regret parentskidsrelationship suicideattempt becominganadult lossoffather dyinganddeath chance childprodigy daughter unsociability reconciliation an epic mosaic of many interrelated characters in search of happiness, forgiveness, and meaning in the san fernando valley. things fall down. people look up. and when it rains, it pours."
23742,25.825771,55583804,107.0,cop out,5.3,511,"action comedy crime newyork moneylaundering daughter police undercovercop lockedintrunkofcar baseballcard wedding policeofficer duringcreditsstinger detectives jimmy and paul, despite nine years as partners, can still sometimes seem like polar opposites – especially when paul's unpredictable antics get them suspended without pay. already strapped for cash and trying to pay for his daughter's wedding, jimmy decides to sell a rare baseball card that's worth tens of thousands. unfortunately, when the collector's shop is robbed and the card vanishes with the crook, paul and jimmy end up going rogue, tracking down the card and the drug ring behind its theft, all on their own time, and without any backup – except for each other. rock out with your glock out"
259694,46.078371,112343513,110.0,how to be single,5.9,1201,"comedy romance newyork basedonnovel one-nightstand single new york city is full of lonely hearts seeking the right match, and what alice, robin, lucy, meg, tom and david all have in common is the need to learn how to be single in a world filled with ever-evolving definitions of love. welcome to the party"
8966,127.084938,392616625,122.0,twilight,5.8,3561,"adventure fantasy drama romance soulmates vampire forbiddenlove immortality trust desire duringcreditsstinger womandirector interspeciesromance basedonyoungadultnovel fangvamp when bella swan moves to a small town in the pacific northwest to live with her father, she starts school and meets the reclusive edward cullen, a mysterious classmate who reveals himself to be a 108-year-old vampire. despite edward's repeated cautions, bella can't help but fall in love with him, a fatal move that endangers her own life when a coven of bloodsuckers try to challenge the cullen clan. when you can live forever, what do you live for?"
8470,27.465433,102244770,116.0,john q,7.0,594,"drama thriller crime fathersonrelationship chicago heartattack kidnapping heartdisease hostage-taking hospital john quincy archibald is a father and husband whose son is diagnosed with an enlarged heart and then finds out he cannot receive a transplant because hmo insurance will not cover it. therefore, he decides to take a hospital full of patients hostage until the hospital puts his son's name on the donor's list. give a father no options and you leave him no choice."
138832,100.348805,269994119,110.0,we're the millers,6.8,2972,comedy crime mexico police gang drugsmuggling drug family a veteran pot dealer creates a fake family as part of his plan to move a huge shipment of weed into the u.s. from mexico. -if anyone asks.
23048,33.926473,64572262,101.0,hot tub time machine,6.0,894,"sciencefiction comedy adventure femalenudity one-nightstand timetravel timemachine incestovertones hottub peterpansyndrome fortysomething skiing a malfunctioning time machine at a ski resort takes a man back to 1986 with his two friends and nephew, where they must relive a fateful night and not change anything to make sure the nephew is born. kick some past"
222936,29.652536,26250020,105.0,aloha,5.2,692,drama comedy romance lovetriangle hawaii satellite military duringcreditsstinger communication a celebrated military contractor returns to the site of his greatest career triumphs and re-connects with a long-ago love while unexpectedly falling for the hard-charging air force watchdog assigned to him. sometimes you have to say goodbye before you can say hello.
48171,11.492474,96047633,114.0,the rite,5.8,556,"drama thriller horror vatican violinist hospital miscarriage exorcist romancatholic seminary limp toad clergy formalin walkingcane seminary student michael kovak (colin o'donoghue) reluctantly attends exorcism school at the vatican. while he’s in rome, michael meets an unorthodox priest, father lucas (anthony hopkins), who introduces him to the darker side of his faith, uncovering the devil’s reach even to one of the holiest places on earth. you can only defeat it when you believe."
782,70.398356,12532777,106.0,gattaca,7.5,1808,"thriller sciencefiction mystery romance paraplegic suicideattempt cheating dna spaceman newidentity heartdisease falseidentity bloodsample biotechnology spacemission dystopia investigation genetics hostility exercise eugenics dystopicfuture science fiction drama about a future society in the era of indefinite eugenics where humans are set on a life course depending on their dna. the young vincent freeman is born with a condition that would prevent him from space travel, yet he is determined to infiltrate the gattaca space program. there is no gene for the human spirit."
18785,82.21166,459270619,100.0,the hangover,7.2,6173,"comedy underwear tiger stagnight hangover lostweekend bagoverhead chapel hitwithtireiron memoryloss lasvegas duringcreditsstinger elevator when three friends finally come to after a raucous night of bachelor-party revelry, they find a baby in the closet and a tiger in the bathroom. but they can't seem to locate their best friend, doug – who's supposed to be tying the knot. launching a frantic search for doug, the trio perseveres through a nasty hangover to try to make it to the church on time. some guys just can't handle vegas."
817,18.316151,310940086,95.0,austin powers: the spy who shagged me,6.2,1011,"adventure comedy crime sciencefiction savingtheworld moon submarine clone spy cia showdown android usapresident exoticisland cat lasergun nasa undercover spacemarine carjourney auto timetravel supermodel single aftercreditsstinger duringcreditsstinger when diabolical genius, dr. evil travels back in time to steal superspy austin powers's ‘mojo’, austin must return to the swingin' '60s himself – with the help of american agent, felicity shagwell – to stop the dastardly plan. once there, austin faces off against dr. evil's army of minions and saves the world in his own unbelievably groovy way. i'm back, baby!"
268,44.104469,411348924,126.0,batman,7.0,2096,"fantasy action doublelife dccomics dualidentity chemical crimefighter fictionalplace gothamcity superhero superpowers the dark knight of gotham city begins his war on crime with his first major enemy being the clownishly homicidal joker, who has seized control of gotham's underworld. have you ever danced with the devil in the pale moonlight?"
268,44.104469,411348924,126.0,batman,7.0,2096,"fantasy action doublelife dccomics dualidentity chemical crimefighter fictionalplace gothamcity superhero superpowers the dark knight of gotham city begins his war on crime with his first major enemy being the clownishly homicidal joker, who has seized control of gotham's underworld. have you ever danced with the devil in the pale moonlight?"
943,36.172182,321731527,118.0,lethal weapon 3,6.4,811,"adventure action comedy thriller crime rookiecop dogbiscuit shootingpractice sittingonatoilet judothrow policepsychologist buddycop firingrange aftercreditsstinger archetypal buddy cops riggs and murtaugh are back for another round of high-stakes action, this time setting their collective sights on bringing down a former los angeles police lieutenant turned black market weapons dealer. lorna cole joins as the beautiful yet hardnosed internal affairs sergeant who catches riggs's eye. the magic is back again!"
22881,25.767395,309208309,129.0,the blind side,7.2,1597,"drama americanfootball adoption education privateschool sport americanfootballplayer duringcreditsstinger oversized african-american, michael oher, the teen from across the tracks and a broken home, has nowhere to sleep at age 16. taken in by an affluent memphis couple, michael embarks on a remarkable rise to play for the nfl. based on the extraordinary true story"
10054,21.543389,147934180,88.0,spy kids,5.5,867,"action comedy family adventure doublelife parentskidsrelationship brothersisterrelationship lossofparents secretagent robot carmen and juni think their parents are boring. little do they know that in their day, gregorio and ingrid cortez were the top secret agents from their respective countries. they gave up that life to raise their children. now, the disappearances of several of their old colleagues forces the cortez' return from retirement. what they didn't count on was carmen and juni joining the ""family business."" real spies...only smaller"
51540,50.309843,117000000,98.0,horrible bosses,6.5,2277,"comedy crime conspiracyofmurder badboss employee deathoffather stakeout duringcreditsstinger for nick, kurt and dale, the only thing that would make the daily grind more tolerable would be to grind their intolerable bosses into dust. quitting is not an option, so, with the benefit of a few-too-many drinks and some dubious advice from a hustling ex-con, the three friends devise a convoluted and seemingly foolproof plan to rid themselves of their respective employers... permanently. ever wish your boss was dead?"
44264,49.292384,252276927,110.0,true grit,7.2,1668,"drama adventure western lossoffather fathermurder texasranger alcoholism betrayal following the murder of her father by hired hand tom chaney, 14-year-old farm girl mattie ross sets out to capture the killer. to aid her, she hires the toughest u.s. marshal she can find, a man with ""true grit,"" reuben j. ""rooster"" cogburn. mattie insists on accompanying cogburn, whose drinking, sloth, and generally reprobate character do not augment her faith in him. against his wishes, she joins him in his trek into the indian nations in search of chaney. they are joined by texas ranger laboeuf, who wants chaney for his own purposes. the unlikely trio find danger and adventure on the journey, and each has his or her ""grit"" tested. punishment comes one way or another."
350,83.893257,326551094,109.0,the devil wears prada,7.0,3088,comedy drama romance paris journalist journalism worldoffasion fashionjournal assistant jobentrant jobinterview editor-in-chief the devil wears prada is about a young journalist who moves to new york to work in the fashion industry. her boss however is extremely demanding and cruel and won’t let her succeed if she doesn’t fit into the high class elegant look of their magazine when all she really wants to be a good journalist. meet andy sachs. a million girls would kill to have her job. she's not one of them.
152,24.616634,139000000,132.0,star trek: the motion picture,6.2,530,"sciencefiction adventure mystery artificialintelligence ussenterprise starfleet sanfrancisco selfsacrifice spacecraft klingon vulcan spaceopera when a destructive space entity is spotted approaching earth, admiral kirk resumes command of the starship enterprise in order to intercept, examine, and hopefully stop it. the human adventure is just beginning."
109431,34.005726,173965010,111.0,identity thief,5.6,1645,"comedy crime  when a mild-mannered businessman learns his identity has been stolen, he hits the road in an attempt to foil the thief -- a trip that puts him in the path of a deceptively harmless-looking woman. she's having the time of his life"
1598,27.714043,182300000,128.0,cape fear,7.0,675,"crime thriller prison childabuse rape smalltown daughter police revenge lawyer cigarsmoking fear dog rapist sam bowden is a small-town corporate attorney. max cady is a tattooed, cigar-smoking, bible-quoting, psychotic rapist. what do they have in common? fourteen years ago, sam was a public defender assigned to max cady's rape trial, and he made a serious error: he hid a document from his illiterate client that could have gotten him acquitted. now, the cagey, bibliophile cady has been released, and he intends to teach sam bowden and his family a thing or two about loss. there is nothing in the dark that isn't there in the light. except fear."
8065,45.149948,69823199,123.0,21,6.5,1375,"drama crime gambling cardgame professor harvarduniversity cohabitant college girlfriend studies dormitory friendship blackjack ben campbell is a young, highly intelligent, student at m.i.t. in boston who strives to succeed. wanting a scholarship to transfer to harvard school of medicine with the desire to become a doctor, ben learns that he cannot afford the $300,000 for the four to five years of schooling as he comes from a poor, working-class background. but one evening, ben is introduced by his unorthodox math professor micky rosa into a small but secretive club of five. students jill, choi, kianna, and fisher, who are being trained by professor rosa of the skill of card counting at blackjack. they proved the vegas blackjack system was beatable...by beating the hell out of it."
271718,72.774941,140795793,125.0,trainwreck,5.9,1181,"comedy alcohol one-nightstand having thought that monogamy was never possible, a commitment-phobic career woman may have to face her fears when she meets a good guy. we all know one."
409,29.381878,231976425,162.0,the english patient,7.0,542,"drama romance war cairo egypt identity amnesia worldwarii burn landmine expedition cave sandstorm royalgeographicsociety cavepainting prisonersofwar map mineclearer hearing desertscientist intelligence traitor muralpainting airplane secretlove beginning in the 1930s, ""the english patient"" tells the story of count almásy who is a hungarian map maker employed by the royal geographical society to chart the vast expanses of the sahara desert along with several other prominent explorers. as world war ii unfolds, almásy enters into a world of love, betrayal, and politics that is later revealed in a series of flashbacks while almásy is on his death bed after being horribly burned in a plane crash. in love, there are no boundaries."
2118,24.860326,126216940,138.0,l.a. confidential,7.7,1310,crime drama mystery thriller corruption detective shotgun morgue fword domesticviolence corpse crime districtattorney bandage moviestar manwithglasses knifeinthigh goodcopbadcop switchblade callgirl 1950s falsifying three detectives in the corrupt and brutal l.a. police force of the 1950s use differing methods to uncover a conspiracy behind the shotgun slayings of the patrons at an all-night diner. everything is suspect... everyone is for sale... and nothing is what it seems.
11459,11.041659,86369815,100.0,sky high,5.8,550,"adventure comedy family hero loyalty mockery supernaturalpowers highschool mission superpowers teensuperheroes set in a world where superheroes are commonly known and accepted, young will stronghold, the son of the commander and jetstream, tries to find a balance between being a normal teenager and an extraordinary being. saving the world... one homework assignment at a time."
377,38.204158,25504513,91.0,a nightmare on elm street,7.2,1180,"horror childmurderer sleep nightmare supernatural slasher teenager trapped alcoholic boilerroom boobytrap disfigurement medicaltest dreams teenagers in a small town are dropping like flies, apparently in the grip of mass hysteria causing their suicides. a cop's daughter, nancy thompson (heather langenkamp) traces the cause to child molester fred krueger (robert englund), who was burned alive by angry parents many years before. krueger has now come back in the dreams of his killers' children, claiming their lives as his revenge. nancy and her boyfriend, glen (johnny depp), must devise a plan to lure the monster out of the realm of nightmares and into the real world... if nancy doesn't wake up screaming, she won't wake up at all!"
9313,28.98027,0,132.0,the man in the iron mask,6.3,1018,"action adventure drama france swordplay mask musketeer years have passed since the three musketeers, aramis, athos and porthos, have fought together with their friend, d'artagnan. but with the tyrannical king louis using his power to wreak havoc in the kingdom while his twin brother, philippe, remains imprisoned, the musketeers reunite to abduct louis and replace him with philippe. for the honor of a king. and the destiny of a country. all for one."
50544,40.526587,150483765,109.0,friends with benefits,6.5,2237,"romance comedy funeral friends hospital aftercreditsstinger duringcreditsstinger jamie is a new york-based executive recruiter who entices dylan, an art director from los angeles, to take a job at the new york office of gq magazine. finding that they have much in common, the two become fast friends. feeling jaded by a number of broken romances, dylan and jamie decide that they are ready to quit looking for true love and focus on having fun. however, complications unfold when the two best pals add sex to their relationship. some friends come with a happy ending."
325133,50.179171,108758521,91.0,neighbors 2: sorority rising,5.6,1462,comedy alcohol college party sequel sorority neighbor family fraternity bathroomhumor a sorority moves in next door to the home of mac and kelly radner who have a young child. the radner's enlist their former nemeses from the fraternity to help battle the raucous sisters. new neighbors.
140823,31.957947,112544580,125.0,saving mr. banks,7.3,1226,"comedy drama history biography animation writer moviemaking author p.l. travers travels from london to hollywood as walt disney pictures adapts her novel mary poppins for the big screen. where her book ended, their story began."
89492,38.429648,88058786,134.0,this is 40,5.6,896,"comedy wifehusbandrelationship children familyrelationships duringcreditsstinger pete and debbie are both about to turn 40, their kids hate each other, both of their businesses are failing, they're on the verge of losing their house, and their relationship is threatening to fall apart. the sort-of sequel to 'knocked up'"
12437,51.927471,91353501,92.0,underworld: rise of the lycans,6.2,1428,"fantasy action adventure sciencefiction thriller prison underworld slavery castle vampire war werewolf battle slave dungeon fangvamp a prequel to the first two underworld films, this fantasy explains the origins of the feud between the vampires and the lycans. aided by his secret love, sonja, courageous lucian leads the lycans in battle against brutal vampire king viktor. determined to break the king's enslavement of his people, lucian faces off against the death dealer army in a bid for lycan independence. every war has a beginning."
9366,40.370442,41954997,127.0,donnie brasco,7.4,1147,crime drama thriller undercover colombia mafia mobster dirtycop informant stealingmoney marriagecounselor shavingcream playingcards an fbi undercover agent infilitrates the mob and finds himself identifying more with the mafia life at the expense of his regular one. based on a true story.
1576,40.715623,102984862,100.0,resident evil,6.4,2065,"horror action sciencefiction undercover mutant dystopia conspiracy zombie basedonvideogame when a virus leaks from a top-secret facility, turning all resident researchers into ravenous zombies and their lab animals into mutated hounds from hell, the government sends in an elite military task force to contain the outbreak. alice and rain are charged with leading the mission. but they only have three hours before the pathogen becomes airborne and infects the world. a secret experiment. a deadly virus. a fatal mistake."
609,36.230204,122200000,114.0,poltergeist,7.0,794,"horror medium ghostbuster poltergeist hauntedhouse dyinganddeath familyrelationships goodvsevil paranormalphenomena powerofgoodness parent-childbond haunted steve freeling lives with his wife, diane, and their three children, dana, robbie, and carol anne, in southern california where he sells houses for the company that built the neighborhood. it starts with just a few odd occurrences, such as broken dishes and furniture moving around by itself. however, when he realizes that something truly evil haunts his home, steve calls in a team of parapsychologists led by dr. lesh to help before it's too late. they're here."
13051,25.903237,85416905,100.0,max payne,5.2,613,"action assassin basedonvideogame aftercreditsstinger coming together to solve a series of murders in new york city are a dea agent whose family was slain as part of a conspiracy and an assassin out to avenge her sister's death. the duo will be hunted by the police, the mob, and a ruthless corporation. when a man has lost everything. he only has revenge"
49530,60.231382,173930596,109.0,in time,6.7,3417,"action thriller sciencefiction bank future time dystopia raceagainsttime immortality ontherun classdifferences copsandrobbers  richvspoor in the not-too-distant future the aging gene has been switched off. to avoid overpopulation, time has become the currency and the way people pay for luxuries and necessities. the rich can live forever, while the rest try to negotiate for their immortality. a poor young man who comes into a fortune of time, though too late to help his mother from dying. he ends up on the run from a corrupt police force known as 'time keepers'. time is power"
423,50.587541,120072577,150.0,the pianist,8.0,1864,drama war individual resistance radiostation warcrimes lossoffamily childmurderer hunger worldwarii prisonersofwar homeland deportation hidingplace ghettoriot jewpersecution liberation warsawghetto polishresistance nazis biography classicalmusic panzer pianist the pianist is a film adapted from the biography of wladyslaw szpilman. a jewish-polish pianist who during the second world war lived and hid miraculously in warsaw after having gone through a terrible tragedy. a film from roman polanski. music was his passion. survival was his masterpiece.
10066,17.157738,68766121,113.0,house of wax,5.5,677,horror americanfootball trafficjam remake murder suspense waxmuseum teenager groupoffriends ghosttown wax a group of unwitting teens are stranded near a strange wax museum and soon must fight to survive and keep from becoming the next exhibit. prey. slay. display
2288,22.636908,115505027,104.0,closer,6.7,811,"drama romance fathersonrelationship loveatfirstsight photographer lossoflover cheating lie forbiddenlove tea lover kiss photography secretlove timessquare liar sexchat basedonplay deathoffather fallinginlove a witty, romantic, and very dangerous love story about chance meetings, instant attractions, and casual betrayals. two couples disintegrate when they begin destructive adulterous affairs with each other. if you believe in love at first sight, you never stop looking."
88794,28.069419,84606030,137.0,j. edgar,6.0,741,"drama crime history biography historicalfigure fbidirector as the face of law enforcement in america for almost 50 years, j. edgar hoover was feared and admired, reviled and revered. but behind closed doors, he held secrets that would have destroyed his image, his career and his life. the most powerful man in the world."
169,27.934978,57120318,108.0,predator 2,5.9,730,"sciencefiction action thriller predator warondrugs extraterrestrialtechnology losangeles invisible ten years after a band of mercenaries first battled a vicious alien, the invisible creature from another world has returned to earth -- and this time, it's drawn to the gang-ruled and ravaged city of los angeles. when it starts murdering drug dealers, detective-lieutenant mike harrigan and his police force set out to capture the creature, ignoring warnings from a mysterious government agent to stay away. silent. invisible. invincible. he's in town with a few days to kill."
8836,25.454549,68369434,104.0,the x files: i want to believe,5.5,523,"drama mystery sciencefiction thriller extraterrestrialtechnology fbi alien fbiagent duringcreditsstinger six years after the events of the x-files series finale, former fbi agent doctor dana scully is now a staff physician at our lady of sorrows, a catholic hospital, and treating a boy named christian who has sandhoff disease, a terminal brain condition. fbi agent drummy arrives to ask scully’s help in locating fox mulder, the fugitive former head of the x-files division, and says they will call off its manhunt for him if he will help investigate the disappearances of several women, including young fbi agent monica banan.  mulder and scully are called back to duty by the fbi when a former priest claims to be receiving psychic visions pertaining to a kidnapped agent. to find the truth, you must believe."
321741,35.120736,50363790,123.0,concussion,7.0,823,"drama americanfootball concussion biography professionalsports braindamage sportsinjury nfl medicaldrama humanbrain a dramatic thriller based on the incredible true david vs. goliath story of american immigrant dr. bennet omalu, the brilliant forensic neuropathologist who made the first discovery of cte, a football-related brain trauma, in a pro player and fought for the truth to be known. omalu's emotional quest puts him at dangerous odds with one of the most powerful institutions in the world. even legends need a hero"
59965,19.893646,82087155,106.0,abduction,5.6,961,thriller action mystery cia airport hero fight kidnapping timebomb training webcam website party ontherun hospital train teenager a young man sets out to uncover the truth about his life after finding his baby photo on a missing persons website. they stole his life. he's taking it back.
98357,29.490057,19701164,109.0,broken city,5.7,593,"thriller crime drama mayor investigation politics ex-cop revenge doublecrossed privatedetective in a broken city rife with injustice, ex-cop billy taggart seeks redemption and revenge after being double-crossed and then framed by its most powerful figure, the mayor. billy's relentless pursuit of justice, matched only by his streetwise toughness, makes him an unstoppable force - and the mayor's worst nightmare. proof can be a powerful weapon."
49526,17.709888,31083599,91.0,premium rush,6.2,832,"crime action thriller newyork dirtycop bicyclecourier duringcreditsstinger raceagainsttheclock cyclist bikemessenger in manhattan, a bike messenger picks up an envelope that attracts the interest of a dirty cop, who pursues the cyclist throughout the city. ride like hell"
268920,18.262017,51680201,87.0,hot pursuit,5.4,647,action comedy crime texas prisoner cop drugcartel ontherun policeofficer prisonerontherun womandirector an uptight by-the-book cop must protect the widow of a drug boss from crooked cops and gunmen. armed and sort-of dangerous.
119283,28.670477,46216641,118.0,parker,5.7,1455,"action crime professionalthief jewelrobbery a thief with a unique code of professional ethics is double-crossed by his crew and left for dead. assuming a new disguise and forming an unlikely alliance with a woman on the inside, he looks to hijack the score of the crew's latest heist. to get away clean, you have to play dirty."
8967,43.862456,54674226,139.0,the tree of life,6.5,987,"drama fantasy philosophy fathersonrelationship redhair brothersisterrelationship sun telegram tree meteor afterlife deathofachild independentfilm spirituality outerspace dinosaur voiceover verylittledialogue tarkovskyesque the impressionistic story of a texas family in the 1950s. the film follows the life journey of the eldest son, jack, through the innocence of childhood to his disillusioned adult years as he tries to reconcile a complicated relationship with his father. jack finds himself a lost soul in the modern world, seeking answers to the origins and meaning of life while questioning the existence of faith. nothing stands still."
144336,27.903999,17508518,110.0,sabotage,5.5,555,"action drama thriller crime drugcartel dea in ""sabotage"", arnold schwarzenegger leads an elite dea task force that takes on the world's deadliest drug cartels. when the team successfully executes a high-stakes raid on a cartel safe house, they think their work is done - until, one-by-one, the team members mysteriously start to be eliminated. as the body count rises, everyone is a suspect. leave no loose ends"
285783,37.335721,61181942,123.0,the walk,6.9,1121,adventure drama thriller 1970s skyscraper basedontruestory tightrope planning worldtradecenter the story of french high-wire artist philippe petit's attempt to cross the twin towers of the world trade center in 1974. dream high.
198663,131.815575,348319861,113.0,the maze runner,7.0,5371,"action mystery sciencefiction thriller basedonnovel maze post-apocalyptic dystopia escape memoryloss erasedmemory trapped dystopicfuture runner basedonyoungadultnovel set in a post-apocalyptic world, young thomas is deposited in a community of boys after his memory is erased, soon learning they're all trapped in a maze that will require him to join forces with fellow ""runners"" for a shot at escape. run - remember - survive"
1381,24.606012,15304890,96.0,the fountain,6.8,827,"drama adventure sciencefiction romance braintumor operation queen loveofone'slife surgeon tree dyinganddeath transience immortality mayacivilization monkey conquest spanning over one thousand years, and three parallel stories, the fountain is a story of love, death, spirituality, and the fragility of our existence in this world. death is the road to awe"
12429,39.58676,187479518,100.0,ponyo,7.5,926,"animation family mother fish cliff father mermaid princess anime the son of a sailor, 5-year old sosuke lives a quiet life on an oceanside cliff with his mother lisa. one fateful day, he finds a beautiful goldfish trapped in a bottle on the beach and upon rescuing her, names her ponyo. but she is no ordinary goldfish. the daughter of a masterful wizard and a sea goddess, ponyo uses her father's magic to transform herself into a young girl and quickly falls in love with sosuke, but the use of such powerful sorcery causes a dangerous imbalance in the world. as the moon steadily draws nearer to the earth and ponyo's father sends the ocean's mighty waves to find his daughter, the two children embark on an adventure of a lifetime to save the world and fulfill ponyo's dreams of becoming human. welcome to a world where anything is possible."
228205,41.946523,63013281,128.0,the longest ride,7.3,1064,drama romance basedonnovel artstudent cowboy injury bullriding romanticdrama youngadult the lives of a young couple intertwine with a much older man as he reflects back on a lost love while he's trapped in an automobile crash. two couples. two love stories. one epic tale.
881,40.379966,243240178,138.0,a few good men,7.1,877,"drama suicide underdog suspicionofmurder courtcase navy law dyinganddeath guantanamobay marinecorps militarycourt codered command militarybase u.s.navy sexism rightandjustice basedonplay courtmartial flashback platoonleader militarylaw when cocky military lawyer lt. daniel kaffee and his co-counsel, lt. cmdr. joanne galloway, are assigned to a murder case, they uncover a hazing ritual that could implicate high-ranking officials such as shady col. nathan jessep. "
9600,24.389194,173959438,98.0,big momma's house,5.6,506,"crime comedy 绝地奶霸 卧底肥妈 big爆任务 超级妈妈 when a street-smart fbi agent is sent to georgia to protect a beautiful single mother and her son from an escaped convict, he is forced to impersonate a crass southern granny known as big momma in order to remain incognito. this fbi agent is going undercover... and he's concealing more than a weapon."
85446,29.775441,140470746,99.0,step up revolution,6.7,663,"music drama romance flashmob danceinstructor realestatedevelopment nike dancecompany emily arrives in miami with aspirations to become a professional dancer. she sparks with sean, the leader of a dance crew whose neighborhood is threatened by emily's father's development plans. one step can change your world"
7220,35.099611,54700105,124.0,the punisher,6.1,766,"action crime drama chain submachinegun undercover smuggling twinbrother marvelcomic onemanarmy massacre extremeviolence familyreunion pier when undercover fbi agent frank castle's wife and son are slaughtered, he becomes 'the punisher' -- a ruthless vigilante willing to go to any length to avenge his family. there is no justice, there is only revenge."
72387,31.92695,40346186,94.0,safe,6.3,799,"action crime thriller brokentrachea after a former elite agent rescues a 12-year-old chinese girl who's been abducted, they find themselves in the middle of a standoff between triads, the russian mafia and high-level corrupt new york city politicians and police. she has the code. he is the key."
1892,46.509071,572700000,135.0,return of the jedi,7.9,4665,"adventure action sciencefiction rebel brothersisterrelationship emperor spacebattle matteroflifeanddeath spaceship deathstar jabbathehutt ewoks jedi spaceopera as rebel leaders map their strategy for an all-out attack on the emperor's newer, bigger death star. han solo remains frozen in the cavernous desert fortress of jabba the hutt, the most loathsome outlaw in the universe, who is also keeping princess leia as a slave girl. now a master of the force, luke skywalker rescues his friends, but he cannot become a true jedi knight until he wages his own crucial battle against darth vader, who has sworn to win luke over to the dark side of the force. the empire falls..."
8055,33.923786,113019290,124.0,the reader,7.2,813,"drama romance germany warcrimes trial femaleprisoner teenager lawstudent teenagesexuality olderwomanyoungermanrelationship teenagesex affair the story of michael berg, a german lawyer who, as a teenager in the late 1950s, had an affair with an older woman, hanna, who then disappeared only to resurface years later as one of the defendants in a war crimes trial stemming from her actions as a concentration camp guard late in the war. he alone realizes that hanna is illiterate and may be concealing that fact at the expense of her freedom. behind the mystery lies a truth that will make you question everything you know."
10719,16.901954,173398518,97.0,elf,6.4,987,"comedy family fantasy holiday elves santaclaus lookingforbirthparents romance northpole christmas when young buddy falls into santa's gift sack on christmas eve, he's transported back to the north pole and raised as a toy-making elf by santa's helpers. but as he grows into adulthood, he can't shake the nagging feeling that he doesn't belong. buddy vows to visit manhattan and find his real dad, a workaholic publisher. this holiday, discover your inner elf."
55721,17.107065,288383523,125.0,bridesmaids,6.5,1661,"comedy romance competition jealousy fight materialism bridesmaid femalefriendship fearofcommitment wealth motherdaughterrelationship weddingparty sexualhumor bestfriend maidofhonor drunk weddingdress groupoffriends casualsex vanity girlfight missingwoman outofcontrol annie’s life is a mess. but when she finds out her lifetime best friend is engaged, she simply must serve as lillian’s maid of honor. though lovelorn and broke, annie bluffs her way through the expensive and bizarre rituals. with one chance to get it perfect, she’ll show lillian and her bridesmaids just how far you’ll go for someone you love. save the date"
109414,38.21708,126041322,107.0,this is the end,6.3,2359,"action comedy rape monster panic friendship celebrity satire party possession darkcomedy endoftheworld apocalypse drug demon self-referential actor while attending a party at james franco's house, seth rogen, jay baruchel and many other celebrities are faced with the apocalypse. nothing ruins a party like the end of the world."
11978,24.147269,48814909,129.0,men of honor,7.0,544,"drama diving u.s.navy against formidable odds -- and an old-school diving instructor embittered by the u.s. navy's new, less prejudicial policies -- carl brashear sets his sights on becoming the navy's first african-american master diver in this uplifting true story. their relationship starts out on the rocks, but fate ultimately conspires to bring the men together into a setting of mutual respect, triumph and honor. history is made by those who break the rules."
45612,59.19888,147332697,93.0,source code,7.1,2699,"thriller sciencefiction mystery bomb identity fantasy bomber suspicion timetravel investigation surrealism soldier helicopterpilot decorated soldier captain colter stevens wakes up in the body of an unknown man, discovering he's involved in a mission to find the bomber of a chicago commuter train. he learns he's part of a top-secret experimental program that enables him to experience the final 8 minutes of another person's life. colter re-lives the train incident over and over again, gathering more clues each time. but can he discover who is responsible for the attack before the next one happens? make every second count"
3594,23.197408,77566815,101.0,the number 23,6.3,1018,"thriller drama mystery suicide basedonnovel hotelroom obsession sadomasochism psychologicalthriller killer family numbers walter sparrow is an animal control officer that becomes obsessed with a mysterious book that seems to be based on his own life. as soon as he opens the book, he notices strange parallels between what he reads and what he's experienced. but now he's worried that a fictional murder might materialize. first it takes hold of your mind...then it takes hold of your life."
59,34.628738,60740827,96.0,a history of violence,6.9,832,drama thriller crime robbery doublelife dualidentity smalltown indiana distrust fight self-defense marriage familyrelationships mistakenidentity diner lawyer mobster violence attemptedrobbery an average family is thrust into the spotlight after the father commits a seemingly self-defense murder at his diner. tom stall had the perfect life... until he became a hero.
9335,47.5612,85167639,87.0,transporter 2,6.2,1061,"action thriller crime martialarts warondrugs kidnapping bodyguard baby-snatching professional driver frank martin is living in miami, where he is temporarily filling in for a friend as the chauffeur for a government narcotics control policymaker and his family. the young boy in the family is targeted for kidnapping, and frank immediately becomes involved in protecting the child and exposing the kidnappers. the best in the business is back in the game."
31867,25.799697,18409891,111.0,repo men,6.2,620,"action sciencefiction thriller crime dystopia evilcorporation repoman aftercreditsstinger in the future, medical technology has advanced to the point where people can buy artificial organs to extend their lives. but if they default on payments, an organization known as the union sends agents to repossess the organs. remy is one of the best agents in the business, but when he becomes the recipient of an artificial heart, he finds himself in the same dire straits as his many victims. for a price, any organ in your body can be replaced. but it can also be repossessed."
124459,26.9385,27437881,100.0,the incredible burt wonderstone,5.3,724,"comedy magic lasvegas after breaking up with his longtime stage partner, a famous but jaded vegas magician fights for relevance when a new, ""hip"" street magician appears on the scene. abracatastic!"
28,49.973462,89460381,153.0,apocalypse now,8.0,2055,"drama war guerrilla river vietnam vietcong cambodia army insanity tribe greenberet jungle apocalypse death napalm at the height of the vietnam war, captain benjamin willard is sent on a dangerous mission that, officially, ""does not exist, nor will it ever exist."" his goal is to locate - and eliminate - a mysterious green beret colonel named walter kurtz, who has been leading his personal army on illegal guerrilla missions into enemy territory. this is the end..."
302156,27.891012,14708696,113.0,criminal,5.7,557,"action cia memory convict implant bill pope is a cia agent on a mission in london tracking down a shadowy hacker nicknamed ""the dutchman."" when he gets mysteriously ambushed and killed, an experimental procedure is used to transfer his memories into dangerous ex-convict jericho stewart. when he wakes up with the cia agent's memories, his mission is to find the dutchman and eliminate him before the hacker launches icbm's and starts world war iii. but complications soon arise and the mission turns personal. "
87502,42.213765,161772375,138.0,flight,6.5,2415,"drama confession airplane fword hangover airplanecrash syringe denial pornactress jesusfreak baseballstadium perjury nationaltransportationsafetyboard flyingupsidedown narcissist relapse substanceabuse commercial airline pilot whip whitaker has a problem with drugs and alcohol, though so far he's managed to complete his flights safely. his luck runs out when a disastrous mechanical malfunction sends his plane hurtling toward the ground. whip pulls off a miraculous crash-landing that results in only six lives lost. shaken to the core, whip vows to get sober -- but when the crash investigation exposes his addiction, he finds himself in an even worse situation. "
698,29.887404,210308099,126.0,moonraker,5.9,541,action adventure thriller sciencefiction venice massmurder spacemarine spacesuit marcussquare spacebattle secretbase utopia spacetravel boatchase astronaut lasers britishsecretservice weightlessness during the transportation of a space shuttle a boeing 747 crashes in the atlantic ocean yet when they go to look for the destroyed shuttle it is not there. james bond investigates the missing mission space shuttle and soon learns that the shuttles owner hugo drax wants to kill all of mankind. outer space now belongs to 007.
120467,74.417456,174600318,99.0,the grand budapest hotel,8.0,4519,"comedy drama hotel painting wartime gunfight theft mentorprotégérelationship european hotellobby renaissancepainting the grand budapest hotel tells of a legendary concierge at a famous european hotel between the wars and his friendship with a young employee who becomes his trusted protégé. the story involves the theft and recovery of a priceless renaissance painting, the battle for an enormous family fortune and the slow and then sudden upheavals that transformed europe during the first half of the 20th century. a perfect holiday without leaving home."
296099,47.753598,104384188,99.0,vacation,6.2,1195,"comedy route66 grandcanyon cow vacation roadtrip sequel dysfunctionalfamily familyvacation amusementpark trucker rollercoaster themepark airlinepilot bipolardisorder planotexas hoping to bring his family closer together and to recreate his childhood vacation for his own kids, a grown up rusty griswold takes his wife and their two sons on a cross-country road trip to the coolest theme park in america, walley world. needless to say, things don't go quite as planned. what could go wrong?"
1574,32.217425,306776732,113.0,chicago,6.9,677,"action comedy crime drama music chicago basedonstagemusical prisonmatron jazzage nudemanmurdered murderesses velma kelly and roxie hart find themselves on death row together and fight for the fame that will keep them from the gallows in 1920s chicago. if you can't be famous, be infamous"
9032,34.86859,234801895,93.0,big daddy,6.1,875,"comedy drama bachelor law vomit syracuseuniversity lawschool youngboy politicallyincorrect wettingpants centralpark publicurination child'spointofview responsibility immaturity a lazy law school grad adopts a kid to impress his girlfriend, but everything doesn't go as planned and he becomes the unlikely foster father. nature called. look who answered."
2770,36.432598,287553595,108.0,american pie 2,6.0,1344,"comedy romance sex party summer beachhouse groupoffriends grossoutcomedy tantra mistakenforaspecialeducationstudent superglue sexcomedy the whole gang are back and as close as ever. they decide to get even closer by spending the summer together at a beach house. they decide to hold the biggest party ever to be seen, even if the preparation doesn't always go to plan. especially when stifler, finch and jim become more close to each other than they ever want to be and when jim mistakes super glue for lubricant... this summer it's all about sticking together."
862,73.640445,373554033,81.0,toy story,7.7,5269,"animation comedy family jealousy toy boy friendship friends rivalry boynextdoor newtoy toycomestolife led by woody, andy's toys live happily in his room until andy's birthday brings buzz lightyear onto the scene. afraid of losing his place in andy's heart, woody plots against buzz. but when circumstances separate buzz and woody from their owner, the duo eventually learns to put aside their differences. "
1637,49.526736,350448145,116.0,speed,6.8,1783,"action adventure crime bomb airport bus busride highway bombplanting los angeles swat cop jack traven is up against bomb expert howard payne, who's after major ransom money. first it's a rigged elevator in a very tall building. then it's a rigged bus--if it slows, it will blow, bad enough any day, but a nightmare in la traffic. and that's still not the end. get ready for rush hour"
72570,26.780961,196114570,104.0,the vow,7.0,1293,"drama romance coma amnesia basedontruestory memoryloss caraccident romanticdrama happy young married couple paige and leo are, well, happy. then a car accident puts paige into a life-threatening coma. upon awakening she has lost the previous five years of memories, including those of her beloved leo, her wedding, a confusing relationship with her parents, or the ending of her relationship with her ex-fiance. despite these complications, leo endeavors to win her heart again and rebuild their marriage. "
10637,25.996219,136706683,113.0,remember the titans,7.4,821,"drama kukluxklan americanfootball trainer sportsteam racepolitics coaction apartheid sport highschool racialsegregation racist basedontruestory americanfootballplayer xenophobia headcoach after leading his football team to 15 winning seasons, coach bill yoast is demoted and replaced by herman boone – tough, opinionated and as different from the beloved yoast as he could be. the two men learn to overcome their differences and turn a group of hostile young men into true champions. history is written by the winners."
1669,46.212155,199200000,134.0,the hunt for red october,7.2,957,"action adventure thriller submarine coldwar russian defection jackryan a new soviet nuclear missile sub (a boomer) heading out on her maiden voyage that is being tracked by a los angeles class american submarine suddenly goes silent and ""disappears"". this focuses the attention of both u.s. intelligence and the u.s. navy on the russian sub commander .  when it is determined that the silent soviet boomer may be headed for american coastal waters panic ensues. a cia analyst, jack ryan,  convinces the brass that the boomer's commander may intend something other than a nuclear first strike in mind. a perilous and tense cat-and-mouse game ensues. invisible. silent. stolen."
132363,32.105328,115922175,132.0,the butler,7.2,1101,"drama whitehouse butler biography civilrights a look at the life of cecil gaines who served eight presidents as the white house's head butler from 1952 to 1986, and had a unique front-row seat as political and racial history was made. one quiet voice can ignite a revolution."
9472,41.156217,167722310,92.0,dodgeball: a true underdog story,6.2,981,"comedy underdog competition bank bar ball cheerleader diet wife sport gymnasium pleite fitness-studio love mailorderbride cheerleading pirate aftercreditsstinger duringcreditsstinger when megalomaniacal white goodman, the owner of a trendy, high-end fitness center, makes a move to take over the struggling local gym run by happy-go-lucky pete la fleur, there's only one way for la fleur to fight back: dodgeball. aided by a dodgeball guru and goodman's attorney, la fleur and his rag-tag team of underdogs launch a knock-down, drag-out battle in which the winner takes all. grab life by the ball"
2907,37.179547,191502426,99.0,the addams family,6.7,848,"horror comedy fantasy deadwish vampire blackhumor uncle eccentric werewolf macabre loanshark accountant uncle fester has been missing for 25 years. an evil doctor finds out and introduces a fake fester in an attempt to get the adams family's money. the youngest daughter has some doubts about the new uncle fester, but the fake uncle adapts very well to the strange family. can the doctor carry out her evil plans and take over the adams family's fortune? weird is relative"
9273,34.391792,212385533,90.0,ace ventura: when nature calls,6.1,1099,"crime comedy adventure africa indigenous humananimalrelationship bat summoned from an ashram in tibet, ace finds himself on a perilous journey into the jungles of africa to find shikaka, the missing sacred animal of the friendly wachati tribe. he must accomplish this before the wedding of the wachati's princess to the prince of the warrior wachootoos. if ace fails, the result will be a vicious tribal war. new animals. new adventures. same hair."
9880,40.176265,165335153,115.0,the princess diaries,6.5,1023,"comedy family romance heirtothethrone grandmothergranddaughterrelationship highschool princess royalty teenager popularity socialoutcast basedonyoungadultnovel a socially awkward but very bright 15-year-old girl being raised by a single mom discovers that she is the princess of a small european country because of the recent death of her long-absent father, who, unknown to her, was the crown prince of genovia. she must make a choice between continuing the life of a san francisco teen or stepping up to the throne. she rocks. she rules. she reigns."
807,79.579532,327311859,127.0,se7en,8.1,5765,"crime mystery thriller self-fulfillingprophecy detective s.w.a.t. drugdealer evisceration lustandimpulsiveness rageandhate prideandvanity immoderateness insomnia investigation pension police serialkiller two homicide detectives are on a desperate hunt for a serial killer whose crimes are based on the ""seven deadly sins"" in this dark and haunting film that takes viewers from the tortured remains of one victim to the next. the seasoned det. sommerset researches each sin in an effort to get inside the killer's mind, while his novice partner, mills, scoffs at his efforts to unravel the case. seven deadly sins. seven ways to die."
17654,63.13678,210819611,112.0,district 9,7.3,3382,"sciencefiction slum streetgang mutation southafrica johannesburg dystopia genetics government satire alien prawn mockumentary alternatehistory racism metamorphosis xenophobia internmentcamp bodytransformation alientechnology segregation aliens land in south africa and, with their ship totally disabled,  have no way home. years later, after living in a slum and wearing out their welcome the 'non-humans' are being moved to a new tent city overseen by multi-national united (mnu). you are not welcome here."
11836,27.870755,140161792,87.0,the spongebob squarepants movie,6.7,574,"animation comedy family ocean sea star water freeze spongebob there's trouble brewing in bikini bottom. someone has stolen king neptune's crown, and it looks like mr. krab, spongebob's boss, is the culprit. though he's just been passed over for the promotion of his dreams, spongebob stands by his boss, and along with his best pal patrick, sets out on a treacherous mission to shell city to reclaim the crown and save mr. krab's life. bigger. better. more absorbent."
322,31.242999,156822020,138.0,mystic river,7.6,1422,"thriller crime drama mystery childabuse sexualabuse lossofchild repayment suppressedpast arbitrarylaw boston workers'quarter referencetosprite child a story about friendship and loyalty, guilt and vengeance, and the fateful affect the past has on the present. we bury our sins, we wash them clean."
70,70.456012,216763646,132.0,million dollar baby,7.7,2439,"drama transporter suicideattempt strongwoman boxer dyinganddeath strokeoffate training advancement sport femaleprotagonist boxingtrainer determination despondent over a painful estrangement from his daughter, trainer frankie dunn isn't prepared for boxer maggie fitzgerald to enter his life. but maggie's determined to go pro and to convince dunn and his cohort to help her. beyond his silence, there is a past. beyond her dreams, there is a feeling. beyond hope, there is a memory. beyond their journey, there is a love."
9535,29.415229,176885658,103.0,analyze this,6.4,503,"comedy crime newyork mafiaboss wedding psychiatrist countless wiseguy films are spoofed in this film that centers on the neuroses and angst of a powerful mafia racketeer who suffers from panic attacks. when paul vitti needs help dealing with his role in the ""family,"" unlucky shrink dr. ben sobel is given just days to resolve vitti's emotional crisis and turn him into a happy, well-adjusted gangster. new york's most powerful gangster is about to get in touch with his feelings. you try telling him his 50 minutes are up."
11036,55.109138,115603229,123.0,the notebook,7.7,3067,"romance drama poem river sadness fight loveofone'slife dementia class secretlove tears candle mailbox an epic love story centered around an older man who reads aloud to a woman with alzheimer's. from a faded notebook, the old man's words bring to life the story about a couple who is separated by world war ii, and is then passionately reunited, seven years later, after they have taken different paths. behind every great love is a great story."
6557,30.695228,160259319,111.0,27 dresses,6.1,978,comedy romance lovesickness newspaper bar sistersisterrelationship newlove weddingplaner witness bride bridesmaid sister music romanticcomedy siblingrivalry reporter wedding womandirector altruistic jane finds herself facing her worst nightmare as her younger sister announces her engagement to the man jane secretly adores. she's about to find the perfect fit.
4476,26.952727,160638883,133.0,legends of the fall,7.2,619,"adventure drama romance war brotherbrotherrelationship montana basedonnovel worldwari journeyroundtheworld an epic tale of three brothers and their father living in the remote wilderness of 1900s usa and how their lives are affected by nature, history, war, and love. after the fall from innocence the legend begins."
22947,33.704181,163670000,109.0,up in the air,6.7,1205,"drama romance suitcase business omaha ontheroad downsizing crosscountry duringcreditsstinger george clooney plays the dry cynical character of ryan bingham, an executive who specializes in ""downsizing"". ryan lives out of his suitcase, traveling the country for the sole purpose terminating unwanted employees day after day. just as ryan is about to reach his life-long goal of the ten million mile frequent flyer mark some major changes come his way. changes that threaten to crack the cold heartless exterior that is ryan bingham. the story of a man ready to make a connection."
82654,43.742241,116980662,97.0,warm bodies,6.4,2652,"horror comedy romance post-apocalyptic dystopia zombie zombieapocalypse interspeciesromance basedonyoungadultnovel after a zombie becomes involved with the girlfriend of one of his victims, their romance sets in motion a sequence of events that might transform the entire lifeless world. cold body. warm heart."
59967,46.377628,47042000,118.0,looper,6.6,4697,"action thriller sciencefiction suicide assassin drugaddiction future timetravel dystopia retirement boy murder organizedcrime tragedy execution violence criminal drugaddict contractkiller neo-noir in the futuristic action thriller looper, time travel will be invented but it will be illegal and only available on the black market. when the mob wants to get rid of someone, they will send their target 30 years into the past where a looper, a hired gun, like joe is waiting to mop up. joe is getting rich and life is good until the day the mob decides to close the loop, sending back joe's future self for assassination. hunted by your future, haunted by your past"
9598,34.36645,254134910,89.0,babe,6.0,733,"fantasy drama comedy family sheep pig affection piglet heroism talkinganimal separation germanshepherd grandson talkingpig babe is a little pig who doesn't quite know his place in the world. with a bunch of odd friends, like ferdinand the duck who thinks he is a rooster and fly the dog he calls mom, babe realizes that he has the makings to become the greatest sheep pig of all time, and farmer hogget knows it. with the help of the sheep dogs babe learns that a pig can be anything that he wants to be. a little pig goes a long way."
9870,50.670253,105173115,111.0,forgetting sarah marshall,6.4,1172,"comedy romance drama hawaii one-nightstand beauty when sarah marshall dumps aspiring musician peter bretter for rock star aldous snow, peter's world comes crashing down. his best friend suggests that peter should get away from everything and to fly off to hawaii to escape all his problems. after arriving in hawaii and meeting the beautiful rachel jansen, peter is shocked to see not only aldous snow in hawaii, but also sarah marshall. you lose some, you get some."
8292,24.694551,92374674,109.0,four brothers,6.7,607,action crime brotherbrotherrelationship robbery arbitrarylaw adoptivemother revenge murder violence detroit duringcreditsstinger interracialadoption four adopted brothers return to their detroit hometown when their mother is murdered and vow to exact revenge on the killers. they came home to bury mom... and her killer
10521,33.385429,114663461,89.0,bride wars,5.9,856,comedy bride friendship engagement rivalry wedding familyfeud two best friends become rivals when their respective weddings are accidentally booked for the same day. may the best bride win
10096,41.569541,96455697,98.0,13 going on 30,6.3,1204,"comedy fantasy romance newyork photographer editor-in-chief wish michaeljackson childasanadult bestfriendsinlove after total humiliation at her thirteenth birthday party, jenna rink wants to just hide until she's thirty. with a little magic, her wish is granted, but it turns out that being thirty isn't as always as awesome as she thought it would be! for some, 13 feels like it was just yesterday. for jenna, it was."
59436,43.753585,151119219,94.0,midnight in paris,7.4,1990,fantasy comedy romance paris painter detective basedonnovel screenwriter forbiddenlove timetravel midnight nostalgia past sculpture hemingway a romantic comedy about a family traveling to the french capital for business. the party includes a young engaged couple forced to confront the illusion that a life different from their own is better. 
4133,28.350529,83282296,124.0,blow,7.4,1317,"crime drama 1970s warondrugs drugaddiction drugtraffic drugsmuggle riseandfall a boy named george jung grows up in a struggling family in the 1950's. his mother nags at her husband as he is trying to make a living for the family. it is finally revealed that george's father cannot make a living and the family goes bankrupt. george does not want the same thing to happen to him, and his friend tuna, in the 1960's, suggests that he deal marijuana. he is a big hit in california in the 1960's, yet he goes to jail, where he finds out about the wonders of cocaine. as a result, when released, he gets rich by bringing cocaine to america. however, he soon pays the price. based on a true story."
36593,28.624038,51132598,83.0,the naked gun 33⅓: the final insult,6.3,521,"comedy crime undercover spoof stateprison frank drebin is persuaded out of retirement to go undercover in a state prison. there he is to find out what top terrorist, rocco, has planned for when he escapes. frank's wife, jane, is desperate for a baby.. this adds to frank's problems. a host of celebrities at the academy awards ceremony are humiliated by frank as he blunders his way trying to foil rocco. a mad bomber is on the loose, and if anyone can stop him....so can frank!"
707,27.230493,152427960,131.0,a view to a kill,6.0,506,adventure action thriller paris londonengland france england sanfrancisco horserace fire helicopter drugabuse terrorist secretidentity firemen fireengine villain ascot siliconvalley zeppelin earthquake snowboarding microchip doping racehorse flooding pipeline snow britishsecretservice skiing a newly developed microchip designed by zorin industries for the british government that can survive the electromagnetic radiation caused by a nuclear explosion has landed in the hands of the kgb. james bond must find out how and why. his suspicions soon lead him to big industry leader max zorin. has james bond finally met his match?
533,30.380747,192452832,85.0,the curse of the were-rabbit,6.8,643,"adventure animation comedy family competition garden vegetable stopmotion animation contest dog rabbit pestcontrol giantvegetable wallace&gromit cheese-loving eccentric wallace and his cunning canine pal, gromit, investigate a mystery in nick park's animated adventure, in which the lovable inventor and his intrepid pup run a business ridding the town of garden pests. using only humane methods that turn their home into a halfway house for evicted vermin, the pair stumble upon a mystery involving a voracious vegetarian monster that threatens to ruin the annual veggie-growing contest. something bunny is going on..."
6023,29.489274,156835339,126.0,p.s. i love you,6.9,977,"drama romance job-hopping irland shoeseller letter dyinganddeath lossofhusband a young widow discovers that her late husband has left her 10 messages intended to help ease her pain and start a new life. his life ended. now, a new one will begin."
4347,33.369305,129266061,123.0,atonement,7.4,1049,"drama romance basedonnovel sistersisterrelationship flirt lossofsister newlove worldwarii book mistake innocence author redemption summer as a 13-year-old, fledgling writer briony tallis irrevocably changes the course of several lives when she accuses her older sister's lover of a crime he did not commit. torn apart by betrayal. separated by war. bound by love."
37056,16.52083,0,105.0,letters to juliet,6.6,796,"comedy drama romance italy letter romanticcomedy americanabroad boyfriendgirlfriend italianstereotype veronaitaly quest an american girl on vacation in italy finds an unanswered ""letter to juliet"" -- one of thousands of missives left at the fictional lover's verona courtyard, which are typically answered by a the ""secretaries of juliet"" -- and she goes on a quest to find the lovers referenced in the letter. what if you had a second chance to find true love?"
3933,43.571612,117195061,77.0,corpse bride,7.2,1894,"romance fantasy animation music shyness england cheating oldtown grave skeleton musical marriage weddingring stopmotion animation money wedding corpse weddingceremony parents darkfantasy european ring piano set in a 19th-century european village, this stop-motion animation feature follows the story of victor, a young man whisked away to the underworld and wed to a mysterious corpse bride, while his real bride victoria waits bereft in the land of the living. there's been a grave misunderstanding."
273481,55.424027,84025816,121.0,sicario,7.2,2416,"action crime drama mystery thriller mexico cia smoking texas fbi murder dirtycop soccer drug fbiagent nightvision deathofdaughter tunnel elpaso moraldilemma deathofwife mexicancartel a young female fbi agent joins a secret cia operation to take down a mexican cartel boss, a job that ends up pushing her ethical and moral values to the limit. the border is just another line to cross."
307081,65.364452,91709827,123.0,southpaw,7.3,2067,"action drama sport billy ""the great"" hope, the reigning junior middleweight boxing champion, has an impressive career, a loving wife and daughter, and a lavish lifestyle. however, when tragedy strikes, billy hits rock bottom, losing his family, his house and his manager. he soon finds an unlikely savior in tick willis, a former fighter who trains the city's toughest amateur boxers. with his future on the line, hope fights to reclaim the trust of those he loves the most. believe in hope."
16871,45.083509,90810892,99.0,drag me to hell,6.2,966,"horror thriller gypsy work gore curse psychologist psychic evil loanofficer obituary engagementring gypsies after denying a woman the extension she needs to keep her home, loan officer christine brown sees her once-promising life take a startling turn for the worse. christine is convinced she's been cursed by a gypsy, but her boyfriend is skeptical. her only hope seems to lie in a psychic who claims he can help her lift the curse and keep her soul from being dragged straight to hell. christine brown has a good job, a great boyfriend, and a bright future. but in three days, she's going to hell."
293863,82.052056,65663276,112.0,the age of adaline,7.4,1990,"fantasy drama romance sanfrancisco immortality love forever after 29-year-old adaline recovers from a nearly lethal accident, she inexplicably stops growing older. as the years stretch on and on, adaline keeps her secret to herself  until she meets a man who changes her life. love is timeless."
41233,25.060342,159291809,107.0,step up 3d,6.6,582,"drama romance musical duringcreditsstinger 3d a tight-knit group of new york city street dancers, including luke and natalie, team up with nyu freshman moose, and find themselves pitted against the world's best hip hop dancers in a high-stakes showdown that will change their lives forever. two worlds. one dream."
1262,32.26789,53653224,113.0,stranger than fiction,7.1,721,"comedy drama fantasy romance professor literature love romanticcomedy author fate death dying novelist publisher whatif everybody knows that your life is a story. but what if a story was your life? harold crick is your average irs agent: monotonous, boring, and repetitive. but one day this all changes when harold begins to hear an author inside his head narrating his life. but when the narration reveals he is going to die, harold must find the author and convince them to change the ending. harold crick isn't ready to go. period."
4513,33.394082,75505973,113.0,30 days of night,6.2,767,"horror thriller sunrise winter vampire marriagecrisis alaska basedongraphicnovel blizzard bloodlust polarnight this is the story of an isolated alaskan town that is plunged into darkness for a month each year when the sun sinks below the horizon. as the last rays of light fade, the town is attacked by a bloodthirsty gang of vampires bent on an uninterrupted orgy of destruction. only the small town's husband-and-wife sheriff team stand between the survivors and certain destruction. they're coming!"
22970,73.987775,66486080,95.0,the cabin in the woods,6.5,2263,"horror thriller cabin plottwist cabininthewoods filmedkilling videowall speakerphone mountedanimalhead youngadult five college friends spend the weekend at a remote cabin in the woods, where they get more than they bargained for. together, they must discover the truth behind the cabin in the woods. if you hear a strange sound outside... have sex"
865,30.131498,38122105,101.0,the running man,6.4,703,"action sciencefiction prison chase huntinghumanbeings gameshow dystopia dystopicfuture by 2017, the global economy has collapsed and american society has become a totalitarian police state, censoring all cultural activity. the government pacifies the populace by broadcasting a number of game shows in which convicted criminals fight for their lives, including the gladiator-style the running man, hosted by the ruthless damon killian, where “runners” attempt to evade “stalkers” and certain death for a chance to be pardoned and set free. a game nobody survives. but schwarzenegger has yet to play."
50456,31.191975,63782078,111.0,hanna,6.5,1263,"action thriller adventure assassin selfsacrifice stripclub secretagent training british roadtrip deadanimal teenagegirl pistol duringcreditsstinger a 16-year-old girl raised by her father to be the perfect assassin is dispatched on a mission across europe. tracked by a ruthless operatives, she faces startling revelations about her existence and questions about her humanity. adapt or die."
133805,63.848541,82394288,100.0,carrie,5.8,1463,"drama horror terror basedonnovel power telekinesis highschool remake revenge murder prank prom teenager explosion violence religious humiliation womandirector a reimagining of the classic horror tale about carrie white, a shy girl outcast by her peers and sheltered by her deeply religious mother, who unleashes telekinetic terror on her small town after being pushed too far at her senior prom. know her name. fear her power."
12244,55.806402,48428063,79.0,9,6.6,1262,"action adventure animation sciencefiction thriller manvsmachine hope post-apocalyptic dystopia friendship war steampunk coward endofworld ragdoll when 9 first comes to life, he finds himself in a post-apocalyptic world. all humans are gone, and it is only by chance that he discovers a small community of others like him taking refuge from fearsome machines that roam the earth intent on their extinction. despite being the neophyte of the group, 9 convinces the others that hiding will do them no good. when our world ended their mission began."
109421,48.237797,63372757,106.0,side effects,6.4,1323,thriller crime drama fraud cover-up murder drug prescriptionmedication professionalreputation a woman turns to prescription medication as a way of handling her anxiety concerning her husband's upcoming release from prison. one pill can change your life.
184346,29.359201,0,118.0,deliver us from evil,5.9,690,"thriller crime horror possessed demon occult demonicpossession when a frightening wave of violence sweeps through new york city, troubled cop sarchie fails to find a rational explanation for the bizarre crimes. however, his eyes are opened to a frightening alternate reality when renegade jesuit priest, mendoza convinces him that demonic possession may be to blame for the gruesome murders. together, they wage a valiant supernatural struggle to rid the city of an otherworldly evil. "
43539,34.421696,51148651,133.0,the next three days,6.9,905,"romance drama thriller crime evidence passport argument countyjail fingerprints appeal escapeartist a married couple's life is turned upside down when the wife is accused of a murder. lara brennan is arrested for murdering her boss with whom she had an argument. it seems she was seen leaving the scene of the crime and her fingerprints were on the murder weapon. her husband, john would spend the next few years trying to get her released, but there's no evidence that negates the evidence against her. and when the strain of being separated from her family, especially her son, gets to her, john decides to break her out. so he does a lot of research to find a way. what if you had 72 hours to save everything you live for?"
43347,20.236951,102820008,112.0,love & other drugs,6.6,1233,"drama comedy romance malenudity femalenudity letter love viagra sexualfreedom freespirit maggie, an alluring free spirit who won't let anyone - or anything - tie her down. but she meets her match in jamie, whose relentless and nearly infallible charm serve him well with the ladies and in the cutthroat world of pharmaceutical sales. maggie and jamie's evolving relationship takes them both by surprise, as they find themselves under the influence of the ultimate drug: love. addicted to one-night stands or dependent on one another?"
37707,23.227877,0,104.0,splice,5.5,671,"horror thriller sciencefiction dna genetics genemanipulation geneticengineering biologicalexperiment elsa and clive, two young rebellious scientists, defy legal and ethical boundaries and forge ahead with a dangerous experiment: splicing together human and animal dna to create a new organism. named ""dren"", the creature rapidly develops from a deformed female infant into a beautiful but dangerous winged human-chimera, who forges a bond with both of her creators - only to have that bond turn deadly. science's newest miracle...is a mistake."
58151,18.27083,24922237,106.0,fright night,6.0,603,"horror comedy sunrise vampire suspicion remake suburbia a teenager suspects his new neighbour is a vampire. unable to convince anyone, he tries to enlist the help of a self-proclaimed vampire hunter and magician in this remake of the 1985 comedy-horror classic. you can't run from evil when it lives next door."
76640,43.882857,0,107.0,the last stand,5.7,1266,"action crime thriller sheriff smalltown hostage prisoner fbi border escape carchase convoy machinegun neo-western ray owens is sheriff of the quiet us border town of sommerton junction after leaving the lapd following a bungled operation. following his escape from the fbi, a notorious drug baron, his gang, and a hostage are heading toward sommerton junction where the police are preparing to make a last stand to intercept them before they cross the border. owens is reluctant to become involved but ultimately joins in with the law enforcement efforts not in his town. not on his watch."
8054,37.181019,64352607,123.0,the imaginarium of doctor parnassus,6.3,869,adventure fantasy mystery circus immortality elderly aftercreditsstinger duringcreditsstinger a traveling theater company gives its audience much more than they were expecting. 
146238,22.975918,62616646,91.0,runner runner,5.5,543,"crime thriller drama gambling casino gamblingdebts dirtycop puertorico when a poor college student who cracks an online poker game goes bust, he arranges a face-to-face with the man he thinks cheated him, a sly offshore entrepreneur. the house always wins."
311,49.336397,0,229.0,once upon a time in america,8.2,1069,"drama crime lifeanddeath corruption streetgang rape sadistic lovesickness sexualabuse moneylaundering opium a former prohibition-era jewish gangster returns to the lower east side of manhattan over thirty years later, where he once again must confront the ghosts and regrets of his old life. crime, passion and lust for power - sergio leone's explosive saga of gangland america."
102362,29.647844,18074539,118.0,dead man down,5.9,638,"thriller action crime drama revenge newyorkcity mysteriouswoman crimelord in new york city, a crime lord's right-hand man is seduced by a woman seeking retribution. blood demands blood"
4512,35.53352,14711793,160.0,the assassination of jesse james by the coward robert ford,7.0,776,"action drama western killing admiration hold-uprobbery toshootdead idol missouri media jessejames cowardliness family coward outlaw jesse james is rumored be the 'fastest gun in the west'. an eager recruit into james' notorious gang, robert ford eventually grows jealous of the famed outlaw and, when robert and his brother sense an opportunity to kill james, their murderous action elevates their target to near mythical status. beyond the myth lies america's greatest betrayal"
265208,48.0343,0,92.0,wild card,5.4,656,"thriller crime drama gambling bodyguard remake when a las vegas bodyguard with lethal skills and a gambling problem gets in trouble with the mob, he has one last play… and it's all or nothing. never bet against a man with a killer hand."
223702,66.242737,140752617,83.0,sausage party,5.6,2238,"adventure animation comedy fantasy supermarket party sausage food anthropomorphism sexscene musicalnumber adultanimation grocerystore gum sausage party, the first r-rated cg animated movie, is about one sausage leading a group of supermarket products on a quest to discover the truth about their existence and what really happens when they become chosen to leave the grocery store. always use condiments"
254470,71.496894,287506194,115.0,pitch perfect 2,6.8,1940,"comedy music music sequel singer malefemalerelationship audition groupoffriends duringcreditsstinger singingcompetition femalemusician singingcontest womandirector acapella the bellas are back, and they are better than ever. after being humiliated in front of none other than the president of the united states of america, the bellas are taken out of the aca-circuit. in order to clear their name, and regain their status, the bellas take on a seemingly impossible task: winning an international competition no american team has ever won. in order to accomplish this monumental task, they need to strengthen the bonds of friendship and sisterhood and blow away the competition with their amazing aca-magic! with all new friends and old rivals tagging along for the trip, the bellas can hopefully accomplish their dreams. we're back pitches"
69,35.580032,186438883,136.0,walk the line,7.3,718,"drama music romance germany prison musicrecord adultery countrymusic guitar lossofbrother concert marriage single accident 1960s a chronicle of country music legend johnny cash's life, from his early days on an arkansas cotton farm to his rise to fame with sun records in memphis, where he recorded alongside elvis presley, jerry lee lewis and carl perkins. love is a burning thing."
812,92.982009,504050219,90.0,aladdin,7.4,3416,"animation family comedy adventure fantasy romance magic musical cartoon princess love comedy animation monkey arab aftercreditsstinger genie animalsidekick princess jasmine grows tired of being forced to remain in the palace and she sneaks out into the marketplace  in disguise where she meets street-urchin aladdin and the two fall in love, although she may only marry a prince. after being thrown in jail, aladdin and becomes embroiled in a plot to find a mysterious lamp with which the evil jafar hopes to rule the land. wish granted!"
277216,61.76233,201634991,147.0,straight outta compton,7.7,1355,"drama music brotherbrotherrelationship aids policebrutality rapmusic hip-hop wifehusbandrelationship vandalism drugdealer nightclub freedomofspeech protest rapper recordingcontract fromragstoriches assault terminalillness roadtrip basedontruestory feud gang marijuana policechase hospital racism losangeles gangster racialslur mothersonrelationship noopeningcredits wrongfularrest deathofbrother milwaukeewisconsin policeraid policeharassment detroitmichigan duringcreditsstinger gangsterrap recordcompany 1980s musictour referencetorodneyking intimidationbypolice losangelesriots comptoncalifornia in 1987, five young men, using brutally honest rhymes and hardcore beats, put their frustration and anger about life in the most dangerous place in america into the most powerful weapon they had: their music.  taking us back to where it all began, straight outta compton tells the true story of how these cultural rebels—armed only with their lyrics, swagger, bravado and raw talent—stood up to the authorities that meant to keep them down and formed the world’s most dangerous group, n.w.a.  and as they spoke the truth that no one had before and exposed life in the hood, their voice ignited a social revolution that is still reverberating today. the story of n.w.a."
87,66.976776,333000000,118.0,indiana jones and the temple of doom,7.1,2781,"adventure action riddle treasure heart skeleton treasurehunt torture violence monkey cultfilm archaeologist thuggee conveyorbelt minecar ropebridge belching childdrivingacar eatingbrains splits indianajones archeology  after arriving in india, indiana jones is asked by a desperate village to find a mystical stone. he agrees – and stumbles upon a secret cult plotting a terrible plan in the catacombs of an ancient palace. if adventure has a name... it must be indiana jones."
1428,27.555646,98185582,102.0,once upon a time in mexico,6.2,594,"action corruption cia hitman ""el mariachi"" becomes involved in international espionage involving a psychotic cia agent and a corrupt mexican general. the time has come."
562,66.169628,140767956,131.0,die hard,7.5,3948,"action thriller helicopter journalist basedonnovel terrorist skyscraper christmasparty s.w.a.t. hostage kidnapping vault fistfight murder heist shootout losangeles onemanarmy explosion violence fbiagent walkietalkie christmaseve elevatorshaft onenight actionhero nypd cop, john mcclane's plan to reconcile with his estranged wife is thrown for a serious loop when minutes after he arrives at her office, the entire building is overtaken by a group of terrorists. with little help from the lapd, wisecracking mcclane sets out to single-handedly rescue the hostages and bring the bad guys down. 40 stories. twelve terrorists. one cop."
15373,24.917665,92380927,99.0,role models,6.4,564,"comedy camping campsite bigbrother friends communityservice kids duringcreditsstinger two salesmen trash a company truck on an energy drink-fueled bender. upon their arrest, the court gives them a choice: do hard time or spend 150 service hours with a mentorship program. after one day with the kids, however, jail doesn't look half bad. they're about to get more than they plea-bargained for."
318846,57.518472,133346506,130.0,the big short,7.3,2607,comedy drama bank fraud biography wallstreet finances basedontruestory animatedsequence breakingthefourthwall loan financialcrisis realestate mortgage the men who made millions from a global economic meltdown. this is a true story.
924,44.529429,102356381,101.0,dawn of the dead,6.8,1016,"fantasy horror action refugee massmurder habor carjourney departmentstore blackout busride pregnancyandbirth dyinganddeath bite toshootdead lorry munition basementgarage guard zombie dog car duringcreditsstinger a group of surviving people take refuge in a shopping center after the world has been over taken over by aggressive, flesh-eating zombies. a remake of the 1978 zombie film of the same name. when the undead rise, civilization will fall."
9428,24.13081,71441250,110.0,the royal tenenbaums,7.4,1286,"comedy drama forgiveness childprodigy terminalillness dysfunctionalfamily cigarettesmoking familyconflict an estranged family of former child prodigies reunites when their father announces he has a terminal illness. family isn’t a word, it’s a sentence."
2832,45.915165,90259536,90.0,identity,7.1,1061,"mystery thriller weather multiplecharacter scream convict psychopathy rainstorm complete strangers stranded at a remote desert motel during a raging storm soon find themselves the target of a deranged murderer. as their numbers thin out, the travelers begin to turn on each other, as each tries to figure out who the killer is. the secret lies within."
137093,28.043508,134402450,105.0,last vegas,6.4,799,comedy casino malefriendship stagnight lasvegas elderly three sixty-something friends take a break from their day-to-day lives to throw a bachelor party in las vegas for their last remaining single pal. it's going to be legendary
9778,14.530803,77516304,90.0,serendipity,6.6,521,"comedy romance soulmates newlove book dollar fate destiny although strangers sara and jonathan are both already in relationships, they realize they have genuine chemistry after a chance encounter – but part company soon after. years later, they each yearn to reunite, despite being destined for the altar. but to give true love a chance, they have to find one another again. sometimes true love can have more than one face."
9398,38.0958,60780981,89.0,zoolander,6.1,1337,"comedy malemodel timemagazine fashionshow fashionmodel fictionalawardsshow lincolnassassination coalmine clear the runway for derek zoolander, vh1's three-time male model of the year. his face falls when hippie-chic ""he's so hot right now"" hansel scooters in to steal this year's award. the evil fashion guru mugatu seizes the opportunity to turn derek into a killing machine. its a well-designed conspiracy and only with the help of hansel and a few well-chosen accessories can derek make the world safe. 3% body fat. 1% brain activity."
112949,37.729059,97594140,115.0,safe haven,6.9,823,"romance basedonnovel smalltown widower singlefather abusivehusband a young woman with a mysterious past lands in southport, north carolina where her bond with a widower forces her to confront the dark secret that haunts her. you know it when you find it"
23483,45.054936,96188903,117.0,kick-ass,7.1,4645,"action crime crimefighter secretidentity comicbook superhero murder comedy mafia teenager violence realism rookie adaptation youngadult kickass dave lizewski is an unnoticed high school student and comic book fan who one day decides to become a super-hero, even though he has no powers, training or meaningful reason to do so. shut up. kick ass."
62206,25.039383,40547440,83.0,30 minutes or less,5.6,531,"action adventure comedy pizzadelivery adventure pizzaboy numberintitle comedy aftercreditsstinger two fledgling criminals kidnap a pizza delivery guy, strap a bomb to his chest, and advise him that he has mere hours to rob a bank or else... a lot can happen in 30 minutes."
4348,36.58383,121147947,135.0,pride & prejudice,7.7,1358,"drama romance bachelor beautiful prejudice suitor perioddrama georgian pride 18thcentury oppositesattract pride & prejudice is a humorous story of love and life among english gentility during the georgian era. mr. bennet is an english gentleman living in hertfordshire with his overbearing wife and five daughters. if mr. bennet dies their house will be inherited by a distant cousin whom they have never met, so the family's future happiness and security is dependent on the daughters making good marriages. a romance ahead of its time."
78,94.056131,33139618,117.0,blade runner,7.9,3509,"sciencefiction drama thriller artificialintelligence manvsmachine cyborg bountyhunter android dystopia genetics fugitive cyberpunk losangeles technoir neo-noir in the smog-choked dystopian los angeles of 2019, blade runner rick deckard is called out of retirement to terminate a quartet of replicants who have escaped to earth seeking their creator for a way to extend their short life spans. man has made his match... now it's his problem."
192102,41.638961,52597999,113.0,3 days to kill,6.0,883,"action drama thriller crime retirement secretservice illegaldrugs a dangerous international spy is determined to give up his high stakes life to finally build a closer relationship with his estranged wife and daughter. but first, he must complete one last mission - even if it means juggling the two toughest assignments yet: hunting down the world's most ruthless terrorist and looking after his teenage daughter for the first time in ten years, while his wife is out of town. "
58431,28.397048,16374328,108.0,pride and prejudice and zombies,5.5,640,"romance horror comedy thriller basedonnovel dystopia shaolin prejudice zombie pride golddigger regencyperiod parson mashup a zombie outbreak has fallen upon the land in this reimagining of jane austen’s classic tale of the tangled relationships between lovers from different social classes in 19th century england. feisty heroine elizabeth bennet (lily james) is a master of martial arts and weaponry and the handsome mr. darcy (sam riley) is a fierce zombie killer, yet the epitome of upper class prejudice. as the zombie outbreak intensifies, they must swallow their pride and join forces on the blood-soaked battlefield in order to conquer the undead once and for all. bloody lovely."
59859,40.28635,60700000,103.0,kick-ass 2,6.3,2224,"action adventure crime crimefighter secretidentity marvelcomic superhero aftercreditsstinger teensuperheroes after kick-ass’ insane bravery inspires a new wave of self-made masked crusaders, he joins a patrol led by the colonel stars and stripes. when these amateur superheroes are hunted down by red mist — reborn as the mother fucker — only the blade-wielding hit-girl can prevent their annihilation. you can't fight your destiny."
254473,25.520976,68896829,90.0,brick mansions,5.7,615,"action crime drama martialarts atomicbomb ghetto parkour cops remake undercovercop gangster remakeoffrenchfilm in a dystopian detroit, grand houses that once housed the wealthy are now homes of the city's most-dangerous criminals. surrounding the area is a giant wall to keep the rest of detroit safe. for undercover cop damien collier, every day is a battle against corruption as he struggles to bring his father's killer, tremaine, to justice. meanwhile, damien and an ex-con named lino work together to save the city from a plot to destroy it. undercover and never outgunned"
700,25.633663,187500000,131.0,octopussy,6.2,527,adventure action thriller atomicbomb easternblock crocodile secretintelligenceservice kgb snakecharmer hotairballoon eastberlin britishsecretservice james bond is sent to investigate after a fellow “00” agent is found dead with a priceless farberge egg. james bond follows the mystery and uncovers a smuggling scandal and a russian general who wants to provoke a new world war. james bond’s all time high.
4964,22.527211,219076518,129.0,knocked up,6.2,1214,"comedy romance drama alcohol one-nightstand bed pregnancyandbirth condom paternity druguse beard unprotectedsex duringcreditsstinger for fun loving party animal ben stone, the last thing he ever expected was for his one night stand to show up on his doorstep eight weeks later to tell him she's pregnant. save the due date."
10024,24.09152,95714875,109.0,my sister's keeper,7.1,598,"drama parentskidsrelationship sistersisterrelationship courtcase invitrofertilisation medicalexaminer kidneytransplant sara and brian live an idyllic life with their young son and daughter. but their family is rocked by sudden, heartbreaking news that forces them to make a difficult and unorthodox choice in order to save their baby girl's life. the parents' desperate decision raises both ethical and moral questions and rips away at the foundation of their relationship. their actions ultimately set off a court case that threatens to tear the family apart, while revealing surprising truths that challenge everyone's perceptions of love and loyalty and give new meaning to the definition of healing. a tale of life, love, and letting go."
525,44.714264,115229890,133.0,the blues brothers,7.5,1065,"music comedy action crime dancing prison chicago countrymusic nun jazz carjourney blues nazis music concert musicinstrument children'shome shoppingmall orphanage winnebago church sunglasses parole carchase musicband loudspeaker saturdaynightlive wrigleyfield holidayinn jake blues is just out of jail, and teams up with his brother, elwood on a 'mission from god' to raise funds for the orphanage in which they grew up. the only thing they can do is do what they do best – play music – so they get their old band together and they're on their way, while getting in a bit of trouble here and there. they'll never get caught. they're on a mission from god."
245,28.227984,129000000,101.0,about a boy,6.6,607,"drama comedy romance londonengland rockandroll singleparent rapmusic bachelor becominganadult friendship single will freeman is a hip londoner who one day realizes that his friends are all involved with the responsibilities of married life and that leaves him alone in the cold. passing himself off as a single father, he starts to meet a string of single mums, confident in his ability to leave them behind when they start to ask for a commitment. but will's hope of a continued bachelorhood is interrupted when he meets 12-year old marcus, in many ways his complete opposite. one ordinary couple. one little white lie."
186,36.921445,56308881,110.0,lucky number slevin,7.4,1323,"drama thriller crime mystery assassination assassin identity sniper mistakeinperson jew gangsterboss gamblingdebts boss murder sniperrifle fbiagent horseracing gambler slevin caso hoodlum blackmen slevin is mistakenly put in the middle of a personal war between the city’s biggest criminal bosses. under constant watch, slevin must try not to get killed by an infamous assassin and come up with an idea of how to get out of his current dilemma. a film with many twists and turns. wrong time. wrong place. wrong number."
34584,47.862016,20158808,102.0,the neverending story,7.0,1002,"drama family fantasy adventure basedonnovel fictionalplace wolf mythology magic horse book fairytale bully school talkinganimal reading bookstore fantasyworld giant gnome quest while hiding from bullies in his school's attic, a young boy discovers the extraordinary land of fantasia, through a magical book called the neverending story. the book tells the tale of atreyu, a young warrior who, with the help of a luck dragon named falkor, must save fantasia from the destruction of the nothing. a boy who needs a friend finds a world that needs a hero in a land beyond imagination!"
2666,39.324831,27200316,100.0,dark city,7.2,828,"mystery sciencefiction soul sleep manipulation future dystopia chaos memory duel parallelworld technoir matrix neo-noir retrofuturism a man struggles with memories of his past, including a wife he cannot remember, in a nightmarish world with no sun and run by beings with telekinetic powers who seek the souls of humans. a world where the night never ends."
28355,23.917982,29000000,109.0,case 39,6.1,563,"horror mystery thriller childabuse detective socialworker supernatural murder mentalinstitution youth violence danger cityscape drawn fallingelevator pier psychological deadly mindandsoul supernaturalability in her many years as a social worker, emily jenkins believes she has seen it all, until she meets 10-year-old lilith and the girl's cruel parents. emily's worst fears are confirmed when the parents try to harm the child, and so emily assumes custody of lilith while she looks for a foster family. however, emily soon finds that dark forces surround the seemingly innocent girl, and the more she tries to protect lilith, the more horrors she encounters. some cases should  never be opened."
303858,38.279458,93282604,98.0,money monster,6.5,1068,thriller bomb sniper tvshow hostagedrama police hostage-taking newyorkcity stockmarket stockfraud womandirector tvstudio financial tv host lee gates and his producer patty are put in an extreme situation when an irate investor takes over their studio. not every conspiracy is a theory.
14560,31.250383,183293131,91.0,paul blart: mall cop,5.2,788,"action adventure comedy family securityguard duringcreditsstinger mild-mannered paul blart (kevin james) has always had huge dreams of becoming a state trooper. until then, he patrols the local mall as a security guard. with his closely cropped moustache, personal transporter and gung-ho attitude, only blart seems to take his job seriously. all that changes when a team of thugs raids the mall and takes hostages. untrained, unarmed and a super-size target, blart has to become a real cop to save the day. safety never takes a holiday."
10330,24.345651,110230332,97.0,freaky friday,6.0,879,"comedy singleparent brothersisterrelationship mistakeinperson bride talkshow bodyexchange motherlylove highschool motherdaughterrelationship wedding psychiatrist body-swap musicband teencomedy childasanadult adultasachild mother and daughter bicker over everything -- what anna wears, whom she likes and what she wants to do when she's older. in turn, anna detests tess's fiancé. when a magical fortune cookie switches their personalities, they each get a peek at how the other person feels, thinks and lives. mondays are manic. wednesdays are wild. and fridays are about to get a little freaky."
6957,38.473732,109449237,116.0,the 40 year old virgin,6.2,1983,"comedy romance firsttime virgin andy stitzer has a pleasant life with a nice apartment and a job stamping invoices at an electronics store. but at age 40, there's one thing andy hasn't done, and it's really bothering his sex-obsessed male co-workers: andy is still a virgin. determined to help andy get laid, the guys make it their mission to de-virginize him. but it all seems hopeless until andy meets small business owner trish, a single mom. the longer you wait, the harder it gets"
1934,31.792964,289317794,122.0,shakespeare in love,6.8,796,"romance history shakespeare loveofone'slife oscaraward theatreplay theatregroup writer'sblock theatremilieu author speculative falsehistory young shakespeare is forced to stage his latest comedy, ""romeo and ethel, the pirate's daughter,"" before it's even written. when a lovely noblewoman auditions for a role, they fall into forbidden love -- and his play finds a new life (and title). as their relationship progresses, shakespeare's comedy soon transforms into tragedy. love is the only inspiration."
169917,61.309619,53181600,113.0,a walk among the tombstones,6.2,1131,crime drama mystery thriller basedonnovel murder mafia privateinvestigator newyorkcity alcoholic kingpin wifemurder mattscudder private investigator matthew scudder is hired by a drug kingpin to find out who kidnapped and murdered his wife. some people are afraid of all the wrong things
951,5.411154,201957688,111.0,kindergarten cop,5.8,628,"comedy crimefighter cook drugdealer dyinganddeath kindergarten kiss police teacher childreneducation hard-edged cop john kimble gets more than he bargained for when he goes undercover as a kindergarten teacher to get the goods on a brutal drug lord while at the same time protecting the man's young son. pitted against a class of boisterous moppets whose antics try his patience and test his mettle, kimble may have met his match … in more ways than one. go ahead, you tell him you didn't do your homework."
10189,41.832392,101624843,111.0,pineapple express,6.6,1148,action comedy smoking marijuana stoner roach lollipop paintingtoenails radiocallinshow drivingthroughawall seed referencetopandora'sbox a stoner and his dealer are forced to go on the run from the police after the pothead witnesses a cop commit a murder. put this in your pipe and smoke it.
9358,37.355826,90426405,90.0,final destination 2,5.9,1023,"horror mystery ambulance premonition hospital when kimberly has a violent premonition of a highway pileup she blocks the freeway, keeping a few others meant to die, safe...or are they? the survivors mysteriously start dying and it's up to kimberly to stop it before she's next. death is like a boomerang. it keeps coming back"
134,39.742009,71868327,106.0,"o brother, where art thou?",7.3,1112,"action adventure comedy prophecy southernusa musicrecord countrymusic mississippi seduction musical fraud in the deep south during the 1930s, three escaped convicts search for hidden treasure while a relentless lawman pursues them. on their journey they come across many comical characters and incredible situations. based upon homer's 'odyssey'. they have a plan...but not a clue."
22894,30.981604,67918658,100.0,legion,5.2,629,"horror angel diner religion apocalypse demon desert angels when god loses faith in humankind, he sends his legion of angels to bring on the apocalypse. humanity's only hope for survival lies in a group of strangers trapped in an out-of-the-way, desert diner with the archangel michael. when the last angel falls, the fight for mankind begins."
134374,31.893932,86175291,130.0,pain & gain,6.1,1573,"thriller crime action miami scam crime weightlifting weightlifting duringcreditsstinger daniel lugo, manager of the sun gym in 1990s miami, decides that there is only one way to achieve his version of the american dream: extortion. to achieve his goal, he recruits musclemen paul and adrian as accomplices. after several failed attempts, they abduct rich businessman victor kershaw and convince him to sign over all his assets to them. but when kershaw makes it out alive, authorities are reluctant to believe his story. their american dream is bigger than yours."
7445,22.07638,43318349,104.0,brothers,6.8,633,"drama thriller war brotherbrotherrelationship brother-in-law lossofhusband warinafghanistan sister-in-law when his helicopter goes down during his fourth tour of duty in afghanistan, marine sam cahill is presumed dead. back home, brother tommy  steps in to look over sam’s wife, grace, and two children. sam’s surprise homecoming triggers domestic mayhem. there are two sides to every family."
62838,21.219292,142044638,118.0,new year's eve,5.7,718,comedy romance newyear'seve illustrator caterer pedicab ticket videoconferencing multiplestorylines duringcreditsstinger the lives of several couples and singles in new york intertwine over the course of new year's eve. the one night anything is possible.
238615,66.097437,30523226,116.0,self/less,6.3,1091,sciencefiction mystery thriller lie immortality terminalillness laboratory cancer doctor body-swap death rich falsememory soultransference richman mindtransfer hostbody bodysnatching eternal an extremely wealthy elderly man dying from cancer undergoes a radical medical procedure that transfers his consciousness to the body of a healthy young man but everything may not be as good as it seems when he starts to uncover the mystery of the body's origins and the secret organization that will kill to keep its secrets. god created man. man created immortality.
615,38.171417,611899420,127.0,the passion of the christ,6.9,864,"drama christianity jewry romanempire jesuschrist suffering apostle lastsupper roman bible mission torture ""the passion of the christ"" is a film about the last 12 hours in the life of jesus. director mel gibson received much criticism from critics and audiences for his explicit depiction of and focus on violence and on christs suffering, especially on the part of the jewish community. the films languages are arabic, latin and hebrew and its actors are laymen which was controversially received as well. by his wounds, we were healed."
788,30.884535,441286195,125.0,mrs. doubtfire,7.0,1591,"comedy drama family sanfrancisco parentskidsrelationship restaurant nanny mask custodybattle fakeidentity loving but irresponsible dad daniel hillard, estranged from his exasperated spouse, is crushed by a court order allowing only weekly visits with his kids. when daniel learns his ex needs a housekeeper, he gets the job -- disguised as an english nanny. soon he becomes not only his children's best pal but the kind of parent he should have been from the start. she makes dinner. she does windows. she reads bedtime stories. she's a blessing... in disguise."
380,49.510658,412800000,133.0,rain man,7.6,1709,drama individual mentallydisabled autism lossoffather yuppie cardealer egocentrism travel convertible psychiatrist duringcreditsstinger savant selfish yuppie charlie babbitt's father left a fortune to his savant brother raymond and a pittance to charlie; they travel cross-country. a journey through understanding and fellowship.
13223,50.7453,269958228,116.0,gran torino,7.8,3086,"drama rape warveteran immigration priest gang oldman teenager gangster detroit widower car hmong walt kowalski is a widower who holds onto his prejudices despite the changes in his michigan neighborhood and the world around him. kowalski is a grumpy, tough-minded, unhappy old man who can't get along with either his kids or his neighbors. he is a korean war veteran whose prize possession is a 1972 gran torino he keeps in mint condition. when his neighbor thao, a young hmong teenager under pressure from his gang member cousin, tries to steal his gran torino, kowalski sets out to reform the youth. drawn against his will into the life of thao's family, kowalski is soon taking steps to protect them from the gangs that infest their neighborhood. ever come across somebody you shouldn't have messed with?"
8681,80.879032,226830568,93.0,taken,7.2,4369,"action thriller paris kidnapping humantrafficking rescue prostitution albanian missingdaughter exciaagent while vacationing with a friend in paris, an american girl is kidnapped by a gang of human traffickers intent on selling her into forced prostitution. working against the clock, her ex-spy father must pull out all the stops to save her. but with his best years possibly behind him, the job may be more than he can handle. they took his daughter.  he'll take their lives."
239571,33.93914,35926213,117.0,the best of me,7.2,765,drama romance highschoolsweetheart a pair of former high school sweethearts reunite after many years when they return to visit their small hometown. you never forget your first love.
619,26.576385,411006740,129.0,the bodyguard,6.1,661,"thriller action drama music romance sistersisterrelationship anonymousletter diva bodyguard oscaraward losangeles a former secret service agent grudgingly takes an assignment to protect a pop idol who's threatened by a crazed fan. at first, the safety-obsessed bodyguard and the self-indulgent diva totally clash. but before long, all that tension sparks fireworks of another sort, and the love-averse tough guy is torn between duty and romance. never let her out of your sight. never let your guard down. never fall in love."
424,104.469351,321365567,195.0,schindler's list,8.3,4329,"drama history war factory concentrationcamp hero holocaust worldwarii nazis defenseindustry biography theholocaust the true story of how businessman oskar schindler saved over a thousand jewish lives from the nazis while they worked as slaves in his factory during world war ii. whoever saves one life, saves the world entire."
50014,42.191509,124272124,146.0,the help,7.8,1910,"drama mississippi basedonnovel exploitation racialsegregation racism writer maid moralcourage ressentiment southernbelle racialissues 1960s newspapercolumnist aibileen clark is a middle-aged african-american maid who has spent her life raising white children and has recently lost her only son; minny jackson is an african-american maid who has often offended her employers despite her family's struggles with money and her desperate need for jobs; and eugenia ""skeeter"" phelan is a young white woman who has recently moved back home after graduating college to find out her childhood maid has mysteriously disappeared. these three stories intertwine to explain how life in jackson, mississippi revolves around ""the help""; yet they are always kept at a certain distance because of racial lines. change begins with a whisper."
6466,26.69592,114908830,97.0,freddy vs. jason,5.8,594,"horror murder marijuana teenager baddream evil dream-demon freddy krueger devises a plan to manipulate the unstoppable jason vorhees into hacking up the teenagers of elm street in an effort to make people remember the name freddy krueger, thus freeing him from limbo. evil will battle evil"
7191,46.942396,170764026,85.0,cloverfield,6.4,2251,"action thriller sciencefiction helicopter monster skyscraper fight camcorder panic chaos supernatural quarantine friends alien rescue survival disaster escape giantmonster kaiju military foundfootage aftercreditsstinger five young new yorkers throw their friend a going-away party the night that a monster the size of a skyscraper descends upon the city. told from the point of view of their video camera, the film is a document of their attempt to survive the most surreal, horrifying event of their lives. some thing has found us"
117,38.272889,76270454,119.0,the untouchables,7.6,1384,"crime drama history thriller whitesuit alcapone toughcop treasuryagent untouchable taxevasion jurytampering ruleoflaw rooftopchase cuttingfacewhileshaving 1930s young treasury agent elliot ness arrives in chicago and is determined to take down al capone, but it's not going to be easy because capone has the police in his pocket. ness meets jimmy malone, a veteran patrolman and probably the most honorable one on the force. he asks malone to help him get capone, but malone warns him that if he goes after capone, he is going to war. what are you prepared to do?"
6977,53.645267,171600000,122.0,no country for old men,7.7,3003,"crime drama thriller texas drugtraffic hitman unitedstates–mexicobarrier suspense llewelyn moss stumbles upon dead bodies, $2 million and a hoard of heroin in a texas desert, but methodical killer anton chigurh comes looking for it, with local sheriff ed tom bell hot on his trail. the roles of prey and predator blur as the violent pursuit of money and justice collide. there are no clean getaways."
168530,28.468,153997819,99.0,ride along,6.1,853,"action comedy policeoperation policeofficer brother-in-lawbrother-in-lawrelationship duringcreditsstinger blackmen for the past two years, high-school security guard ben has been trying to show decorated apd detective james that he's more than just a video-game junkie who's unworthy of james' sister, angela. when ben finally gets accepted into the academy, he thinks he's earned the seasoned policeman's respect and asks for his blessing to marry angela. knowing that a ride along will demonstrate if ben has what it takes to take care of his sister, james invites him on a shift designed to scare the hell out of the trainee. but when the wild night leads them to the most notorious criminal in the city, james will find that his new partner's rapid-fire mouth is just as dangerous as the bullets speeding at it. propose to this cop's sister? rookie mistake."
634,35.310712,281929795,97.0,bridget jones's diary,6.5,1356,"comedy romance drama holiday londonengland england alcohol sex lovesickness telecaster birthday christmasparty newsbroadcast sexualfrustration diary cigarette daughter motherdaughterrelationship lawyer reporter extramaritalaffair duringcreditsstinger womandirector christmas a chaotic bridget jones meets a snobbish lawyer, and he soon enters her world of imperfections. health warning: adopting bridget's lifestyle could seriously damage your health."
392,28.727731,152500343,121.0,chocolat,6.8,951,"comedy drama romance chocolate mayor praline single motherdaughterrelationship a fable of emotional liberation and chocolate. a mother and daughter move to a small french town where they open a chocolate shop. the town, religious and morally strict, is against them as they represent free-thinking and indulgence. when a group of boat gypsies float down the river the prejudices of the mayor leads to a crisis. ...and the world is still indulging!"
41630,38.688822,147780440,107.0,no strings attached,6.1,1331,"comedy romance fathersonrelationship casualmeeting studentofmedicine friends valentine malefemalerelationship openrelationship sexualhumor bestfriend casualsex bestfriendsinlove duringcreditsstinger fling fathersonconflict friendswithbenefit emma is a busy doctor who sets up a seemingly perfect arrangement when she offers her best friend adam a relationship with one rule: no strings attached. but when a fling becomes a thing, can sex friends stay best friends? friendship has its benefits."
11969,30.537845,56505065,130.0,tombstone,7.4,626,"action adventure drama history western retirement wyattearp rightandjustice historicalfigure legendary marshal wyatt earp, now a weary gunfighter, joins his brothers morgan and virgil to pursue their collective fortune in the thriving mining town of tombstone. but earp is forced to don a badge again and get help from his notorious pal doc holliday when a gang of renegade brigands and rustlers begins terrorizing the town. justice is coming."
9286,31.64341,117719158,93.0,final destination 3,5.8,974,"horror mystery beheading dyinganddeath strokeoffate a student's premonition of a deadly rollercoaster ride saves her life and a lucky few, but not from death itself – which seeks out those who escaped their fate. this ride will be the death of you."
77877,26.811541,99357138,101.0,the lucky one,6.8,946,"drama romance basedonnovel wifehusbandrelationship photo kennel playingchess bombexplosion iraqveteran u.s. marine sergeant logan thibault returns from his third tour of duty in iraq, with the one thing he credits with keeping him alive-a photograph he found of a woman he doesn't even know. learning her name is beth and where she lives, he shows up at her door, and ends up taking a job at her family-run local kennel. despite her initial mistrust and the complications in her life, a romance develops between them, giving logan hope that beth could be much more than his good luck charm. "
1265,40.646102,137587063,96.0,bridge to terabithia,7.0,1113,"adventure drama family brothersisterrelationship friendship bullying neighbor school drawing basedonchildren'sbook schoolbus imagination creek clubhouse realityvsfantasy outsider fantasyworld overflowingwithimagination jesse aarons trained all summer to become the fastest runner in school, so he's very upset when newcomer leslie burke outruns him and everyone else. despite this and other differences, including that she's rich, he's poor, and she's a city girl, he's a country boy, the two become fast friends. together, they create terabithia, a land of monsters, trolls, ogres, and giants and rule as king and queen. close your eyes, but keep your mind wide open."
866,34.160448,116766556,106.0,finding neverland,7.2,1223,drama londonengland scotland parentskidsrelationship becominganadult fantasy motherrole childhoodmemory success widow theatreplay strokeoffate costume peterpan theatregroup adventure lossofhusband marriagecrisis theatremilieu friendship faith single motherdaughterrelationship author pirate illness spectacle child finding neverland is an amusing drama about how the story of peter pan and neverland came to be. during a writing slump play writer j.m. barrie meets the widowed sylvia and her three children who soon become an important part of barrie’s life and the inspiration that lead him to create his masterpiece “peter pan.” where will your imagination take you?
75174,48.552871,77278331,117.0,the grey,6.4,1451,action drama thriller alcohol isolation wolf wilderness forest stranded alaska survival airplanecrash fear howling death animalkilling freezing animalattack campfire malecamaraderie guninmouth aftercreditsstinger barfight eatenalive eatenbyanimal an oil drilling team struggles to survive after a plane crash strands them in the wilds of alaska. hunting them is a pack of wolves that sees them as intruders. live or die on this day
8699,29.342744,90574188,94.0,anchorman: the legend of ron burgundy,6.7,1493,"comedy journalism sexism ladder panda tvshowinfilm mustache misogynist newsroom teleprompter gangwarfare aftercreditsstinger duringcreditsstinger newsspoof it's the 1970s, and san diego super-sexist anchorman ron burgundy is the top dog in local tv, but that's all about to change when ambitious reporter veronica corningstone arrives as a new employee at his station. they bring you the news so you don't have to get it yourself."
769,63.654244,46836394,145.0,goodfellas,8.2,3128,"drama crime prison basedonnovel florida 1970s massmurder irish-american drugtraffic biography basedontruestory murder organizedcrime gore mafia gangster newyorkcity extremeviolence violence brooklynnewyorkcity crimeepic tampa the true story of henry hill, a half-irish, half-sicilian brooklyn kid who is adopted by neighbourhood gangsters at an early age and climbs the ranks of a mafia family under the guidance of jimmy conway. three decades of life in the mafia."
11283,24.356483,122489822,97.0,nanny mcphee,6.4,711,"fantasy comedy family lossofmother nanny education wizardry children singlefather widower cedric brown (colin firth) hires nanny mcphee (emma thompson) to care for his seven rambunctious children, who have chased away all previous nannies. taunted by simon (thomas sangster) and his siblings, nanny mcphee uses mystical powers to instill discipline. and when the children's great-aunt and benefactor, lady adelaide stitch (angela lansbury), threatens to separate the kids, the family pulls together under the guidance of nanny mcphee. you'll learn to love her. warts and all."
111,70.105981,65884703,170.0,scarface,8.0,2948,"action crime drama thriller miami corruption capitalism cuba prohibition brothersisterrelationship lossofsister cocaine cultfilm bitterness after getting a green card in exchange for assassinating a cuban government official, tony montana stakes a claim on the drug trade in miami. viciously murdering anyone who stands in his way, tony eventually becomes the biggest drug lord in the state, controlling nearly all the cocaine that comes through miami. but increased pressure from the police, wars with colombian drug cartels and his own drug-fueled paranoia serve to fuel the flames of his eventual downfall. the world is yours..."
77866,31.364901,63100000,109.0,contraband,6.1,770,"thriller action drama crime headwound criminal securityguard contraband when his brother-in-law runs afoul of a drug lord, family man chris farraday turns to a skill he abandoned long ago – smuggling – to repay the debt. but the job goes wrong, and farraday finds himself wanted by cops, crooks and killers alike. what would you hide to protect your family?"
7345,37.817905,77208711,158.0,there will be blood,7.9,1537,"drama brotherbrotherrelationship deaf-mute americandream fanatic pipeline petrol father stepfather oil money killer alcoholic when ruthless oil prospector, daniel plainview learns of oil-rich land in california that can be bought cheaply, he moves his operation there and begins manipulating and exploiting the local landowners into selling him their property. using his young adopted son to project the image of a caring family man, plainview gains the cooperation of almost all the locals with lofty promises to build schools and cultivate the land to make their community flourish. over time, plainview's gradual accumulation of wealth and power causes his true self to surface, and he begins to slowly alienate himself from everyone in his life. there will be greed. there will be vengeance."
12620,25.838073,70442940,97.0,the house bunny,5.6,529,"romance comedy virgin nudity college costume yoga bikini party playboy jail sorority pregnancy model carwash fraternity pledge shelley is living a carefree life until a rival gets her tossed out of the playboy mansion. with nowhere to go, fate delivers her to the sorority girls from zeta alpha zeta. unless they can sign a new pledge class, the seven socially clueless women will lose their house to the scheming girls of phi iota mu. in order to accomplish their goal, they need shelley to teach them the ways of makeup and men; at the same time, shelley needs some of what the zetas have - a sense of individuality. the combination leads all the girls to learn how to stop pretending and start being themselves. for the girls of zeta house college life was no party, until shelley showed up."
227156,53.811461,66980456,94.0,the giver,6.4,1798,"drama sciencefiction dystopia blackandwhite basedonyoungadultnovel in a seemingly perfect community, without war, pain, suffering, differences or choice, a young boy is chosen to learn from an elderly man about the true pain and pleasure of the ""real"" world. search for truth. find freedom."
9655,10.81439,33889159,105.0,she's the man,6.4,671,"comedy drama family romance roommate twinsister sport boardingschool twinbrother mistakenidentity soccer teenager teencomedy tomboy fakeidentity disguisedvoice thebiggame viola johnson is in a real jam. complications threaten her scheme to pose as her twin brother, sebastian, and take his place at a new boarding school. she falls in love with her handsome roommate, duke, who loves beautiful olivia, who has fallen for sebastian! as if that were not enough, viola's twin returns from london ahead of schedule but has no idea that his sister has already replaced him on campus. if you wanna chase your dream, sometimes you gotta break the rules."
1268,27.683874,229736344,90.0,mr. bean's holiday,6.1,663,"family comedy holiday france filmdirector chaos clumsyfellow todropbrick aftercreditsstinger mr. bean wins a trip to cannes where he unwittingly separates a young boy from his father and must help the two reunite. on the way he discovers france, bicycling and true love, among other things. disaster has a passport."
5123,29.533437,66122026,114.0,august rush,7.1,797,"drama date lossofson loveatfirstsight childlabour guitar lossofchild lover(female) loveofone'slife harmonica lie choir churchchoir rockstar cello forbiddenlove musiclover organ kiss affection music concert tenderness motherlylove children'shome deathofachild orphanage secretlove crush children fallinginlove relationship womandirector piano a drama with fairy tale elements, where an orphaned musical prodigy uses his gift as a clue to finding his birth parents. an incredible journey moving at the speed of sound"
278,136.747729,28341469,142.0,the shawshank redemption,8.5,8205,"drama crime prison corruption policebrutality prisoncell delinquent paroleboard escapefromprison wrongfulimprisonment framedformurder 1940s framed in the 1940s for the double murder of his wife and her lover, upstanding banker andy dufresne begins a new life at the shawshank prison, where he puts his accounting skills to work for an amoral warden. during his long stretch in prison, dufresne comes to be admired by the other inmates -- including an older prisoner named red -- for his integrity and unquenchable sense of hope. fear can hold you prisoner. hope can set you free."
284536,22.622453,39171130,111.0,the gambler,5.7,543,"thriller crime drama gambling gun professor beating gambler loanshark literature professor jim bennett leads a secret life as a high-stakes gambler. always a risk-taker, bennett bets it all when he borrows from a gangster and offers his own life as collateral. staying one step ahead, he pits his creditor against the operator of an illicit gambling ring while garnering the attention of frank, a paternalistic loan shark. as his relationship with a student deepens, bennett must risk everything for a second chance. the only way out is all in"
319888,29.365851,46152800,106.0,eddie the eagle,7.2,661,"comedy drama history underdog olympicgames skijump biography sport basedontruestory britain skiing feelgood inspired by true events, eddie the eagle is a feel-good story about michael ""eddie"" edwards (taron egerton), an unlikely but courageous british ski-jumper who never stopped believing in himself - even as an entire nation was counting him out. with the help of a rebellious and charismatic coach (played by hugh jackman), eddie takes on the establishment and wins the hearts of sports fans around the world by making an improbable and historic showing at the 1988 calgary winter olympics. win or lose, always aim high"
22971,19.402816,114977104,115.0,dear john,6.6,1262,drama romance war basedonnovel army love u.s.soldier sergeant john tyree is home on a 2 week leave from germany. he meets savannah after he dives into the ocean to retrieve savannah's purse that had fallen off the pier. john falls in love with savannah who is a student on spring break helping build a house for habitat for humanity. a romance occurs and savannah falls deeply in love with john. she promises to write john overseas until he returns. love brought them together. will fate tear them apart?
34813,24.903418,23580000,97.0,the losers,6.2,515,"action adventure crime mystery thriller hospital blackops referencetomacgyver suckedintojetengine a tale of double cross and revenge, centered upon the members of an elite u.s. special forces unit sent into the bolivian jungle on a search and destroy mission. the team-clay, jensen, roque, pooch and cougar -find themselves the target of a lethal betrayal instigated from inside by a powerful enemy known only as max. presumed dead, the group makes plans to even the score when they're joined by the mysterious aisha, a beautiful operative with her own agenda. working together, they must remain deep undercover while tracking the heavily-guarded max, a ruthless man bent on embroiling the world in a new high-tech global war. anyone else would be dead by now."
8051,15.960916,17000000,95.0,punch-drunk love,6.9,530,comedy drama romance shyness brothersisterrelationship businessman a beleaguered small-business owner gets a harmonium and embarks on a romantic journey with a mysterious woman. 
9352,25.848003,20796847,93.0,eurotrip,6.5,656,"comedy paris berlin alcohol sex nudity adventure penpals travel nudism marijuana teenager duringcreditsstinger when scott learns that his longtime cyber-buddy from berlin is a gorgeous young woman, he and his friends embark on a trip across europe. no actual europeans were harmed in the making of this film."
22825,21.606001,33333531,115.0,the box,5.4,597,"thriller sciencefiction experiment homicide key sacrifice research test decision police control stalker murder alien gift conspiracy money scientist violence button stranger box norma and arthur lewis, a suburban couple with a young child, receive a simple wooden box as a gift, which bears fatal and irrevocable consequences. a mysterious stranger delivers the message that the box promises to bestow upon its owner $1 million with the press of a button. however pressing this button will simultaneously cause the death of another human being somewhere in the world; someone they don't know. with just 24 hours to have the box in their possession, norma and arthur find themselves in the cross-hairs of a startling moral dilemma and must face the true nature of their humanity. all you have to do is push the button."
10591,39.784026,30411183,108.0,the girl next door,6.3,824,"comedy pornactor pornographicvideo highschool schoolparty blonde girlnextdoor exceptionally ambitious high schooler matthew has aspirations for a career in politics when he falls in love with his gorgeous 19-year-old neighbor, danielle. but matthew's bright future is jeopardized when he finds danielle was once a porn star. as danielle's past catches up with her, matthew's love for her forces him to re-evaluate his goals. matt never saw her coming... but all his friends had!"
276907,32.854557,42972994,131.0,legend,6.7,973,"crime thriller biography basedontruestory gangster twins suave, charming and volatile, reggie kray and his unstable twin brother ronnie start to leave their mark on the london underworld in the 1960s. using violence to get what they want, the siblings orchestrate robberies and murders while running nightclubs and protection rackets. with police detective leonard ""nipper"" read hot on their heels, the brothers continue their rapid rise to power and achieve tabloid notoriety. love, fight, live, rule like a legend."
6978,29.796394,11000000,99.0,big trouble in little china,7.1,705,"action adventure comedy fantasy kungfu chinatown magic mystery when trucker, jack burton agreed to take his friend, wang chi to pick up his fiancee at the airport, he never expected to get involved in a supernatural battle between good and evil. wang's fiancee has emerald green eyes, which make her a perfect target for immortal sorcerer, lo pan and his three invincible cronies. lo pan must marry a girl with green eyes so he can regain his physical form. adventure doesn't come any bigger!"
59440,51.915025,23057115,140.0,warrior,7.7,1272,"action drama bank training beating mixedmartialarts teacher muscleman combat alcoholic gym exercise the inspirational story of an estranged family that finds redemption in the unlikeliest of places…the mma ring. tommy riordan (tom hardy), an ex-marine with a tragic past, returns home and enlists his father (nick nolte), a recovering alcoholic and former wrestling coach, to train him for “sparta”, the biggest mma tournament ever held. but when tommy’s underdog brother, brendan (joel edgerton), fights his way into the tournament, the two brothers must finally confront each other and the forces that pulled them apart. what ensues is the most gut-wrenching, soul-stirring, and unforgettable battle of their lives. fight for family"
20766,41.075532,27635305,111.0,the road,6.8,1087,"adventure drama post-apocalyptic dystopia paternity duringcreditsstinger a father and his son walk alone through burned america. nothing moves in the ravaged landscape save the ash on the wind and water. it is cold enough to crack stones, and, when the snow falls it is gray. the sky is dark. their destination is the warmer south, although they don't know what, if anything, awaits them there. in a moment the world changed forever."
72113,20.011435,27603069,80.0,carnage,7.0,738,"comedy drama flat mobilephone hamster insult darkcomedy writer tulips meeting puke pants liberal after 11-year-old zachary cowan strikes his classmate across the face with a stick after an argument, the victim's parents invite zachary's parents to their brooklyn apartment to deal with the incident in a civilized manner. a new comedy of no manners"
152742,30.058263,19255873,124.0,the best offer,7.7,704,"drama romance crime mystery painting auctioneer confidencegame fineart honeypot virgil oldman is a world renowned antiques expert and auctioneer. an eccentric genius, he leads a solitary life, going to extreme lengths to keep his distance from the messiness of human relationships. when appointed by the beautiful but emotionally damaged claire to oversee the valuation and sale of her family’s priceless art collection, virgil allows himself to form an attachment to her – and soon he is engulfed by a passion which will rock his bland existence to the core. a master of possession. a crime of obsession"
109091,35.022029,71009334,117.0,the counselor,5.0,712,thriller crime drama poetry lawyer drugsmuggling drugtrafficking reddress a rich and successful lawyer named counselor is about to get married to his fiancée but soon meets up with the middle-man known as westray who tells him his drug trafficking plan has taken a horrible twist and now he must protect himself and his soon bride-to-be lover as the truth of the drug business uncovers and targets become chosen. sin is a choice.
1246,30.445257,155721132,102.0,rocky balboa,6.5,835,"drama philadelphia transporter fight loveofone'slife publicity boxer grave tombstone tvstation boxingmatch comeback training restaurantowner worldchampion challenger virtualfight defeat victory cancer over-the-hillfighter when he loses a highly publicized virtual boxing match to ex-champ rocky balboa, reigning heavyweight titleholder, mason dixon retaliates by challenging rocky to a nationally televised, 10-round exhibition bout. to the surprise of his son and friends, rocky agrees to come out of retirement and face an opponent who's faster, stronger and thirty years his junior. it ain't over 'til it's over."
4233,35.244037,172363301,120.0,scream 2,6.1,840,"horror mystery filmfestivals slaughter slasher two years after the terrifying events that occurred in woodsboro, sidney is now attending windsor college in cincinnati, and gale weathers' best selling book on sidney's life has now been made into a major motion picture. when two college students are killed in a theatre while watching the new film 'stab', sidney knows deep down that history is repeating itself. someone has taken their love of sequels one step too far."
2069,23.441135,106371651,98.0,the whole nine yards,6.2,531,"comedy crime bounty gangsterboss montreal gangster dentist hoodlum a mobster named jimmy the tulip agrees to cooperate with an fbi investigation in order to stay out of prison; he's relocated by the authorities to a life of suburban anonymity as part of a witness protection program. it's not long before a couple of his new neighbors figure out his true identity and come knocking to see if he'd be up for one more hit, suburban style. in the heart of suburbia, a hit man with heart has just moved in."
1788,25.03414,80035402,107.0,footloose,6.4,505,"drama family music romance dancing dancer dance music danceteacher when teenager ren and his family move from big-city chicago to a small town in the west, he's in for a real case of culture shock. "
11635,24.70166,87055349,91.0,old school,6.6,541,"comedy sexdoll streaking mouthtomouthresuscitation three friends attempt to recapture their glory days by opening up a fraternity near their alma mater. all the fun of college, none of the education."
10358,27.326466,42105111,102.0,zack and miri make a porno,6.1,721,"comedy pornography loveofone'slife platoniclove pornographicvideo bestfriend sexcomedy bestfriendsinlove aftercreditsstinger duringcreditsstinger lifelong platonic friends zack and miri look to solve their respective cash-flow problems by making an adult film together. as the cameras roll, however, the duo begin to sense that they may have more feelings for each other than they previously thought. what would you do to get out of debt?"
10313,20.69219,68729358,93.0,the men who stare at goats,5.9,742,"comedy war vietnamveteran kuwait newage staringcontest druguse paranoidfantasy hippielifestyle a reporter in iraq might just have the story of a lifetime when he meets lyn cassady, a guy who claims to be a former member of the u.s. army's new earth army, a unit that employs paranormal powers in their missions. no goats. no glory."
3558,10.713521,0,127.0,"girl, interrupted",7.6,721,"drama basedonnovel suicideattempt puberty biography borderlinepersonalitydisorder set in the changing world of the late 1960's, susanna kaysen's prescribed ""short rest"" from a psychiatrist she had met only once becomes a strange, unknown journey into alice's wonderland, where she struggles with the thin line between normal and crazy. susanna soon realizes how hard it is to get out once she has been committed, and she ultimately has to choose between the world of people who belong inside or the difficult world of reality outside. the crazy thing is, you're not crazy."
43593,23.343839,83188165,88.0,piranha 3d,5.3,581,"comedy horror yacht movieinmovie scubadiving piranha springbreak maneatenbymonster 3d each year the population of sleepy lake victoria, arizona explodes from 5,000 to 50,000 residents for the annual spring break celebration. but then, an earthquake opens an underwater chasm, releasing an enormous swarm of ancient piranha that have been dormant for thousands of years, now with a taste for human flesh. this year, there's something more to worry about than the usual hangovers and complaints from locals, a new type of terror is about to be cut loose on lake victoria. there's something in the water."
41283,26.324874,23081726,98.0,faster,6.1,568,"crime drama action thriller  driver (dwayne johnson) has spent the last 10 years in prison planning revenge for the murder of his brother. now that driver is free to carry out his deadly plan only two men stand in his way- billy bob thornton plays a veteran cop and oliver jackson-cohen, a crazy hitman. with those two close on his trail, driver races to carry out his mission as the mystery surrounding his brothers murder deepens. slow justice is no justice"
4935,49.549984,234710455,119.0,howl's moving castle,8.2,1991,"fantasy animation adventure flying witch rain castle scarecrow bodyexchange hatter bakery demon anime when sophie, a shy young woman, is cursed with an old body by a spiteful witch, her only chance of breaking the spell lies with a self-indulgent yet insecure young wizard and his companions in his legged, walking home. the two lived there"
19908,57.300674,102391382,88.0,zombieland,7.2,3550,"comedy horror washingtond.c. sistersisterrelationship post-apocalyptic roadtrip bloodsplatter parody survival zombie violence survivalhorror amusementpark twinkie bodycount zombification disposingofadeadbody bittenonthearm loner aftercreditsstinger zombieapocalypse fearofclowns columbus has made a habit of running from what scares him. tallahassee doesn't have fears. if he did, he'd kick their ever-living ass. in a world overrun by zombies, these two are perfectly evolved survivors. but now, they're about to stare down the most terrifying prospect of all: each other. this place is so dead"
10663,23.839127,185991646,90.0,the waterboy,5.9,512,comedy sport socialoutcast ridicule lawnmower desertedbyhusband lowselfesteem blackandwhitetocolor bobby boucher is a water boy for a struggling college football team. the coach discovers boucher's hidden rage makes him a tackling machine whose bone-crushing power might vault his team into the playoffs. you can mess with him. but don't mess with his water.
1891,78.51783,538400000,124.0,the empire strikes back,8.2,5879,"adventure action sciencefiction rebel android asteroid spacebattle snowstorm spacecolony spaceship lightsaber jedi goodvsevil rebellion theforce spaceopera stormtrooper wookie jedimaster jeditraining droid the epic saga continues as luke skywalker, in hopes of defeating the evil galactic empire, learns the ways of the jedi from aging master yoda. but darth vader is more determined than ever to capture luke. meanwhile, rebel leader princess leia, cocky han solo, chewbacca, and droids c-3po and r2-d2 are thrown into various stages of capture, betrayal and despair. the adventure continues..."
9737,33.872182,141407024,118.0,bad boys,6.5,1699,"action comedy crime thriller miami detective handcuffs airport mexicanstandoff stripclub witnessprotection carcrash internalaffairs gunfight explosion brutality footchase carchase druglord hangar loosecannon bust referencetoskittles blackcop badge actionhero corruptcop marcus burnett is a hen-pecked family man. mike lowry is a foot-loose and fancy free ladies' man. both are miami policemen, and both have 72 hours to reclaim a consignment of drugs stolen from under their station's nose. to complicate matters, in order to get the assistance of the sole witness to a murder, they have to pretend to be each other. whatcha gonna do?"
37137,27.33256,86930411,85.0,the naked gun 2½: the smell of fear,6.6,546,"comedy crime washingtond.c. usapresident spoof thewhitehouse bumbling cop frank drebin is out to foil the big boys in the energy industry, who intend to suppress technology that will put them out of business. if you see only one movie this year...you ought to get out more often"
9532,38.799596,53302314,98.0,final destination,6.4,1378,"horror omen airplaneaccident corpse death near-deathexperience after a teenager has a terrifying vision of him and his friends dying in a plane crash, he prevents the accident only to have death hunt them down, one by one. no accidents. no coincidences. no escapes. you can't cheat death."
10316,20.317469,75993061,101.0,the ides of march,6.5,910,drama ohio politics dirtytricks presidentialcampaign endorsement campaignspeech presidentialdebate dirty tricks stand to soil an ambitious young press spokesman's idealism in a cutthroat presidential campaign where 'victory' is relative. ambition seduces. power corrupts.
2787,18.493202,53187659,108.0,pitch black,6.7,1789,"thriller sciencefiction action darkness dystopia comet alienlife-form survival eclipse flask corps when their ship crash-lands on a remote planet, the marooned passengers soon learn that escaped convict riddick isn't the only thing they have to fear. deadly creatures lurk in the shadows, waiting to attack in the dark, and the planet is rapidly plunging into the utter blackness of a total eclipse. with the body count rising, the doomed survivors are forced to turn to riddick with his eerie eyes to guide them through the darkness to safety. with time running out, there's only one rule: stay in the light. don't be afraid of the dark. be afraid of what's in the dark"
152601,53.682367,47351251,126.0,her,7.9,4097,"romance sciencefiction drama artificialintelligence computer love loneliness transhumanism heartbreak nearfuture singularity bittersweet in the not so distant future, theodore, a lonely writer purchases a newly developed operating system designed to meet the user's every needs. to theordore's surprise, a romantic relationship develops between him and his operating system. this unconventional love story blends science fiction and romance in a sweet tale that explores the nature of love and the ways that technology isolates and connects us all. a spike jonze love story"
70435,26.257951,33372606,93.0,haywire,5.6,505,"action thriller mercenary secretagent rescue footchase spanish mallory kane is a highly trained operative who works for a government security contractor in the dirtiest, most dangerous corners of the world. after successfully freeing a chinese journalist held hostage, she is double crossed and left for dead by someone close to her in her own agency. suddenly the target of skilled assassins who know her every move, mallory must find the truth in order to stay alive. they left her no choice."
3021,35.169779,94679598,104.0,1408,6.5,1343,"horror thriller suicide newyork hotel fire hotelroom wifehusbandrelationship suicideattempt window door hauntedhouse research ghostworld painting telephone lossofdaughter blood a man who specializes in debunking paranormal occurrences checks into the fabled room 1408 in the dolphin hotel. soon after settling in, he confronts genuine terror. the only demons in room 1408 are those within you."
957,39.890798,38119483,96.0,spaceballs,6.7,902,"comedy sciencefiction android lasergun swordplay temple spacemarine spacebattle spacetravel spacemission galaxy comb altar magnetbeam jam speedoflight plasticsurgery password shield nose spoof when the nefarious dark helmet hatches a plan to snatch princess vespa and steal her planet's air, space-bum-for-hire lone starr and his clueless sidekick fly to the rescue. along the way, they meet yogurt, who puts lone starr wise to the power of ""the schwartz."" can he master it in time to save the day? may the schwartz be with you"
251,41.967005,505000000,127.0,ghost,6.9,1339,"fantasy drama thriller mystery romance corruption fortuneteller moneytransfer moneylaundering pottery afterlife spiritism sam wheat is a banker, molly jensen is an artist, and the two are madly in love. however, when sam is murdered by his friend and corrupt business partner carl bruner over a shady business deal, he is left to roam the earth as a powerless spirit. when he learns of carl's betrayal, sam must seek the help of psychic oda mae brown to set things right and protect molly from carl and his goons. a love that will last forever."
544,57.110486,369884651,119.0,there's something about mary,6.5,1590,"romance comedy surgeon stalker romanticcomedy dreamgirl taboo screwballcomedy frisbee troubadour grossoutcomedy intellectualdisability having never fully recovered from a prom date that became a total disaster, a man finally gets a chance to reunite with his old prom date, only to run up against other suitors including the sleazy detective he hired to find her. love is in the hair."
783,35.227212,77737889,191.0,gandhi,7.4,716,"drama history muslim indianlead demonstration worldwarii imprisonment releasefromprison southafrica bravery hungerstrike colony morningprayer hindu independence britisharmy politicalnegotiations conference nonviolentresistance apartheid britishempire protest independencemovement bombayindia strike freedom prayer worldreligion hinduism mahatmagandhi calcutta in the early years of the 20th century, mohandas k. gandhi, a british-trained lawyer, forsakes all worldly possessions to take up the cause of indian independence. faced with armed resistance from the british government, gandhi adopts a policy of 'passive resistance', endeavouring to win freedom for his people without resorting to bloodshed. his triumph changed the world forever."
228194,27.898438,88880821,122.0,the hundred-foot journey,7.3,508,drama france basedonnovel indianlead restaurant family a story centered around an indian family who moves to france and opens a restaurant across the street from a michelin-starred french restaurant. life's greatest journey begins with the first step.
10950,26.071644,92542418,132.0,i am sam,7.2,530,"drama fosterparents probono newbaby socialservices learning coffeeshopmanager pizzahut children'sbook lockeddoor mentallyhandicappedman childcustody womandirector sam has the mental capacity of a 7-year-old. he has a daughter with a homeless woman who abandons them when they leave the hospital, leaving sam to raise lucy on his own. but as lucy grows up, sam's limitations start to become a problem and the authorities take her away. sam shames high-priced lawyer rita into taking his case pro bono and in turn teaches her the value of love and family. love is all you need"
277,81.829237,95708457,121.0,underworld,6.6,2512,"fantasy action thriller budapest subway loveofone'slife vampire bite descendant hostility shootout werewolf blunt fangvamp vampires and werewolves have waged a nocturnal war against each other for centuries. but all bets are off when a female vampire warrior named selene, who's famous for her strength and werewolf-hunting prowess, becomes smitten with a peace-loving male werewolf, michael, who wants to end the war. underworld"
146239,30.114383,51164106,105.0,delivery man,6.2,551,comedy remake spermdonor an affable underachiever finds out he's fathered 533 children through anonymous donations to a fertility clinic 20 years ago. now he must decide whether or not to come forward when 142 of them file a lawsuit to reveal his identity. you're never quite ready for what life delivers.
270487,39.006187,63647656,106.0,"hail, caesar!",5.7,1309,"comedy drama mystery journalist cat ransom kidnapping ancientrome movieinmovie hollywood perioddrama tells the comedic tale of eddie mannix, a fixer who worked for the hollywood studios in the 1950s. the story finds him at work when a star mysteriously disappears in the middle of filming. lights. camera. abduction."
204082,35.737655,43058898,100.0,homefront,6.4,875,"action thriller basedonnovel drugdealer ex-cop ruralsetting undercovercop methamphetamine motorcyclegang drug revengemotive fatherdaughterrelationship lousianabayou phil broker is a former dea agent who has gone through a crisis after his action against a biker gang went horribly wrong and it cost the life of his boss' son. he is recently widowed and is left with a 9-years-old daughter,maddy. he decides to quit the turbulent and demanding life of thrill for maddy's sake and retires to a small town. his daughter fights off a boy who was bullying her at school and this sets in motion a round of events that end in his direct confrontation with the local meth drug lord. his past history with the biker gang also enters the arena, making matters more complex. but he has a mission in his mind to protect his daughter and he is ready to pay any cost that it demands. how far would you go to protect your home?"
287948,25.002715,72629670,96.0,the transporter refueled,5.2,559,"thriller action crime transporter sequel suspense car bankheist action the fast-paced action movie is again set in the criminal underworld in france, where frank martin is known as the transporter, because he is the best driver and mercenary money can buy. in this installment, he meets anna and they attempt to take down a group of ruthless russian human traffickers who also have kidnapped frank’s father. he delivers."
204922,48.784734,15447154,92.0,before i go to sleep,6.2,659,"mystery thriller amnesia therapist aggression hospital flashback a woman wakes up every day, remembering nothing as a result of a traumatic accident in her past. one day, new terrifying truths emerge that force her to question everyone around her. who do you trust?"
164457,29.230298,15400000,116.0,out of the furnace,6.5,720,"thriller drama crime prison brotherbrotherrelationship drugdealer brother revenge druguse caraccident justice family bareknucklefighting rustbelt neo-noir manslaughter socialdecay ptsd two brothers live in the economically-depressed rust belt, when a cruel twist of fate lands one in prison. his brother is then lured into one of the most violent crime rings in the northeast. sometimes your battles choose you."
4566,18.961323,92991835,119.0,michael clayton,6.5,501,drama mystery crime killing restaurant chambersofabarrister scandal pretendedsuicide lawsuit carbomb businessethics crookedlawyer a law firm brings in its 'fixer' to remedy the situation after a lawyer has a breakdown while representing a chemical company that he knows is guilty in a multi-billion dollar class action suit. the truth can be adjusted
81836,15.013386,73244881,111.0,to rome with love,5.6,546,"romance comedy rome expatriate episodic four tales unfold in the eternal city: while vacationing in rome, architect john encounters a young man whose romantic woes remind him of a painful incident from his own youth; retired opera director jerry discovers a mortician with an amazing voice, and he seizes the opportunity to rejuvenate his own flagging career; a young couple have separate romantic interludes; a spotlight shines on an ordinary man. "
9473,27.197799,0,81.0,"south park: bigger, longer & uncut",7.1,893,"animation comedy music gay mountrushmorenationalmemorial swearword mephisto hell worldsupremacy elementaryschool saddamhussein bloodsplatter atheist sequel surrealism friendswhohateeachother satan basedontvseries cartoonsex childswearing visionsofhell u.s.canadawar shottodeath adultanimation southparkcolorado when the four boys see an r-rated movie featuring canadians terrance and philip, they are pronounced ""corrupted"", and their parents pressure the united states to wage war against canada. uh-oh."
82693,63.599973,205738714,122.0,silver linings playbook,6.9,4742,"drama comedy romance dancing philadelphia running basedonnovel depression letter friendship neighbor mentalillness ex-wife institutionalization bipolar philadelphiaeagles after spending eight months in a mental institution, a former teacher moves back in with his parents and tries to reconcile with his ex-wife. watch for the signs"
4108,34.433521,43928932,92.0,the transporter,6.6,1692,"action crime thriller carjourney transportation auto humantrafficking former special forces officer, frank martin will deliver anything to anyone for the right price, and his no-questions-asked policy puts him in high demand. but when he realizes his latest cargo is alive, it sets in motion a dangerous chain of events. the bound and gagged lai is being smuggled to france by a shady american businessman, and frank works to save her as his own illegal activities are uncovered by a french detective. rules are made to be broken."
49517,33.649652,0,127.0,tinker tailor soldier spy,6.6,840,"drama thriller mystery spy coldwar spying espionage mole britishspy recently-retired mi6 agent, george smiley is doing his best to adjust to a life outside the secret service until a disgraced agent reappears with information concerning a mole at the heart of the service. smiley is drawn back into the murky field of espionage, tasked with investigating which of his trusted former colleagues has chosen to betray him and their country. smiley narrows his search to four suspects – all experienced, skilled and successful agents – but past histories, rivalries and friendships make it far from easy to pinpoint the man who is eating away at the heart of the british establishment. how do you find an enemy who is hidden right before your eyes?"
85,68.159596,389925971,115.0,raiders of the lost ark,7.7,3854,"adventure action savingtheworld riddle nepal himalaya cairo moses egypt whip treasure medallion leatherjacket nazis hat mediterranean arkofthecovenant tencommandments treasurehunt excavation swastika archaeologist indianajones archeology  when dr. indiana jones – the tweed-suited professor who just happens to be a celebrated archaeologist – is hired by the government to locate the legendary ark of the covenant, he finds himself up against the entire nazi regime. indiana jones - the new hero from the creators of jaws and star wars."
772,81.487685,358991681,120.0,home alone 2: lost in new york,6.3,2395,"comedy family adventure crime holiday newyork newyorkcity christmas instead of flying to florida with his folks, kevin ends up alone in new york, where he gets a hotel room with his dad's credit card—despite problems from a clerk and meddling bellboy. but when kevin runs into his old nemeses, the wet bandits, he's determined to foil their plans to rob a toy store on christmas eve. he's up past his bedtime in the city that never sleeps."
840,52.456505,303788635,135.0,close encounters of the third kind,7.2,1098,"sciencefiction drama indiana obsession extraterrestrialtechnology evacuation blackout flyingsaucer secretbase light contact beguilement exchange ufo alien vision missingperson mothership escapade obsessivequest lifeturnedupsidedown after an encounter with ufos, a line worker feels undeniably drawn to an isolated area in the wilderness where something spectacular is about to happen. we are not alone."
96,25.28436,299965036,100.0,beverly hills cop ii,6.1,613,"action comedy crime smugglingofarms detective intensivecare undercover stripclub armoredcar investigation police swimmingpool sequel shootout gunfight losangeles explosion violence carchase detroit horsetrack beverlyhills buddycop oilfield cementtruck playboymansion shootingrange detroit cop, axel foley heads for the land of sunshine and palm trees to find out who shot police captain andrew bogomil. thanks to a couple of old friends, axel's investigation uncovers a series of robberies masterminded by a heartless weapons kingpin – and the chase is on. "
274,18.174804,272742922,119.0,the silence of the lambs,8.1,4443,"crime drama thriller basedonnovel psychopath horror suspense serialkiller psychologicalthriller cannibal fbiagent animalincastcredits cannibalism fbi trainee, clarice starling ventures into a maximum-security asylum to pick the diseased brain of hannibal lecter, a psychiatrist turned homicidal cannibal. starling needs clues to help her capture a serial killer. but her faustian relationship with lecter soon leads to his escape, and now two deranged killers are on the loose. to enter the mind of a killer she must challenge the mind of a madman."
8872,21.815122,121697323,94.0,wayne's world,6.5,728,"music comedy tvshow heavymetal televisionproducer womandirector when a sleazy tv exec offers wayne and garth a fat contract to tape their late-night public access show at his network, they can't believe their good fortune. but they soon discover the road from basement to big-time is a gnarly one, fraught with danger, temptation and ragin' party opportunities. you'll laugh. you'll cry. you'll hurl."
138843,49.975409,318000141,112.0,the conjuring,7.4,3092,"horror thriller sistersisterrelationship exorcism rhodeisland basedontruestory farmhouse paranormalinvestigation ghost supernaturalpower paranormalinvestigator annabelle paranormal investigators ed and lorraine warren work to help a family terrorized by a dark presence in their farmhouse. forced to confront a powerful entity, the warrens find themselves caught in the most terrifying case of their lives. based on the true case files of the warrens"
1584,43.057323,131282949,108.0,school of rock,6.7,1414,"comedy music rockandroll rock highschool musicband fired from his band and hard up for cash, guitarist and vocalist dewey finn finagles his way into a job as a fourth-grade substitute teacher at a private school, where he secretly begins teaching his students the finer points of rock 'n' roll. the school's hard-nosed principal is rightly suspicious of finn's activities. but finn's roommate remains in the dark about what he's doing. he just landed the gig of his life: 5th grade."
12153,28.703007,113086475,109.0,white chicks,6.3,679,"comedy undercover fbi fishoutofwater highsociety buddycop crossdressing two fbi agent brothers, marcus and kevin copeland, accidentally foil a drug bust. as punishment, they are forced to escort a pair of socialites to the hamptons, where they're going to be used as bait for a kidnapper. but when the girls realize the fbi's plan, they refuse to go. left without options, marcus and kevin decide to pose as the sisters, transforming themselves from african-american men into a pair of blonde, white women. they're going deep undercover."
65057,40.903931,177243185,115.0,the descendants,6.7,934,"comedy drama hawaii father-in-law daughter cheatingwife beachhouse boatingaccident estate dyingmother beautifulgirl teenagedaughter trustee trustfund wildgirl wildchild realtor with his wife elizabeth on life support after a boating accident, hawaiian land baron, matt king takes his daughters on a trip from oahu to kauai to confront the young real estate broker, who was having an affair with elizabeth before her misfortune. the south pacific ain't that terrific."
35690,23.139971,0,107.0,the last song,6.9,923,"drama family romance brothersisterrelationship newlove daughter summervacation womandirector a drama centered on a rebellious girl who is sent to a southern beach town for the summer to stay with her father. through their mutual love of music, the estranged duo learn to reconnect. a story about family, first love, second chances and the moment in life that lead you back home."
76203,95.9229,187000000,134.0,12 years a slave,7.9,3674,"drama history whip kidnapping slavery plantation nightshift violinplayer physicalabuse cotton slaveowner 19thcentury soldintoslavery abolitionist in the pre-civil war united states, solomon northup, a free black man from upstate new york, is abducted and sold into slavery. facing cruelty as well as unexpected kindnesses solomon struggles not only to stay alive, but to retain his dignity. in the twelfth year of his unforgettable odyssey, solomon’s chance meeting with a canadian abolitionist will forever alter his life. the extraordinary true story of solomon northup"
162,47.51363,53000000,105.0,edward scissorhands,7.5,3601,fantasy drama romance underdog loveatfirstsight hairdresser smalltown scissors inventor burglar unsociability a small suburban town receives a visit from a castaway unfinished science experiment named edward. his scars run deep.
296096,53.161905,207945075,110.0,me before you,7.6,2562,"drama romance england basedonnovel depression smalltown wheelchair caretaker caregiver disabled twentysomething womandirector romanticdrama deadendjob accident a small town girl is caught between dead-end jobs. a high-profile, successful man becomes wheelchair bound following an accident. the man decides his life is not worth living until the girl is hired for six months to be his new caretaker. worlds apart and trapped together by circumstance, the two get off to a rocky start. but the girl becomes determined to prove to the man that life is worth living and as they embark on a series of adventures together, each finds their world changing in ways neither of them could begin to imagine. #liveboldly"
376659,42.512296,183936074,100.0,bad moms,6.3,1252,"comedy alcohol bar party divorce family hitandrun bathroomhumor when three overworked and under-appreciated moms are pushed beyond their limits, they ditch their conventional responsibilities for a jolt of long overdue freedom, fun, and comedic self-indulgence. party like a mother."
273895,29.023184,66787908,127.0,selma,7.4,817,"history drama alabama martinlutherking president blackamerican civilrights protestmarch womandirector selma ""selma,"" as in alabama, the place where segregation in the south was at its worst, leading to a march that ended in violence, forcing a famous statement by president lyndon b. johnson that ultimately led to the signing of the civil rights act. one dream can change the world."
21208,29.295801,41596251,123.0,orphan,6.7,1261,"horror thriller mystery nun deaf-mute orphan allgirl troubledmarriage aftercreditsstinger duringcreditsstinger a married couple with a rocky past adopt 9-year old, esther to fill the void created by a recently-stillborn baby. however, esther is not quite who she seems. can you keep a secret?"
314365,41.503588,88346473,128.0,spotlight,7.8,2686,"drama thriller history childabuse journalism judge florida boston pedophilia court cover-up priest lawyer catholic catholicchurch catholicism september112001 investigativejournalism cardinal christmas the true story of how the boston globe uncovered the massive scandal of child abuse and the cover-up within the local catholic archdiocese, shaking the entire catholic church to its core. break the story. break the silence."
1164,25.785925,135330182,143.0,babel,6.9,1055,"drama terror lossofmother gun morocco deaf-mute sandiego ecstasy illegalimmigration firsttime nanny daughter bulletwound ensemblecast tragedy strikes a married couple on vacation in the moroccan desert, touching off an interlocking story involving four different families. if you want to be understood...listen"
239678,20.311684,41296320,103.0,this is where i leave you,6.5,505,"drama comedy basedonnovel funeral dysfunctionalfamily deathoffather manchild family mourning grieving when their father passes away, four grown, world-weary siblings return to their childhood home and are requested -- with an admonition -- to stay there together for a week, along with their free-speaking mother and a collection of spouses, exes and might-have-beens. as the brothers and sisters re-examine their shared history and the status of each tattered relationship among those who know and love them best, they reconnect in hysterically funny and emotionally significant ways. welcome home. get uncomfortable."
3989,26.509175,50907422,98.0,team america: world police,6.6,660,"music adventure animation action comedy paris france cairo capitalism lossoflover egypt waragainstterror shotgun patriotism pentagon americandream destroy shipwreck louvre americanwayoflife failure panama damage government eiffeltowerparis worldpolitics massdestruction team america world police follows an international police force dedicated to maintaining global stability. learning that dictator kim jong il is out to destroy the world, the team recruits broadway star gary johnston to go undercover. with the help of team america, gary manages to uncover the plan to destroy the world. will team america be able to save it in time? it stars… samuel l jackson, tim robbins, sean penn, michael moore, helen hunt, matt damon, susan sarandon, george clooney, danny glover, ethan hawke, alec baldwin… or does it? putting the 'f' back in 'freedom'"
4258,36.819044,78378744,86.0,scary movie 5,4.6,793,"comedy sequel parody spoof aftercreditsstinger duringcreditsstinger home with their newly-formed family, happy parents dan and jody are haunted by sinister, paranormal activities. determined to expel the insidious force, they install security cameras and discover their family is being stalked by an evil dead demon. evil is coming. bring protection."
10139,30.909699,54586584,128.0,milk,7.1,612,"history drama gay sanfrancisco homophobia mayor biography politics politician electioncampaign homosexuality morality election candlelightvigil mayoralcampaign the story of california's first openly gay elected official, harvey milk, who  became an outspoken agent for change, seeking equal rights and opportunities for all. his great love for the city and its people brought him backing from young and old, straight and gay, alike – at a time when prejudice and violence against gays was openly accepted as the norm. never blend in."
9645,27.724913,68349884,91.0,ghost ship,5.3,531,"horror mystery thriller cruise pilot ghostship after discovering a passenger ship missing since 1962 floating adrift on the bering sea, salvagers claim the vessel as their own. once they begin towing the ghost ship towards harbor, a series of bizarre occurrences happen and the group becomes trapped inside the ship, which they soon learn is inhabited by a demonic creature. sea evil"
243,23.982956,47126295,113.0,high fidelity,7.0,628,"comedy drama romance music chicago musicrecord rockandroll recordstore soul discjockey pop brucefrederickjosephspringsteen recordcollection when record store owner rob gordon gets dumped by his girlfriend, laura, because he hasn't changed since they met, he revisits his top five breakups of all time in an attempt to figure out what went wrong. as rob seeks out his former lovers to find out why they left, he keeps up his efforts to win laura back. a comedy about fear of commitment, hating your job, falling in love and other pop favorites."
8848,30.387754,64822796,112.0,the bank job,6.6,697,"thriller crime drama infidelity subway cardealer vault mannequin bahamas stripclub wife offer photography londonunderground basedontruestory extortion doublecross walkietalkie railwaystation jackhammer politicalcorruption bankheist cabinetofficer corruptpoliceman terry is a small-time car dealer trying to leave his shady past behind and start a family. martine is a beautiful model from terry's old neighbourhood who knows that terry is no angel. when martine proposes a foolproof plan to rob a bank, terry recognises the danger but realises this may be the opportunity of a lifetime. as the resourceful band of thieves burrows its way into a safe-deposit vault at a lloyds bank, they quickly realise that, besides millions in riches, the boxes also contain secrets that implicate everyone from london's most notorious underworld gangsters to powerful government figures, and even the royal family. although the heist makes headlines throughout britain for several days, a government gag order eventually brings all reporting of the case to an immediate halt. "
38,56.481487,72258126,108.0,eternal sunshine of the spotless mind,7.9,3652,"sciencefiction drama romance dejavu regret jealousy amnesia dream operation relationshipproblems love memory brainwashing relationship heartbreak nonlineartimeline lovestory bittersweet joel barish, heartbroken that his girlfriend underwent a procedure to erase him from her memory, decides to do the same. however, as he watches his memories of her fade away, he realises that he still loves her, and may be too late to correct his mistake. you can erase someone from your mind. getting them out of your heart is another story."
107985,55.964605,46089287,109.0,the world's end,6.7,1778,comedy action sciencefiction endoftheworld apocalypse trilogy homage five friends who reunite in an attempt to top their epic pub crawl from 20 years earlier unwittingly become humankind's only hope for survival. good food. fine ales. total annihilation.
19901,28.019226,51416464,98.0,daybreakers,6.0,634,"fantasy horror action thriller sciencefiction femalenudity sunrise waitress experiment rain sunlight vampire dystopia beautifulwoman slowmotionscene undead decapitation scientist epidemic nightcreatures in the year 2019, a plague has transformed almost every human into vampires. faced with a dwindling blood supply, the fractured dominant race plots their survival; meanwhile, a researcher works with a covert band of vampires on a way to save humankind. in 2019, the most precious natural resource... is us."
34016,16.176976,49779728,104.0,she's out of my league,5.9,525,"comedy romance confidence romanticcomedy dating insecurity airportsecurity unlikelylovers twentysomething duringcreditsstinger when he starts dating drop-dead gorgeous molly, insecure airport security agent kirk can't believe it. as his friends and family share their doubts about the relationship lasting, kirk does everything he can to avoid losing molly forever. when she's this hot, you get one shot."
59860,17.237143,17425000,109.0,monte carlo,6.0,593,adventure comedy romance montecarlo mistakenidentity look-alike youngwoman texan americanabroad three young women vacationing in paris find themselves whisked away to monte carlo after one of the girls is mistaken for a british heiress. she's having the time of someone else's life.
328387,62.933899,83707310,96.0,nerve,7.1,2181,"mystery adventure crime basedonnovel technology internet hacking teenager newyorkcity game adaptation dare cellphonevideo basedonyoungadultnovel smartphone takingarisk industrious high school senior, vee delmonico, has had it with living life on the sidelines. when pressured by friends to join the popular online game nerve, vee decides to sign up for just one dare in what seems like harmless fun. but as she finds herself caught up in the thrill of the adrenaline-fueled competition partnered with a mysterious stranger, the game begins to take a sinister turn with increasingly dangerous acts, leading her into a high stakes finale that will determine her entire future. are you a watcher or a player?"
539,93.067866,32000000,109.0,psycho,8.2,2320,"drama horror thriller hotel clerk arizona shower rain motel money secretary corpse murderer theft privatedetective proto-slasher when larcenous real estate clerk marion crane goes on the lam with a wad of cash and hopes of starting a new life, she ends up at the notorious bates motel, where manager norman bates cares for his housebound mother. the place seems quirky, but fine… until marion decides to take a shower. the master of suspense moves his cameras into the icy blackness of the unexplored!"
226857,27.256849,34077920,103.0,endless love,6.7,542,drama romance teenageromance a privileged girl and a charismatic boy's instant desire sparks a love affair made only more reckless by parents trying to keep them apart. say goodbye to innocence
5915,43.644978,56255142,148.0,into the wild,7.8,3045,"adventure drama malenudity parentskidsrelationship camping cuttingthecord self-discovery wilderness biography basedontruestory pubichair alaska journey the true story of top student and athlete, christopher mccandless, who after graduating from emory university in 1992, abandoned his possessions, gave his entire $24,000 savings account to charity and hitchhiked to alaska to live in the wilderness. into the heart. into the soul."
755,64.181668,25836616,108.0,from dusk till dawn,6.9,1603,"horror action thriller crime dancing brotherbrotherrelationship sexualobsession showdown sheriff eroticism nudity bankrobber vampire holywater siege stripper priest explosion extremeviolence bankrobbery preacher hostagesituation crucifix recreationalvehicle bloodspurting conveniencestore femalevampire mexicanamericanborder nightclubentertainer boaconstrictor seth gecko and his younger brother richard are on the run after a bloody bank robbery in texas. they escape across the border into mexico and will be home-free the next morning, when they pay off the local kingpin. they just have to survive 'from dusk till dawn' at the rendezvous point, which turns out to be a hell of a strip joint. one night is all that stands between them and freedom. but it's going to be a hell of a night."
9470,13.658985,100914445,99.0,kung fu hustle,7.2,831,"action comedy crime fantasy kungfu magic mafia defense gangster policeman anarchiccomedy set in canton, china in the 1940s, the story revolves in a town ruled by the axe gang, sing who desperately wants to become a member. he stumbles into a slum ruled by eccentric landlords who turns out to be the greatest kung-fu masters in disguise. sing's actions eventually cause the axe gang and the slumlords to engage in an explosive kung-fu battle. only one side will win and only one hero will emerge as the greatest kung-fu master of all. so many gangsters...so little time."
470,32.243357,60427839,124.0,21 grams,7.2,918,"drama crime thriller lifeanddeath transplantation suicideattempt desperation lossoffamily ex-detainee sadness rageandhate carcrash this is the story of three gentle persons: paul rivers an ailing mathematician lovelessly married to an english émigré, christina peck, an upper-middle-class suburban housewife, happily married and mother of two little girls, and jack jordan, an ex-convict who has found in his christian faith the strength to raise a family. they will be brought together by a terrible accident that will change their lives. by the final frame, none of them will be the same as they will learn harsh truths about love, faith, courage, desire and guilt, and how chance can change our worlds irretrievably, forever. how much does life weigh?"
63492,19.220789,30426096,106.0,what's your number?,6.2,671,"comedy romance basedonnovel loser magazine womanizer mission search boyfriend husband fired pastrelationship ally darling (anna faris) is realizing she's a little lost in life. her latest romance has just fizzled out, and she's just been fired from her marketing job. then she reads an eye-opening magazine article that warns that 96 percent of women who've been with 20 or more lovers are unlikely to find a husband. determined to turn her life around and prove the article wrong, ally embarks on a mission to find the perfect mate from among her numerous ex-boyfriends. ally's looking for the best ex of her life."
81796,35.232278,32204030,95.0,lockout,5.8,715,"action thriller sciencefiction usapresident antihero dementia future space convict interrogation spacestation collisioninspace year2079 set in the near future, lockout follows a falsely convicted ex-government agent , whose one chance at obtaining freedom lies in the dangerous mission of rescuing the president's daughter from rioting convicts at an outer space maximum security prison. take no prisoners."
15092,35.542809,34560577,96.0,crank: high voltage,5.9,861,"action thriller crime femalenudity prostitute horserace heart stripclub electricshock godzilla sequel tourettesyndrome gang shootout publicsex cigarettesmoking mansion electrocution footchase surgery taser duringcreditsstinger flashback absurdism ultraviolence chelios faces a chinese mobster who has stolen his nearly indestructible heart and replaced it with a battery-powered ticker that requires regular jolts of electricity to keep working. stay charged, stay alive!"
41402,19.705311,24145613,116.0,let me in,6.7,641,drama horror mystery vampire childvampire remake bully youngboy biting deadboy hammerhorror 1980s a bullied young boy befriends a young female vampire who lives in secrecy with her guardian.  a remake of the movie “let the right one in” which was an adaptation of a book. innocence dies. abby doesn't.
146198,29.371987,12639297,115.0,triple 9,5.6,797,action thriller heist betrayal dirtycop a gang of criminals and corrupt cops plan the murder of a police officer in order to pull off their biggest heist yet across town. the code on the street is never black & white
295964,30.477114,36606743,100.0,burnt,6.3,950,"drama londonengland cook restaurant diva career kitchen redemption drug drugaddict chef comeback adam jones is a chef who destroyed his career with drugs and diva behavior. he cleans up and returns to london, determined to redeem himself by spearheading a top restaurant that can gain three michelin stars. never underestimate a man with everything to lose."
171274,45.742217,11110975,148.0,inherent vice,6.5,833,"comedy romance crime drama mystery basedonnovel 1970s privateinvestigator smokingmarijuana losangeles 1960s in los angeles at the turn of the 1970s, drug-fueled detective larry ""doc"" sportello investigates the disappearance of an ex-girlfriend. under the paving stones, the beach!"
106747,29.072964,15008161,107.0,machete kills,5.3,631,action crime thriller mexico whitehouse nuclearmissile machete outerspace ex-federale agent machete is recruited by the president of the united states for a mission which would be impossible for any mortal man – he must take down a madman revolutionary and an eccentric billionaire arms dealer who has hatched a plan to spread war and anarchy across the planet. trained to kill. left for dead. back for more.
48231,27.133277,27462041,99.0,a dangerous method,6.2,571,"drama thriller basedonnovel psychoanalysis sigmundfreud biography spanking basedonplay cigarsmoking cheatinghusband basedontrueevents seduced by the challenge of an impossible case, the driven dr. carl jung takes the unbalanced yet beautiful sabina spielrein as his patient. jung’s weapon is the method of his master, the renowned sigmund freud. both men fall under sabina’s spell. why deny what you desire the most."
3509,26.093043,7659918,100.0,a scanner darkly,6.8,532,animation sciencefiction thriller california detective basedonnovel dream undercover cocaine brain exam future test dystopia assignment cyberpunk drug surveillance totalitarian corporation substance schizophrenic condition neo-noir an undercover cop in a not-too-distant future becomes involved with a dangerous new drug and begins to lose his own identity as a result. everything is not going to be ok
241239,37.629309,12007070,125.0,a most violent year,6.5,546,"crime drama thriller corruption capitalism winter americandream immigrant businessethics truck oil lawyer newyorkcity loanshark coat tunnel 1980s husbandwiferelationship truckhijacking bankloan a thriller set in new york city during the winter of 1981, statistically one of the most violent years in the city's history, and centered on a the lives of an immigrant and his family trying to expand their business and capitalize on opportunities as the rampant violence, decay, and corruption of the day drag them in and threaten to destroy all they have built. the result is never in question. just the path you take to get there."
128,60.732738,159375308,134.0,princess mononoke,8.2,1983,"adventure fantasy animation fight wolf villageandtown iron pan wildboar territory friendship princess goodvsevil anime ashitaka, a prince of the disappearing ainu tribe, is cursed by a demonized boar god and must journey to the west to find a cure. along the way, he encounters san, a young human woman fighting to protect the forest, and lady eboshi, who is trying to destroy it. ashitaka must find a way to bring balance to this conflict. the fate of the world rests on the courage of one warrior."
7299,44.566609,5359645,107.0,equilibrium,6.9,1552,"action sciencefiction thriller resistance fascism totalitarianregime destroy phasing dystopia bookburning outlaw governmentagent in a dystopian future, a totalitarian regime maintains peace by subduing the populace with a drug, and displays of emotion are punishable by death. a man in charge of enforcing the law rises to overthrow the system. in a future where freedom is outlawed, outlaws will become heroes."
241257,27.215666,17671101,106.0,regression,5.3,585,"horror mystery thriller investigation memoryloss minnesota, 1990. detective bruce kenner investigates the case of young angela, who accuses her father, john gray, of an unspeakable crime. when john unexpectedly and without recollection admits guilt, renowned psychologist dr. raines is brought in to help him relive his memories and what they discover unmasks a horrifying nationwide mystery. fear always finds its victim"
581,45.707835,424208848,181.0,dances with wolves,7.6,1046,"adventure drama western countryside basedonnovel suicideattempt cultureclash lossoffamily deserter interpreter languagebarrier self-discovery dakota buffalo chief unsociability freedom nativeamerican 19thcentury lakota wounded civil war soldier, john dunbar tries to commit suicide – and becomes a hero instead. as a reward, he's assigned to his dream post, a remote junction on the western frontier, and soon makes unlikely friends with the local sioux tribe. inside everyone is a frontier waiting to be discovered."
52449,28.497242,216197492,92.0,bad teacher,5.4,1584,"comedy classroom teacher school workplacehumor a lazy, incompetent middle school teacher who hates her job and her students is forced to return to her job to make enough money for a boob job after her rich fiancé dumps her. she doesn't give an f."
11247,25.28132,70067909,95.0,a cinderella story,6.1,713,"comedy jealousy cinderella work stepmother highschool schoolparty orphan teenager disguise americanfootballplayer teenageromance stepsister modernfairytale sam montgomery is a tomboyish, unpopular girl at school. she has been text messaging a somebody named nomad for a few months and he asks her to meet him at the halloween dance at 11:00 in the middle of the dance floor. the only problem is, she must get back to the diner, ran by her wicked stepmom fiona by 12 sharp because she is not supposed to be there. before nomad can found out who she is, she must leave with her best friend, carter driving her back to the diner. after that night, everything in sam's life goes wacko! once upon a time... can happen any time."
4232,45.99611,173046663,111.0,scream,7.0,1476,"crime horror mystery halloween gore serialkiller slasher tabloid newsreporter self-referential metafilm a killer known as ghostface begins killing off teenagers, and as the body count begins rising, one girl and her friends find themselves contemplating the 'rules' of horror films as they find themselves living in a real-life one. someone has taken their love of scary movies one step too far."
694,78.699993,44017374,144.0,the shining,8.1,3757,"horror thriller hotel isolation hotelier colorado maze bartender ax delusion loneliness caretaker vision snow writer alcoholic snowedin offseason jack torrance accepts a caretaker job at the overlook hotel, where he, along with his wife wendy and their son danny, must live isolated from the rest of the world for the winter. but they aren't prepared for the madness that lurks within. a masterpiece of modern horror."
105,76.603233,381109762,116.0,back to the future,8.0,6079,"adventure comedy sciencefiction family clocktower carrace terrorist delorean lightning guitar plutonium sportscar inventor journeyinthepast timetravel raceagainsttime partner misfit madscientist fishoutofwater teenagelove destiny hiddenidentity oddcouple escapade disorder chasesandraces loveandromance teenagelife misfitpartners changingthepastorfuture gettinghome inventionsanddiscoveries eighties teenager marty mcfly is accidentally sent back in time to 1955, inadvertently disrupting his parents' first meeting and attracting his mother's romantic interest. marty must repair the damage to history by rekindling his parents' romance and - with the help of his eccentric inventor friend doc brown - return to 1985. he's the only kid ever to get into trouble before he was born."
41210,27.494037,49830607,101.0,the switch,5.9,583,"comedy romance drama alcohol singleparent baby restaurant aquarium sperm littleboy malefemalerelationship pregnant artificialinsemination an unmarried 40-year-old woman turns to a turkey baster in order to become pregnant. seven years later, she reunites with her best friend, who has been living with a secret: he replaced her preferred sperm sample with his own. the most unexpected comedy ever conceived."
29427,28.867568,54956140,101.0,the crazies,6.2,633,mystery horror action terror biologicalweapon cover-up splatter duringcreditsstinger virus four friends find themselves trapped in their small hometown after they discover their friends and neighbors going quickly and horrifically insane. fear thy neighbor
129,118.968562,274925095,125.0,spirited away,8.3,3840,fantasy adventure animation family witch parentskidsrelationship magic twilight darkness villageandtown bathhouse pig ghostworld biology train amusementpark yokai japanesemythology anime a ten year old girl who wanders away from her parents along a path that leads to a world ruled by strange and unusual monster-like animals. her parents have been changed into pigs along with others inside a bathhouse full of these creatures. will she ever see the world how it once was? the tunnel led chihiro to a mysterious town...
203833,57.84156,76586316,131.0,the book thief,7.4,1486,"drama worldwarii book nazigermany jewish while subjected to the horrors of wwii germany, young liesel finds solace by stealing books and sharing them with others. under the stairs in her home, a jewish refuge is being sheltered by her adoptive parents. courage beyond words."
10065,30.205943,108047131,90.0,the amityville horror,6.0,588,horror thriller drama holywater longisland remake familydinner paranormal violence woodchopping backwards torturedtodeath movingin basedonsupposedlytruestory a family is terrorized by demonic forces after moving into a home that was the site of a grisly mass-murder. what happened over the next 28 days has never been explained.
2757,26.441669,32801173,114.0,adaptation.,7.3,638,"comedy crime drama alligator marriagecrisis writer'sblock orchid a love-lorn script writer grows increasingly desperate in his quest to adapt the book 'the orchid thief'. from the creator of being john malkovich, comes the story about the creator of being john malkovich."
1878,44.511363,10680275,118.0,fear and loathing in las vegas,7.2,1301,"adventure drama comedy gonzojournalist sweatyface fakeidentity weddingchapel grapefruit cadillacconvertible gibberish corvettestingray policeconvention the hallucinogenic misadventures of sportswriter raoul duke and his samoan lawyer, dr. gonzo, on a three-day romp from los angeles to las vegas. motoring across the mojave desert on the way to sin city, duke and his purple haze passenger ingest a cornucopia of drugs ranging from acid to ether. buy the ticket, take the ride."
23082,16.665841,31912793,100.0,the invention of lying,6.0,518,"comedy romance fantasy  set in a world where the concept of lying doesn't exist, a loser changes his lot when he invents lying and uses it to get ahead. in a world where everyone can only tell the truth... this guy can lie."
195589,36.471231,268157400,96.0,neighbors,6.2,2713,comedy alcohol baby party family fraternity fraternityhouse neighborneighborrelationship bathroomhumor a couple with a newborn baby face unexpected difficulties after they are forced to live next to a fraternity house. family vs. frat
854,85.30318,351583407,101.0,the mask,6.6,2472,"romance comedy crime fantasy dualidentity bank mockery green balloon jailcell norsemythology when timid bank clerk stanley ipkiss discovers a magical mask containing the spirit of the norse god loki, his entire life changes. while wearing the mask, ipkiss becomes a supernatural playboy exuding charm and confidence which allows him to catch the eye of local nightclub singer tina carlyle. unfortunately, under the mask's influence, ipkiss also robs a bank, which angers junior crime lord dorian tyrell, whose goons get blamed for the heist. from zero to hero."
2280,20.716023,151668774,104.0,big,6.9,993,"fantasy drama comedy romance family baseball co-worker bronx pinballmachine toymaker duet jobpromotion homesick newtoy quarter unpluggedelectronicworks yankeestadiumbronxnewyorkcity walkingonpianokeys wishfulfillment bunkbed womandirector a young boy, josh baskin makes a wish at a carnival machine to be big. he wakes up the following morning to find that it has been granted and his body has grown older overnight. but he is still the same 13-year-old boy inside. now he must learn how to cope with the unfamiliar world of grown-ups including getting a job and having his first romantic encounter with a woman. what will he find out about this strange world? you're only young once but for josh it might just last a lifetime."
496,29.487784,261572744,82.0,borat: cultural learnings of america for make benefit glorious nation of kazakhstan,6.5,1579,"comedy malenudity usa california prostitute journalist rodeo kazakhstan demeanorcourse chicken drivingschool antisemitism bear mockumentary reporter aftercreditsstinger duringcreditsstinger kazakh journalist borat sagdiyev travels to america to make a documentary. as he zigzags across the nation, borat meets real people in real situations with hysterical consequences. his backwards behavior generates strong reactions around him exposing prejudices and hypocrisies in american culture. come to kazakhstan, it's nice!"
8835,25.43954,141774679,96.0,legally blonde,6.1,882,"comedy harvardlawschool blackfemalejudge smartblonde girlpower elle woods has it all. she's the president of her sorority, a hawaiian tropic girl, miss june in her campus calendar, and, above all, a natural blonde. she dates the cutest fraternity boy on campus and wants nothing more than to be mrs. warner huntington iii. but, there's just one thing stopping warner from popping the question: elle is too blonde. don't judge a book by its hair color!"
8643,32.602868,144216468,122.0,the exorcism of emily rose,6.3,659,"crime drama horror thriller epilepsy possession teenagegirl spirit umbrella cross prosecutor catholicism negligenthomicide archdiocese agnostic malnutrition burning psychoticepilepticdisorder when a younger girl called emily rose (carpenter) dies, everyone puts blame on the exorcism which was performed on her by father moore (wilkinson) prior to her death. the priest is arrested on suspicion of murder. the trail begins with lawyer erin bruner (linney) representing moore, but it is not going to be easy, as no one wants to believe what father moore says is true. what happened to emily?"
10147,26.58873,76488889,91.0,bad santa,6.5,656,"drama comedy crime holiday elves christmasparty departmentstore safe drink littlepeople christmaseve christmas a miserable conman and his partner pose as santa and his little helper to rob department stores on christmas eve. but they run into problems when the conman befriends a troubled kid, and the security boss discovers the plot. he doesn't care if you're naughty or nice."
816,36.15716,67683989,94.0,austin powers: international man of mystery,6.5,1013,"sciencefiction comedy crime android undercover missile grouptherapy airplane dancingscene timetravel penthouseapartment judo trapdoor clowning telescope swinging jamesbondspoof swinging60s aftercreditsstinger duringcreditsstinger as a swingin' fashion photographer by day and a groovy british superagent by night, austin powers is the '60s' most shagadelic spy, baby! but can he stop megalomaniac dr. evil after the bald villain freezes himself and unthaws in the '90s? with the help of sexy sidekick vanessa kensington, he just might. if he were any cooler, he'd still be frozen, baby!"
106,50.009408,98235548,107.0,predator,7.3,2093,"sciencefiction action adventure thriller centralandsouthamerica predator alien stalking invisible commando 3d dutch and his group of commandos are hired by the cia to rescue downed airmen from guerillas in a central american jungle. the mission goes well but as they return they find that something is hunting them. nearly invisible, it blends in with the forest, taking trophies from the bodies of its victims as it goes along. occasionally seeing through its eyes, the audience sees it is an intelligent alien hunter, hunting them for sport, killing them off one at a time. if it bleeds, we can kill it..."
279,31.82675,51973029,160.0,amadeus,7.8,1076,"drama history music italy composer opera talent musician marriagecrisis god murder viennaaustria envy 18thcentury the incredible story of genius musician wolfgang amadeus mozart, told in flashback by his peer and secret rival antonio salieri – now confined to an insane asylum. ...everything you've heard is true"
10625,36.423717,129042871,97.0,mean girls,6.9,2320,"comedy femalefriendship highschool fishoutofwater bestfriend teenager popularity gossip teencomedy highschoolrivalry newgirlatschool cady heron is a hit with the plastics, the a-list girl clique at her new school, until she makes the mistake of falling for aaron samuels, the ex-boyfriend of alpha plastic regina george. welcome to girl world."
194662,89.811154,103215094,119.0,birdman,7.4,4535,"drama comedy timessquare superhero longtake newyorkcity play broadway actor a fading actor best known for his portrayal of a popular superhero attempts to mount a comeback by appearing in a broadway play. as opening night approaches, his attempts to become more altruistic, rebuild his career, and reconnect with friends and family prove more difficult than expected. or (the unexpected virtue of ignorance)"
160588,34.694216,99206215,98.0,blue jasmine,7.0,1098,"comedy drama sanfrancisco sistersisterrelationship newyorkcity rich narcissism xanax jasmine french used to be on the top of the heap as a new york socialite, but now is returning to her estranged sister in san francisco utterly ruined. as jasmine struggles with her haunting memories of a privileged past bearing dark realities she ignored, she tries to recover in her present. unfortunately, it all proves a losing battle as jasmine's narcissistic hangups and their consequences begin to overwhelm her. in doing so, her old pretensions and new deceits begin to foul up everyone's lives, especially her own. blue moon. i used to know the words. now they're all a jumble."
1578,35.524457,23000000,129.0,raging bull,7.7,938,"drama transporter jealousy violenthusband paranoia boxer biography fistfight brokennose sport domesticviolence extremeviolence over-the-hillfighter when jake lamotta steps into a boxing ring and obliterates his opponent, he's a prizefighter. but when he treats his family and friends the same way, he's a ticking time bomb, ready to go off at any moment. though lamotta wants his family's love, something always seems to come between them. perhaps it's his violent bouts of paranoia and jealousy. this kind of rage helped make him a champ, but in real life, he winds up in the ring alone. "
44115,52.464877,35692920,94.0,127 hours,7.0,2606,adventure drama thriller mountains despair adventure utah alone canyon climbing basedontruestory rescue survival escape true trapped boulder adventurer flashback climber isolated hikers verylittledialogue the true story of mountain climber aron ralston's remarkable adventure to save himself after a fallen boulder crashes on his arm and traps him in an isolated canyon in utah. there is no force more powerful than the will to live.
321697,53.670525,34441873,122.0,steve jobs,6.8,1573,"drama history biography computer fatherdaughterrelationship applecomputer stevejobs basedontrueevents set backstage at three iconic product launches and ending in 1998 with the unveiling of the imac, steve jobs takes us behind the scenes of the digital revolution to paint an intimate portrait of the brilliant man at its epicenter. can a great man be a good man?"
522,24.548633,5887457,127.0,ed wood,7.3,630,"comedy drama history individual taxi transsexuality fortuneteller filmbusiness filmmaking filmproducer vororte filmmaker boxer filmdirector oddball celebrity morphine moviestudio losangeles drugaddict cultdirector theremin handgun trickortreating actor transvestite the mostly true story of the legendary ""worst director of all time"", who, with the help of his strange friends, filmed countless b-movies without ever becoming famous or successful. when it came to making bad movies, ed wood was the best."
13809,31.887978,25739015,114.0,rocknrolla,6.9,836,"action crime thriller londonengland gangleader money gang crime when a russian mobster sets up a real estate scam that generates millions of pounds, various members of london's criminal underworld pursue their share of the fortune. various shady characters, including mr one-two, stella the accountant, and johnny quid, a druggie rock-star, try to claim their slice. a story of sex, thugs and rock 'n roll."
245703,32.717853,6212282,112.0,midnight special,6.2,694,adventure drama sciencefiction fathersonrelationship helicopter fbi motel chase childkidnapping religioussect goggles a father and son go on the run after the dad learns his child possesses special powers. he's not like us.
8363,33.436092,121463226,113.0,superbad,7.0,2100,"comedy becominganadult highschool youngpeople onenight high school best buddies are facing separation anxiety as they prepare to go off to college. while attempting to score alcohol for a party with help from a fake id-toting friend, the guys' evening takes a turn into chaotic territory. come and get some!"
8328,28.973074,150816700,98.0,step up 2: the streets,6.5,640,"music drama romance underdog competition streetgang hip-hop breakdance insurgence heart-throb dancingscene tapdancing scholarship ballet when rebellious street dancer andie lands at the elite maryland school of the arts, she finds herself fighting to fit in while also trying to hold onto her old life. when she joins forces with the schools hottest dancer, chase, to form a crew of classmate outcasts to compete in baltimore s underground dance battle the streets. it's not where you're from. it's where you're at."
205,28.60542,38000000,121.0,hotel rwanda,7.5,793,"drama history war rwanda refugee refugeecamp militia murder slaughter deadbody atrocity african cruelty violence unitednations genocideinrwanda death inspired by true events, this film takes place in rwanda in the 1990s when more than a million tutsis were killed in a genocide that went mostly unnoticed by the rest of the world. hotel owner paul rusesabagina houses over a thousand refuges in his hotel in attempt to save their lives. when the world closed its eyes, he opened his arms."
1620,42.669304,99965753,89.0,hitman,5.9,966,"action crime drama thriller assassin secretidentity intelligence sovietunion russia celibacy hitman secretsociety power powertakeover adversary government execution violence killer basedonvideogame secretformula the best-selling videogame, hitman, roars to life with both barrels blazing in this hardcore action-thriller starring timothy olyphant. a genetically engineered assassin with deadly aim, known only as ""agent 47"" eliminates strategic targets for a top-secret organization. but when he's double-crossed, the hunter becomes the prey as 47 finds himself in a life-or-death game of international intrigue. assassin 47"
1933,25.881355,0,101.0,the others,7.4,1660,"horror drama mystery thriller nanny hauntedhouse channelislands parallelworld photosensitivity spiritism grace is a religious woman who lives in an old house kept dark because her two children, anne and nicholas, have a rare sensitivity to light. when the family begins to suspect the house is haunted, grace fights to protect her children at any cost in the face of strange events and disturbing visions. sooner or later she'll see them, then everything will be different."
679,67.66094,183316455,137.0,aliens,7.7,3220,"horror action thriller sciencefiction android extraterrestrialtechnology spacemarine spaceman cryogenics vacuum spacecolony warriorwoman settler spacetravel colony alien xenomorph when ripley's lifepod is found by a salvage crew over 50 years later, she finds that terra-formers are on the very planet they found the alien species. when the company sends a family of colonists out to investigate her story, all contact is lost with the planet and colonists. they enlist ripley and the colonial marines to return and search for answers. this time it's war"
3597,27.654472,125586134,100.0,i know what you did last summer,5.6,687,"horror thriller mystery secret blackmail fisherman police highschool cover-up friends revenge murder pageant slasher teenager killer as they celebrate their high school graduation, four friends are involved in a hit-and-run accident when their car hits and apparently kills a pedestrian on an isolated roadway. they dispose of the body and vow to keep the incident a secret, a year later somebody starts sending them letters bearing the warning ""i know what you did last summer."" if you're going to bury the truth, make sure it stays buried."
193893,70.668923,136621271,104.0,let's be cops,6.4,1219,"comedy corruption robbery kidnapping nightclub malefriendship investigation police party murder mobster losangeles lying impersonatingapoliceofficer flashback it's the ultimate buddy cop movie except for one thing: they're not cops.  when two struggling pals dress as police officers for a costume party, they become neighborhood sensations.  but when these newly-minted “heroes” get tangled in a real life web of mobsters and dirty detectives, they must put their fake badges on the line. fake cops. real trouble."
948,30.301307,70000000,91.0,halloween,7.4,1035,"horror thriller femalenudity nudity mask babysitter halloween police psychopathickiller independentfilm stalking serialkiller marijuana maskedkiller blood potsmoking slasher murderer throatslitting maniac violence killingspree family cultfilm evil psychotic smokingpot institution escapedkiller in john carpenter's horror classic, a psychotic murderer, institutionalized since childhood for the murder of his sister, escapes and stalks a bookish teenage girl and her friends while his doctor chases him through the streets. the night he came home"
7516,23.491962,57103895,109.0,smokin' aces,6.4,534,"action comedy crime thriller neo-nazi gun sniper fbi hitman bodyguard toshootdead police darkcomedy shootout gangster drug femalecorpse when a las vegas performer-turned-snitch named buddy israel decides to turn state's evidence and testify against the mob, it seems that a whole lot of people would like to make sure he's no longer breathing. nobody gets away clean."
41439,36.133536,136150434,90.0,saw: the final chapter,5.8,730,"horror crime survivor violence selfhelpguru tricycle prostheticarm pigmask 3d as a deadly battle rages over jigsaw's brutal legacy, a group of jigsaw survivors gathers to seek the support of self-help guru and fellow survivor bobby dagen, a man whose own dark secrets unleash a new wave of terror. the traps come alive"
38117,24.054062,43165571,86.0,beastly,6.0,849,"drama fantasy romance basedonnovel love beautifulwoman curse teenager popularity blindtutor teenageromance modernfairytale basedonyoungadultnovel a curse transforms a handsome and arrogant young man into everything he detests in this contemporary retelling of beauty and the beast. wealthy kyle kingson has everything a teenager could want in life, but he still gets off on humiliating the weaker and less attractive. when kyle invites his misfit classmate kendra to an environmental rally at their school, she questions his motivations but reluctantly accepts. later, kyle blows kendra off, prompting the spurned goth girl to cast a dark spell on the swaggering egotist. love is never ugly."
9792,35.107857,69623713,107.0,the hills have eyes,6.1,705,"horror thriller ambush newmexico van familyholiday axeinthehead based on wes craven's 1977 suspenseful cult classic, the hills have eyes is the story of a family road trip that goes terrifyingly awry when the travelers become stranded in a government atomic zone. miles from nowhere, the carter family soon realizes the seemingly uninhabited wasteland is actually the breeding ground of a blood-thirsty mutant family...and they are the prey. the lucky ones die first."
114150,32.746486,115350426,112.0,pitch perfect,7.3,2247,"comedy music romance competition roommate college femalefriendship music hazing malefemalerelationship audition groupoffriends dormroom bickering dj singingcompetition filmscore femalemusician singingcontest youngadult acapella college student beca knows she does not want to be part of a clique, but that's exactly where she finds herself after arriving at her new school. thrust in among mean gals, nice gals and just plain weird gals, beca finds that the only thing they have in common is how well they sing together. she takes the women of the group out of their comfort zone of traditional arrangements and into a world of amazing harmonic combinations in a fight to the top of college music competitions. get pitch slapped."
109428,33.912116,97542952,91.0,evil dead,6.4,1723,"horror remake demon necronomicon duringcreditsstinger evil dead, the fourth installment of the evil dead franchise, serving as both a reboot and as a loose continuation of the series, features mia, a young woman struggling with sobriety, heads to a remote cabin with a group of friends where the discovery of a book of the dead unwittingly summon up dormant demons which possess the youngsters one by one. the most terrifying film you will ever experience."
1491,36.960953,86915017,110.0,the illusionist,7.1,1615,"fantasy drama thriller romance magic princess love rivalry viennaaustria crownprince duchess supernaturalpower childhoodsweetheart vienna with his eye on a lovely aristocrat, a gifted illusionist named eisenheim uses his powers to win her away from her betrothed, a crowned prince. but eisenheim's scheme creates tumult within the monarchy and ignites the suspicion of a dogged inspector. nothing is what it seems."
10673,24.898687,43848069,126.0,wall street,7.0,546,"crime drama power fraud broker wallstreet finances lawyer union millionaire stockbroker a young and impatient stockbroker is willing to do anything to get to the top, including trading on illegal inside information taken through a ruthless and greedy corporate raider whom takes the youth under his wing. every dream has a price."
207,55.458584,235860116,129.0,dead poets society,8.1,2705,"drama individual philosophy poetry shakespeare professor literature friendship filmesfocadosemumprofessor at an elite, old-fashioned boarding school in new england, a passionate english teacher inspires his students to rebel against convention and seize the potential of every day, courting the disdain of the stern headmaster. he was their inspiration. he made their lives extraordinary."
8467,35.777067,247275374,107.0,dumb and dumber,6.5,1859,"comedy gasstation motel utah stupidity pill prank cigarsmoking violence criminal firedfromthejob clumsiness stepmotherstepdaughterrelationship sittingonatoilet aspencolorado parakeet defecation scooter hotelsuite endangeredspecies foolish laxative lloyd and harry are two men whose stupidity is really indescribable. when mary, a beautiful woman, loses an important suitcase with money before she leaves for aspen, the two friends (who have found the suitcase) decide to return it to her. after some ""adventures"" they finally get to aspen where, using the lost money they live it up and fight for mary's heart. what the one doesn't have, the other is missing."
639,18.430419,92823546,96.0,when harry met sally...,7.3,950,"comedy romance drama newyork wifehusbandrelationship restaurant platoniclove orgasm friendship malefemalerelationship during their travels from chicago to new york, harry and sally will debate whether or not sex ruins a perfect relationship between a man and a woman. eleven years and later, they're still no closer to finding the answer. can two friends sleep together and still love each other in the morning?"
9285,14.759948,119754278,93.0,road trip,5.9,542,comedy adventure femalenudity sex sexism spermbank erection blonde roadtrip sorority politicallyincorrect potsmoking teenmovie teensexcomedy crosscountry political stoner spermdonor schoolbus losingmoney malevirgin horniness dormroom sextape youngadult four friends take off on an 1800 mile road trip to retrieve an illicit tape mistakenly mailed to a girl friend. the greatest college tradition of all.
74643,29.943316,133432856,100.0,the artist,7.3,1049,"drama comedy romance filmproducer filmhistory moviestudio hollywood dog mustache hollywoodland silentfilm marquee terrier moviestar flapper silentfilmstar hollywood, 1927: as silent movie star george valentin wonders if the arrival of talking pictures will cause him to fade into oblivion, he sparks with peppy miller, a young dancer set for a big break. a breath of fresh vintage air"
83666,41.083914,68263166,94.0,moonrise kingdom,7.6,1662,"comedy drama romance newengland firstlove eyepatch searchparty devastation penpal handkerchief childsmoking smalltownsheriff thecolorred thecolorblue boyscouts sanddancing meetcute boyscoutsleader pipesmoking duringcreditsstinger set on an island off the coast of new england in the summer of 1965, moonrise kingdom tells the story of two twelve-year-olds who fall in love, make a secret pact, and run away together into the wilderness. as various authorities try to hunt them down, a violent storm is brewing off-shore – and the peaceful island community is turned upside down in more ways than anyone can handle. a tormenting and surprising story of children and adults during the stormy days of the summer of 1965."
1417,90.809408,83258226,118.0,pan's labyrinth,7.6,3041,"fantasy drama war spain resistance servant antihero fairy fairytale francoregime army princess love woods king hiding labyrinth mythological living with her tyrannical stepfather in a new home with her pregnant mother, 10-year-old ofelia feels alone until she explores a decaying labyrinth guarded by a mysterious faun who claims to know her destiny. if she wishes to return to her real father, ofelia must complete three terrifying tasks. what happens when make-believe believes it's real?"
4638,38.623178,80573774,121.0,hot fuzz,7.4,2199,"crime action comedy village arrest police partner murder conspiracy gunfight policeforce cowboycostume accident top london cop, pc nicholas angel is good. too good.  to stop the rest of his team from looking bad, he is reassigned to the quiet town of sandford, paired with simple country cop, and everything seems quiet until two actors are found decapitated. it is addressed as an accident, but angel isn't going to accept that, especially when more and more people turn up dead. big cops. small town. moderate violence."
5038,32.758254,96408652,96.0,vicky cristina barcelona,6.7,1020,"drama romance barcelonaspain menageatrois author two girlfriends on a summer holiday in spain become enamored with the same painter, unaware that his ex-wife, with whom he has a tempestuous relationship, is about to re-enter the picture. life is the ultimate work of art"
19994,32.257414,31556061,100.0,jennifer's body,5.3,837,comedy horror bloodthirstiness highschool sexualmurder horror gore slumberparty demon succubus candlelightvigil duringcreditsstinger womandirector a newly possessed cheerleader turns into a killer who specializes in offing her male classmates. can her best friend put an end to the horror? she's evil... and not just high school evil.
23169,36.764666,0,113.0,remember me,6.9,948,"drama romance newyork fathersonrelationship grieving romanticdrama youngadult collegestudent 21stcentury still reeling from a heartbreaking family event and his parents' subsequent divorce, tyler hawkins discovers a fresh lease on life when he meets ally craig, a gregarious beauty who witnessed her mother's death. but as the couple draws closer, the fallout from their separate tragedies jeopardizes their love. live in the moments."
9800,44.301745,206678440,125.0,philadelphia,7.6,988,drama gay aids homophobia jurors court partner hiv lawyer dying discrimination judiciary no one would take his case until one man was willing to take on the system. two competing lawyers join forces to sue a prestigious law firm for aids discrimination. as their unlikely friendship develops their courage overcomes the prejudice and corruption of their powerful adversaries. no one would take on his case... until one man was willing to take on the system.
8009,29.253833,5900000,116.0,highlander,6.8,624,adventure action fantasy newyork scotland swordplay sword cut-offhead immortality he fought his first battle on the scottish highlands in 1536. he will fight his greatest battle on the streets of new york city in 1986. his name is connor macleod. he is immortal. there can be only one.
68727,38.802415,24261569,101.0,trance,6.5,956,"thriller crime drama mystery amnesia artthief hypnotism heistmovie duringcreditsstinger a fine art auctioneer mixed up with a gang, joins forces with a hypnotherapist to recover a lost painting. as boundaries between desire, reality and hypnotic suggestion begin to blur, the stakes rise faster than anyone could have anticipated. don't be a hero."
8265,18.923181,53191886,106.0,welcome to the sticks,6.8,615,"comedy clocktower jealousy cheating provence lie southernfrance postman flush mama'sboy bias localspeciality jobtransfer northernfrance disabled dialect although living a comfortable life in salon-de-provence, a charming town in the south of france, julie has been feeling depressed for a while. to please her, philippe abrams, a post office administrator, her husband, tries to obtain a transfer to a seaside town, on the french riviera, at any cost. the trouble is that he is caught red-handed while trying to scam an inspector. philippe is immediately banished to the distant unheard of town of bergues, in the far north of france... "
28178,43.217089,47801389,93.0,hachi: a dog's tale,7.7,1717,"drama family japanese loyalty humananimalrelationship friendship friends familyrelationships dog newspaperreporter familydog waiting a drama based on the true story of a college professor's bond with the abandoned dog he takes into his home. a true story of faith, devotion and undying love."
90,29.843818,316360478,105.0,beverly hills cop,6.8,961,"action comedy crime california showdown undercover stripclub investigation weapon police smuggling swimmingpool gunfight mansion losangeles footchase artgallery carchase warehouse beverlyhills buddycomedy countryclub maverickcop detroitmichigan damselindistress barfight tough-talking detroit cop axel foley heads to the rarified world of beverly hills in his beat-up chevy nova to investigate a friend's murder. but soon, he realizes he's stumbled onto something much more complicated. bungling rookie detective billy rosewood joins the fish-out-of-water axel and shows him the west los angeles ropes. the heat is on!"
771,2.186927,476684675,103.0,home alone,7.1,2414,"comedy family holiday burglar homeinvasion mischief boobytrap homealone suburbanchicago mischievouschild christmas child eight-year-old kevin mccallister makes the most of the situation after his family unwittingly leaves him behind when they go on christmas vacation. but when a pair of bungling burglars set their sights on kevin's house, the plucky kid stands ready to defend his territory. by planting booby traps galore, adorably mischievous kevin stands his ground as his frantic mother attempts to race home before. a family comedy without the family."
744,58.900647,356830601,110.0,top gun,6.7,1698,"action romance war lovesickness lossoflover fighterpilot self-discovery pilot ejectionseat dyinganddeath officer trainingcamp airforce airplane dangerous battleassignment u.s.navy hostility secretlove cowardliness pilotschool for lieutenant pete 'maverick' mitchell and his friend and co-pilot nick 'goose' bradshaw being accepted into an elite training school for fighter pilots is a dream come true.  a tragedy, as well as personal demons, threaten pete's dreams of becoming an ace pilot. up there with the best of the best."
146,45.742254,213525736,120.0,"crouching tiger, hidden dragon",7.2,927,"adventure drama action romance flying martialarts taskmaster comb tiger desertthief theft femalemartialartist two warriors in pursuit of a stolen sword and a notorious fugitive are led to an impetuous, physically-skilled, teenage nobleman's daughter, who is at a crossroads in her life. a timeless story of strength, secrets and two warriors who would never surrender."
14,80.878605,356296601,122.0,american beauty,7.9,3313,"drama malenudity femalenudity adultery midlifecrisis comingout firsttime camcorder virgin nudity filmmaker estateagent satire loneliness darkcomedy suburbia comingofage marijuana exercise parentchildrelationship bittersweet affair lester burnham, a depressed suburban father in a mid-life crisis, decides to turn his hectic life around after developing an infatuation with his daughter's attractive friend. look closer."
45269,54.053576,414211549,118.0,the king's speech,7.6,2752,"drama history greatbritain radio monarchy radiotransmission royalfamily speech marriage royalty deathoffather the king's speech tells the story of the man who became king george vi, the father of queen elizabeth ii. after his brother abdicates, george ('bertie') reluctantly assumes the throne. plagued by a dreaded stutter and considered unfit to be king, bertie engages the help of an unorthodox speech therapist named lionel logue. through a set of unexpected techniques, and as a result of an unlikely friendship, bertie is able to find his voice and boldly lead the country into war. find your voice."
9493,17.638286,216614388,107.0,twins,5.7,559,comedy perfection delivery lowintelligence jetengine twinsseparatedatbirth artistcolony samehabits biologicalexperiment opposites catholicorphanage julius and vincent benedict are the results of an experiment that would allow for the perfect child. julius was planned and grows to athletic proportions. vincent is an accident and is somewhat smaller in stature. vincent is placed in an orphanage while julius is taken to a south seas island and raised by philosophers. vincent becomes the ultimate low life and is about to be killed by loan sharks. only their mother can tell them apart.
205596,145.364591,233555708,113.0,the imitation game,8.0,5723,"history drama thriller war gay england worldwarii mathematician biography logician cryptography based on the real life story of legendary cryptanalyst alan turing, the film portrays the nail-biting race against time by turing and his brilliant team of code-breakers at britain's top-secret government code and cypher school at bletchley park, during the darkest days of world war ii. the true enigma was the man who cracked the code."
132232,47.455148,146497771,100.0,mama,6.0,1401,"horror supernaturalhorror guillermo del toro presents mama, a supernatural thriller that tells the haunting tale of two little girls who disappeared into the woods the day that their parents were killed. when they are rescued years later and begin a new life, they find that someone or something still wants to come tuck them in at night. a mother's love is forever"
208134,27.165222,151831537,92.0,bad grandpa,6.0,680,"comedy duringcreditsstinger 86-year-old irving zisman is on a journey across america with the most unlikely companion: his 8 year-old grandson, billy. real people. real reactions. real messed up."
4011,58.553213,73326666,92.0,beetlejuice,7.1,1444,"fantasy comedy minister giantsnake skeleton calypso arts afterlife childbride possession surrealism teenagegirl ghost thanks to an untimely demise via drowning, a young couple end up as poltergeists in their new england farmhouse, where they fail to meet the challenge of scaring away the insufferable new owners, who want to make drastic changes. in desperation, the undead newlyweds turn to an expert frightmeister, but he's got a diabolical agenda of his own. he's guaranteed to put some life in your afterlife."
65086,43.675191,127730736,95.0,the woman in black,6.1,1206,"drama horror thriller londonengland secret remake revenge lawyer photograph gothichorror hammerhorror estate ghost supernaturalpower the story follows a young lawyer, arthur kipps, who is ordered to travel to a remote village and sort out a recently deceased client’s papers. as he works alone in the client’s isolated house, kipps begins to uncover tragic secrets, his unease growing when he glimpses a mysterious woman dressed only in black. receiving only silence from the locals, kipps is forced to uncover the true identity of the woman in black on his own, leading to a desperate race against time when he discovers her true identity. what did they see?"
11778,19.786392,50000000,183.0,the deer hunter,7.8,921,"drama war vietnamveteran pennsylvania vietnam party escape friend vietcong pittsburghsteelers a group of working-class friends decides to enlist in the army during the vietnam war and finds it to be hellish chaos -- not the noble venture they imagined. before they left, steven married his pregnant girlfriend -- and michael and nick were in love with the same woman. but all three are different men upon their return. one of the most important and powerful films of all time!"
134411,30.556135,42930462,112.0,snitch,5.8,1138,"thriller drama fathersonrelationship basedontruestory construction company owner john matthews learns that his estranged son, jason, has been arrested for drug trafficking. facing an unjust prison sentence for a first time offender courtesy of mandatory minimum sentence laws, jason has nothing to offer for leniency in good conscience. desperately, john convinces the dea and the opportunistic da joanne keeghan to let him go undercover to help make arrests big enough to free his son in return. with the unwitting help of an ex-con employee, john enters the narcotics underworld where every move could be his last in an operation that will demand all his resources, wits and courage to survive. how far would you go to save your son?"
287903,31.565117,61548707,98.0,krampus,5.9,584,horror comedy fantasy fire winter santaclaus snowstorm christmastree snow fireplace poweroutage destruction demon germanaccent family blizzard flashback christmas badkids krampus a horror comedy based on the ancient legend about a pagan creature who punishes children on christmas. you don't want to be on his list.
77016,49.517264,48126384,109.0,end of watch,7.2,1170,crime drama thriller losangeles bulletproofvest u.s.marine medalofvalor policesergeant felon goldengun two young officers are marked for death after confiscating a small cache of money and firearms from the members of a notorious cartel during a routine traffic stop. every moment of your life they stand watch
266856,61.182331,123726688,123.0,the theory of everything,7.8,3311,"drama romance wifehusbandrelationship biography physicist basedonmemoir stephenhawking fictionalizedbiography motorneurondisease als the theory of everything is the extraordinary story of one of the world’s greatest living minds, the renowned astrophysicist stephen hawking, who falls deeply in love with fellow cambridge student jane wilde. his mind changed our world. her love changed his."
947,41.286336,69995385,216.0,lawrence of arabia,7.8,851,"adventure drama history war cairo arabian worldwari horse jerusalem britisharmy britishempire damascus camel war desert arab ottomanempire an epic about british officer t.e. lawrence's mission to aid the arab tribes in their revolt against the ottoman empire during the first world war. lawrence becomes a flamboyant, messianic figure in the cause of arab unity but his psychological instability threatens to undermine his achievements. "
228970,42.952942,52501541,115.0,wild,7.0,951,drama adventure biography hiking basedontruestory traveller a woman with a tragic past decides to start her new life by hiking for one thousand miles on the pacific crest trail. 
2493,44.533612,30857814,98.0,the princess bride,7.6,1486,"adventure family fantasy comedy romance swashbuckler evilprince referencetosocrates referencetoplato screwball impersonation in this enchantingly cracked fairy tale, the beautiful princess buttercup and the dashing westley must overcome staggering odds to find happiness amid six-fingered swordsmen, murderous princes, sicilians and rodents of unusual size. but even death can't stop these true lovebirds from triumphing. it's as real as the feelings you feel."
64690,49.294864,78054825,100.0,drive,7.4,3725,drama action thriller crime stuntman bloodsplatter independentfilm policechase extremeviolence violence carchase bullet headstomp getaway crimelord existentialism silentprotagonist greatsoundtrack a hollywood stunt performer who moonlights as a wheelman for criminals discovers that a contract has been put on him after a heist gone wrong. there are no clean getaways.
1562,34.759855,64238440,100.0,28 weeks later,6.5,1197,"horror thriller sciencefiction londonengland lossofmother lossoffamily mutant pest dyinganddeath chaos partsofdeadbody survivor supernatural survival ontherun zombie danger escapade virus plague femalecorpse siblingsrelations deadly chasesandraces chaosandmayham humannature in this chilling sequel to 28 days later, the inhabitants of the british isles appear to have lost their battle against the onslaught of disease, as the deadly rage virus has killed every citizen there. six months later, a group of americans dare to set foot on the isles, convinced the danger has come and gone. but it soon becomes all too clear that the scourge continues to live, waiting to pounce on its next victims. when days turn to weeks... the horror returns."
116,30.669913,85306374,124.0,match point,7.3,1105,"drama thriller crime romance lovetriangle londonengland upperclass adultery tennis riverthames love wealth lust instructor golddigger socialclimbing actress match point is woody allen’s satire of the british high society and the ambition of a young tennis instructor to enter into it. yet when he must decide between two women - one assuring him his place in high society, and the other that would bring him far from it - palms start to sweat and a dark psychological match in his head begins. passion temptation obsession"
4995,19.85579,43101594,155.0,boogie nights,7.5,796,"drama pornography sex pornactor pornographicvideo fromragstoriches drug pornindustry gayleadcharacter set in 1977, back when sex was safe, pleasure was a business and business was booming, idealistic porn producer jack horner aspires to elevate his craft to an art form. horner discovers eddie adams, a hot young talent working as a busboy in a nightclub, and welcomes him into the extended family of movie-makers, misfits and hangers-on that are always around. adams' rise from nobody to a celebrity adult entertainer is meteoric, and soon the whole world seems to know his porn alter ego, ""dirk diggler"". now, when disco and drugs are in vogue, fashion is in flux and the party never seems to stop, adams' dreams of turning sex into stardom are about to collide with cold, hard reality. the life of a dreamer, the days of a business, and the nights in between."
97367,35.395129,35485608,140.0,the place beyond the pines,6.8,1653,"drama crime corruption fathersonrelationship carnival mechanic motorcycle bankrobbery a motorcycle stunt rider considers committing a crime in order to provide for his wife and child, an act that puts him on a collision course with a cop-turned-politician. if you ride like lightning you're gonna crash like thunder"
254904,45.317278,32556119,108.0,the november man,6.0,639,crime action thriller cia retired agent an ex- cia operative is brought back in on a very personal mission and finds himself pitted against his former pupil in a deadly game involving high level cia officials and the russian president-elect. a spy is never out of the game.
12162,47.006162,42000000,131.0,the hurt locker,7.2,1840,"drama thriller war sniper explosive loyalty u.s.army iraq carbomb suspense tension iraqwar desert bombsquad bodyarmor womandirector armysergeant forced to play a dangerous game of cat-and-mouse in the chaos of war, an elite army bomb squad unit must come together in a city where everyone is a potential enemy and every object could be a deadly bomb. you'll know when you're in it."
64689,24.612603,37930465,97.0,killing them softly,5.8,742,"crime thriller poker gambling robbery basedonnovel hitman economy murder blood hit mobster gangster criminal jackie cogan is an enforcer hired to restore order after three dumb guys rob a mob protected card game, causing the local criminal economy to collapse. in america you're on your own."
157849,26.708193,31554855,121.0,a most wanted man,6.5,541,"thriller terror muslim intelligence immigrant torture surveillance security when a half-chechen, half-russian, tortured half-to-death immigrant turns up in hamburg's islamic community, laying claim to his father's ill gotten fortune, both german and us security agencies take a close interest: as the clock ticks down and the stakes rise, the race is on to establish this most wanted man's true identity - oppressed victim or destruction-bent extremist? "
51828,16.629173,59389433,107.0,one day,7.0,978,"drama romance basedonnovel comedian job love malefemalerelationship author writer divorce bestfriendsinlove womandirector missedopportunity a romantic comedy centered on dexter and emma, who first meet during their graduation in 1988 and proceed to keep in touch regularly. the film follows what they do on july 15 annually, usually doing something together. twenty years. two people."
68,41.089863,0,132.0,brazil,7.5,861,"comedy sciencefiction bureaucracy policestate terror greatbritain dream dystopia government anarchiccomedy low-level bureaucrat sam lowry escapes the monotony of his day-to-day life through a recurring daydream of himself as a virtuous hero saving a beautiful damsel. investigating a case that led to the wrongful arrest and eventual death of an innocent man instead of wanted terrorist harry tuttle, he meets the woman from his daydream, and in trying to help her gets caught in a web of mistaken identities, mindless bureaucracy and lies. it's only a state of mind."
115,49.230089,46189568,117.0,the big lebowski,7.8,2926,"comedy crime whiterussian dude bowling vietnamveteran carpet nihilism heartattack kidnapping lsd marijuana losangeles millionaire cowboy ashes impregnation bowlingteam unemployed bowlingball weeds jeffrey ""the dude"" lebowski, a los angeles slacker who only wants to bowl and drink white russians, is mistaken for another jeffrey lebowski, a wheelchair-bound millionaire, and finds himself dragged into a strange series of events involving nihilists, adult film producers, ferrets, errant toes, and large sums of money. times like these call for a big lebowski."
8321,25.329493,34533783,107.0,in bruges,7.4,1388,"comedy drama crime brugesbelgium townsquare vietnamese canadianstereotype skinnedalive gruuthusemuseumbruges ray and ken, two hit men, are in bruges, belgium, waiting for their next mission. while they are there they have time to think and discuss their previous assignment. when the mission is revealed to ken, it is not what he expected. shoot first. sightsee later."
5236,32.690038,15785148,103.0,kiss kiss bang bang,7.2,886,action comedy crime mystery detective loser custodybattle shooting thief crush losangeles seriesofmurders celebration hoodlum femalecorpse christmas a petty thief posing as an actor is brought to los angeles for an unlikely audition and finds himself in the middle of a murder investigation along with his high school dream girl and a detective who's been training him for his upcoming role... sex. murder. mystery. welcome to the party.
1018,31.60985,20117339,147.0,mulholland drive,7.6,1477,"thriller drama mystery schizophrenia identity amnesia lossofsenseofreality suppressedpast trauma key bisexuality hallucination surreal jobinterview casting suspense independentfilm lesbian losangeles after a car wreck on the winding mulholland drive renders a woman amnesic, she and a perky hollywood-hopeful search for clues and answers across los angeles in a twisting venture beyond dreams and reality. an actress longing to be a star. a woman searching for herself. both worlds will collide... on mulholland drive."
42188,30.983397,9455232,104.0,never let me go,6.8,737,"drama romance sciencefiction soul basedonnovel sadness forgiveness dystopia boardingschool cloning existentialism as children, kathy, ruth, and tommy spend their childhood at an idyllic and secluded english boarding school. as they grow into adults, they must come to terms with the complexity and strength of their love for one another while also preparing for the haunting reality awaiting them. these students have everything they need. except time."
8461,15.175289,7938872,112.0,funny games,6.3,545,"horror thriller crime brotherbrotherrelationship boat psychopath vacation murder suspense neighbor torture dog family when ann, husband george and son georgie arrive at their holiday home they are visited by a pair of polite and seemingly pleasant young men. armed with deceptively sweet smiles and some golf clubs, they proceed to terrorize and torture the tight-knit clan, giving them until the next day to survive. let the games begin..."
19,32.351527,650422,153.0,metropolis,8.0,657,"drama sciencefiction manvsmachine undergroundworld inventor metropolis worker future machinetown work classsociety dystopia towerofbabel delirium chasescene madscientist prophet robot destruction silentfilm depravity masterpiece downtrodden saviour in a futuristic city sharply divided between the working class and the city planners, the son of the city's mastermind falls in love with a working class prophet who predicts the coming of a savior to mediate their differences. there can be no understanding between the hands and the brain unless the heart acts as mediator."
10045,17.493735,9584131,84.0,district b13,6.5,565,"action thriller sciencefiction paris bomb vororte dystopia parkour gang undercovercop set in the ghettos of paris in 2010, an undercover cop and ex-thug try to infiltrate a gang in order to defuse a neutron bomb. welcome to district b13. welcome to the future"
262543,49.808505,0,110.0,automata,5.6,670,"thriller sciencefiction artificialintelligence rain future dystopia robot ecology desert childhitman jacq vaucan, an insurance agent of roc robotics corporation, routinely investigates the case of manipulating a robot. what he discovers will have profound consequences for the future of humanity. your time is coming to an end – ours is now beginning"
137,52.744331,70906973,101.0,groundhog day,7.4,2301,"romance fantasy drama comedy dejavu groundhog weatherforecast telecaster pennsylvania alarmclock winter timewarp timeloop cultfilm existentialism groundhogday a narcissistic tv weatherman, along with his attractive-but-distant producer and mawkish cameraman, is sent to report on groundhog day in the small town of punxsutawney, where he finds himself repeating the same day over and over. he's having the worst day of his life... over, and over..."
264999,29.660993,122513057,115.0,magic mike xxl,6.3,706,"comedy drama music malefriendship stripclub roadtrip striptease strip three years after mike bowed out of the stripper life at the top of his game, he and the remaining kings of tampa hit the road to myrtle beach to put on one last blow-out performance. back to the grind."
454,41.493042,147298761,120.0,romeo + juliet,6.7,1374,"drama romance shakespeare forbiddenlove gunviolence starcrossedlovers shakespeareinmoderndress teenageromance masquerade shakespeare'sromeoandjuliet gangstergrip in director baz luhrmann's contemporary take on william shakespeare's classic tragedy, the montagues and capulets have moved their ongoing feud to the sweltering suburb of verona beach, where romeo and juliet fall in love and secretly wed. though the film is visually modern, the bard's dialogue remains. my only love sprung from my only hate."
33,37.380435,159157447,131.0,unforgiven,7.7,1113,"western prostitute sheriff bounty regret rightandjustice revenge mutilation onelastjob reputation englishman william munny is a retired, once-ruthless killer turned gentle widower and hog farmer. to help support his two motherless children, he accepts one last bounty-hunter mission to find the men who brutalized a prostitute. joined by his former partner and a cocky greenhorn, he takes on a corrupt sheriff. some legends will never be forgotten. some wrongs can never be forgiven."
12405,59.258969,377910544,120.0,slumdog millionaire,7.6,2827,"drama romance slum indianlead cheating suspicion gameshow orphan duringcreditsstinger jamal malik is an impoverished indian teen who becomes a contestant on the hindi version of ‘who wants to be a millionaire?’ but, after he wins, he is suspected of cheating. what does it take to find a lost love? a. money, b. luck, c. smarts, d. destiny"
114,45.473484,463000000,119.0,pretty woman,7.0,1746,"romance comedy prostitute capitalism cinderella expensiverestaurant sportscar workaholic fireescape friendship losangeles piano when millionaire wheeler-dealer edward lewis enters a business contract with hollywood hooker vivian ward, he loses his heart in the bargain in this charming romantic comedy. after edward hires vivian as his date for a week and gives her a cinderella makeover, she returns the favor by mellowing the hardnosed tycoon's outlook. can the poor prostitute and the rich capitalist live happily ever after? who knew it was so much fun to be a hooker?"
691,27.17347,185438673,125.0,the spy who loved me,6.6,507,adventure action thriller londonengland submarine england assassination spy cairo terrorist egypt massmurder pyramid russia plannedmurder secretintelligenceservice kgb villain nuclearmissile tanker sphinx sardinien warhead jetski utopia murder shark killer britishsecretservice skiing russian and british submarines with nuclear missiles on board both vanish from sight without a trace. england and russia both blame each other as james bond tries to solve the riddle of the disappearing ships. but the kgb also has an agent on the case. it's the biggest. it's the best. it's bond. and b-e-y-o-n-d.
71688,23.3784,114956699,105.0,the iron lady,6.2,527,"history drama capitalism primeminister argentina margaretthatcher britishoverseasterritory warpropaganda britishpolitics britishprimeminister femalepolitician falklandswar politicalleader femaleprimeminister rightwing falklands womandirector 1980s a look at the life of margaret thatcher, the former prime minister of the united kingdom, with a focus on the price she paid for power. never compromise"
142,44.135568,178043761,134.0,brokeback mountain,7.5,1480,drama romance gay countryside homophobia lossoflover wyoming rodeo fathermurder horsebackriding intolerance daughter marriagecrisis secretlove cowboy starcrossedlovers brokeback mountain is an ang lee film about two modern day cowboys who meet on a shepherding job in the summer of ’63. the two share a raw and powerful summer together that turns into a life long relationship conflicting with the lives they are supposed to live. love is a force of nature.
9603,16.051328,0,97.0,clueless,6.9,803,"comedy drama romance puberty highschool makeamatch spoiledchild gayinterest conflict womandirector shallow, rich and socially successful cher is at the top of her beverly hills high school's pecking scale. seeing herself as a matchmaker, cher first coaxes two teachers into dating each other. emboldened by her success, she decides to give hopelessly klutzy new student tai a makeover. when tai becomes more popular than she is, cher realizes that her disapproving ex-stepbrother was right about how misguided she was -- and falls for him. sex. clothes. popularity. is there a problem here?"
86838,32.306455,19422261,110.0,seven psychopaths,6.7,1206,comedy crime suicide alcohol sex screenwriter underworld fight kidnapping party murder scam losangeles gangster explosion criminal shihtzu struggling a struggling screenwriter inadvertently becomes entangled in the los angeles criminal underworld after his oddball friends kidnap a gangster's beloved shih tzu. they won't take any shih tzu.
613,32.445895,92180910,156.0,downfall,7.7,1037,"drama history war berlin poison dictator clerk ideology worldwarii traitor despair destroy testament capitulation soviettroops racepolitics nationalsocialism adolfhitler ultimatevictory minister nationalsocialistparty dyinganddeath historicalfigure germanshepherd in april of 1945, germany stands at the brink of defeat with the russian army closing in from the east and the allied expeditionary force attacking from the west. in berlin, capital of the third reich, adolf hitler proclaims that germany will still achieve victory and orders his generals and advisers to fight to the last man. when the end finally does come, and hitler lies dead by his own hand, what is left of his military must find a way to end the killing that is the battle of berlin, and lay down their arms in surrender. april 1945, a nation awaits its...downfall"
97370,29.782161,5380251,108.0,under the skin,6.0,1102,"thriller sciencefiction drama malenudity scotland edinburgh alien verylittledialogue jonathan glazer's atmospheric, visually arresting abstraction stars scarlett johansson as a seductive alien who prowls the streets of glasgow in search of prey: unsuspecting men who fall under her spell, only to be consumed by a strange liquid pool. a mysterious seductress preys upon the population of scotland"
801,18.362333,123922370,121.0,"good morning, vietnam",7.1,642,"comedy drama war rockandroll radiostation warcrimes entertainer explosive cynic radio vietnamwar vietcong gi u.s.airforce dyinganddeath radiopresenter humor saigon provocation rightandjustice radio funny man adrian cronauer is sent to vietnam to bring a little comedy back into the lives of the soldiers. after setting up shop, cronauer delights the g.i.s but shocks his superior officer, sergeant major dickerson, with his irreverent take on the war. while dickerson attempts to censor cronauer's broadcasts, cronauer pursues a relationship with a vietnamese girl named trinh, who shows him the horrors of war first-hand. time to rock it from the delta to the dmz!"
44214,91.285683,327803731,108.0,black swan,7.3,4430,"drama thriller dancing competition sex dancer obsession paranoia insanity suspense ballet newyorkcity heartbreak mentalillness madness swanlake ballerina bodyhorror a ballet dancer wins the lead in ""swan lake"" and is perfect for the role of the delicate white swan - princess odette - but slowly loses her mind as she becomes more and more like odile, the black swan. in the era of personal branding, the scariest possibility is that someone might be better at being you than you are."
240,105.792936,47542841,200.0,the godfather: part ii,8.3,3338,"drama crime italo-american cuba vororte melancholy praise revenge mafia lawyer blood corruptpolitician bloodybodyofchild manpuncheswoman in the continuing saga of the corleone crime family, a young vito corleone grows up in sicily and in 1910s new york. in the 1950s, michael corleone attempts to expand the family business into las vegas, hollywood and cuba. i don't feel i have to wipe everybody out, tom. just my enemies."
8859,25.316146,73180723,83.0,"dude, where’s my car?",5.2,509,"comedy dude amnesia idiot auto friendship cannabis hangover spoof teenager drug alcoholabuse celebration car duringcreditsstinger child jesse and chester, two bumbling stoners, wake up one morning from a night of partying and cannot remember where they parked their car. they encounter a variety of people while looking for it, including their angry girlfriends, an angry street gang, a transexual stripper, a cult of alien seeking fanatics, and aliens in human form looking for a mystical device that could save or destroy the world. after a night they can't remember, comes a day they'll never forget."
239563,43.791745,54837234,102.0,st. vincent,7.1,763,"comedy babysitter friendship neighbor divorce childofdivorce a young boy whose parents just divorced finds an unlikely friend and mentor in the misanthropic, bawdy, hedonistic, war veteran who lives next door. love thy neighbor"
4951,54.550275,53478166,97.0,10 things i hate about you,7.3,1701,"comedy romance drama shakespeare sister highschool cannabis deception teenmovie shrew archery feel-goodending oppositesattract duringcreditsstinger teenageromance playadaptation overprotectivefather bianca, a tenth grader, has never gone on a date, but she isn't allowed to go out with boys until her older sister kat gets a boyfriend. the problem is, kat rubs nearly everyone the wrong way. but bianca and the guy she has her eye on, joey, are eager, so joey fixes kat up with patrick, a new kid in town just bitter enough for kat. how do i loathe thee? let me count the ways."
332567,60.829621,119100758,86.0,the shallows,6.2,1567,"horror drama thriller mexico beach surfer island survival youngwoman shark greatwhiteshark trapped animalattack animalhorror prey an injured surfer stranded on a buoy needs to get back to shore, but the great white shark stalking her might have other ideas. what was once in the deep is now in the shallows."
1954,73.307513,96060858,113.0,the butterfly effect,7.3,2060,"sciencefiction thriller amnesia chaostheory blackout timetravel flashback a young man struggles to access sublimated childhood memories. he finds a technique that allows him to travel back into the past, to occupy his childhood body and change history. however, he soon finds that every change he makes has unexpected consequences. such minor changes, such huge consequences."
5876,37.104353,57096190,126.0,the mist,6.7,1399,"sciencefiction horror thriller fathersonrelationship monster supermarket fight artist fog bible spider survivor faith prayer bloodsplatter gore giantmonster blood anger thunderstorm after a violent storm, a dense cloud of mist envelops a small maine town, trapping artist david drayton and his five-year-old son in a local grocery store with other people. they soon discover that the mist conceals deadly horrors that threaten their lives, and worse, their sanity. belief divides them, mystery surrounds them, but fear changes everything."
264660,95.130041,36869414,108.0,ex machina,7.6,4737,"drama sciencefiction dancing artificialintelligence distrust isolation technology manipulation friendship deception laboratory robot poweroutage surveillancecamera consciousness existentialism lockdown philosophical robothumanrelationship turingtest cybernetics caleb, a 26 year old coder at the world's largest internet company, wins a competition to spend a week at a private mountain retreat belonging to nathan, the reclusive ceo of the company. but when caleb arrives at the remote location he finds that he will have to participate in a strange and fascinating experiment in which he must interact with the world's first true artificial intelligence, housed in the body of a beautiful robot girl. there is nothing more human than the will to survive"
492,27.546914,22863596,112.0,being john malkovich,7.3,1101,"fantasy drama comedy individual transvestism sexualidentity witch identity subconsciousness newidentity pet chimp puppeteer appropriationofanotherhumanbeing externallycontrolledaction marriedcouple brain petshop door secretlove spike jonze’s debut feature film is a love story mix of comedy and fantasy. the story is about an unsuccessful puppeteer named craig, who one day at work finds a portal into the head of actor john malkovich. the portal soon becomes a passion for anybody who enters it’s mad and controlling world of overtaking another human body. ever wanted to be someone else? now you can."
1251,24.47248,68673228,141.0,letters from iwo jima,7.2,541,"action adventure drama war worldwarii cave dyinganddeath pacifictheater japanesearmy imperialjapan the story of the battle of iwo jima between the united states and imperial japan during world war ii, as told from the perspective of the japanese who fought it. the battle of iwo jima seen through the eyes of the japanese soldiers."
264644,66.11334,35401758,117.0,room,8.1,2757,drama thriller basedonnovel carpet isolation kidnapping imprisonment grandparents escape hospital dog captive mothersonrelationship shed skylight jack is a young boy of 5 years old who has lived all his life in one room. he believes everything within it are the only real things in the world. but what will happen when his ma suddenly tells him that there are other things outside of room? love knows no boundaries
107811,35.522027,48065672,93.0,21 & over,5.7,737,"comedy alcohol birthday debauchery brilliant student jeff chang has the most important interview of his life tomorrow.  but today is still his birthday, what starts off as a casual celebration with friends evolves into a night of debauchery that risks to derail his life plan. finally."
84892,43.444135,33400000,102.0,the perks of being a wallflower,7.7,2968,"drama romance shyness secret narration kiss freshman comingofage teenageboy highschoolstudent firstlove auntnephewrelationship gayleadcharacter santahat lgbtteen auntnephewincest basedonyoungadultnovel a coming-of-age story based on the best-selling novel by stephen chbosky, which follows 15-year-old freshman charlie, an endearing and naive outsider who is taken under the wings of two seniors. a moving tale of love, loss, fear and hope - and the unforgettable friends that help us through life. we are infinite."
59678,30.952377,3964682,88.0,attack the block,6.3,733,action comedy sciencefiction streetgang fireworks chase meteor playground arrest cannabis moped carsetonfire carcrash alien socialsatire crime race naivechildren a teen gang in a grim south london housing estate must team up with the other residents to protect their neighbourhood from a terrifying alien invasion. inner city vs. outer space
158011,34.532418,68572378,94.0,the call,6.6,1257,"crime thriller underground gasstation kidnapping murder suspense serialkiller americanflag multiplestabbings violence persononfire cellphone psycho jordan turner is an experienced 911 operator but when she makes an error in judgment and a call ends badly, jordan is rattled and unsure if she can continue. but when teenager casey welson is abducted in the back of a man's car and calls 911, jordan is the one called upon to use all of her experience, insights and quick thinking to help casey escape, and not just to save her, but to make sure the man is brought to justice. there are 188 million 911 calls a year. this one made it personal."
8952,19.664699,10652035,98.0,i love you phillip morris,6.4,503,"comedy drama romance judge smalltown conman fraud jail whitecollarcriminal steve russell is a small-town cop. bored with his bland lifestyle, russell turns to fraud as a means of shaking things up. before long, russell's criminal antics have landed him behind bars, where he encounters the charismatic phillip morris. smitten, russell devotes his entire life to being with morris regardless of the consequences. the conman who wouldn't go straight."
319,35.268557,12281551,120.0,true romance,7.5,749,"action thriller crime romance fathersonrelationship filmproducer mexicanstandoff lossoffather cocaine love mafia losangeles drug illegalprostitution gunviolence clarence marries hooker alabama, steals cocaine from her pimp, and tries to sell it in hollywood, while the owners of the coke try to reclaim it. stealing, cheating, killing. who said romance was dead?"
6615,15.817096,11293663,106.0,lars and the real girl,7.1,509,"comedy romance drama garage lonewolf dyinganddeath loss delusion puppet doll sometimes you find love where you'd least expect it. just ask lars, a sweet but quirky guy who thinks he's found the girl of his dreams in a life-sized doll named bianca. lars is completely content with his artificial girlfriend, but when he develops feelings for margo, an attractive co-worker, lars finds himself lost in a unique love triangle, hoping to somehow discover the real meaning of true love. the search for true love begins outside the box."
14574,34.821223,20416563,94.0,the boy in the striped pyjamas,7.7,1451,"war drama nationalism concentrationcamp worldwarii gaschamber nazis concentrationcampprisoner when his family moves from their home in berlin to a strange new house in poland, young bruno befriends shmuel, a boy who lives on the other side of the fence where everyone seems to be wearing striped pajamas. unaware of shmuel's fate as a jewish prisoner or the role his own nazi father plays in his imprisonment, bruno embarks on a dangerous journey inside the camp's walls. lines may divide us, but hope will unite us."
23631,26.396191,31327899,105.0,machete,6.3,1150,"action comedy thriller illegalimmigration immigrationlaw machete politician deathofachild hardtokill brutaldeath after being set-up and betrayed by the man who hired him to assassinate a texas senator, an ex-federale launches a brutal rampage of revenge against his former boss. he was given an offer he couldn't refuse..."
12144,28.670193,84460846,69.0,the land before time,7.0,640,"animation adventure family vulkan lossofmother tyrannosaurusrex earthquake primitivetime dinosaur an orphaned brontosaurus named littlefoot sets off in search of the legendary great valley. a land of lush vegetation where the dinosaurs can thrive and live in peace. along the way he meets four other young dinosaurs, each one a different species, and they encounter several obstacles as they learn to work together in order to survive. a new adventure is born."
9552,47.584643,441306145,122.0,the exorcist,7.5,2005,"drama horror thriller exorcism holywater religionandsupernatural vomit christian possession profanity priest ouijaboard satan paranormalphenomena girl demon stronglanguage disturbedchild crisisoffaith sfx 12-year-old regan macneil begins to adapt an explicit new personality as strange events befall the local area of georgetown. her mother becomes torn between science and superstition in a desperate bid to save her daughter, and ultimately turns to her last hope: father damien karras, a troubled priest who is struggling with his own faith. something almost beyond comprehension is happening to a girl on this street, in this house... and a man has been sent for as a last resort. this man is the exorcist."
578,50.152327,470654000,124.0,jaws,7.5,2542,"horror thriller adventure fishing atlanticocean bathing shipwreck policechief ferryboat dyinganddeath dollyzoom shark greatwhiteshark animalhorror an insatiable great white shark terrorizes the townspeople of amity island, the police chief, an oceanographer and a grizzled shark hunter seek to destroy the bloodthirsty beast. don't go in the water."
2105,60.767168,235483004,95.0,american pie,6.4,2296,"comedy romance graduation innocence comingofage teenager highschoolstudent pie teencomedy teenagesexuality exchangestudent sittingonatoilet voyeurism virginity laxative promnight at a high-school party, four friends find that losing their collective virginity isn't as easy as they had thought. but they still believe that they need to do so before college. to motivate themselves, they enter a pact to all ""score."" by their senior prom. there's nothing like your first piece."
154,22.434102,96800000,113.0,star trek ii: the wrath of khan,7.3,675,action adventure sciencefiction thriller ussenterprise genesis asteroid selfsacrifice midlifecrisis terraforming simulator cadet radiation ussreliant cetialphav genetics spaceopera admiral james t. kirk is feeling old; the prospect of accompanying his old ship the enterprise on a two week cadet cruise is not making him feel any younger. but the training cruise becomes a a life or death struggle when khan escapes from years of exile and captures the power of creation itself. at the end of the universe lies the beginning of vengeance.
3049,41.249004,107217396,86.0,ace ventura: pet detective,6.4,1648,"comedy mystery dolphin mascot privatedetective pets he's ace ventura: pet detective. jim carrey is on the case to find the miami dolphins' missing mascot and quarterback dan marino. he goes eyeball to eyeball with a man-eating shark, stakes out the miami dolphins and woos and wows the ladies. whether he's undercover, under fire or underwater, he always gets his man . . . or beast! he's the best there is! (actually, he's the only one there is.)"
860,23.161754,79567667,114.0,wargames,7.0,504,"thriller sciencefiction videogame artificialintelligence fbi coldwar hacker prosecution norad government computer nuclearthreat high school student david lightman (matthew broderick) has a talent for hacking. but while trying to hack into a computer system to play unreleased video games, he unwittingly taps into the defense department's war computer and initiates a confrontation of global proportions! together with his girlfriend (ally sheedy) and a wizardly computer genius (john wood), david must race against time to outwit his opponent...and prevent a nuclear armageddon. is it a game, or is it real?"
9762,45.477802,114194847,104.0,step up,6.7,1060,"music drama romance crime dancing newlove dance baltimore artschool womandirector everyone deserves a chance to follow their dreams, but some people only get one shot. tyler gage is a rebel from the wrong side of baltimore's tracks and the only thing that stands between him and an unfulfilled life are his dreams of one day making it out of there. nora is a privileged ballet dancer attending baltimore's ultra-elite maryland school of the arts every second chance begins with a first step"
184,40.631671,39673162,154.0,jackie brown,7.3,1514,"comedy crime romance airport underworld armsdeal weapon police drug jackie brown is a flight attendant who gets caught in the middle of smuggling cash into the country for her gunrunner boss. when the cops try to use jackie to get to her boss, she hatches a plan—with help from a bail bondsman—to keep the money for herself. based on elmore leonard's novel “rum punch”. six players on the trail of a half a million in cash. there's only one question... who's playing who?"
76726,64.504747,145000000,84.0,chronicle,6.6,1935,"sciencefiction drama thriller seattle telekinesis friendship loneliness outcast comingofage student teenager superpower foundfootage aftercreditsstinger abuse bittersweet three high school students make an incredible discovery, leading to their developing uncanny powers beyond their understanding. as they learn to control their abilities and use them to their advantage, their lives start to spin out of control, and their darker sides begin to take over. what are you capable of?"
57214,49.070321,100000000,88.0,project x,6.5,1564,"comedy crime vandalism highschool swimmingpool party teenmovie teenager dog highschoolstudent fakedocumentary sexdoll lime underwaterphotography bouncycastle flashgrenade three high school seniors throw a party to make a name for themselves. as the night progresses, things spiral out of control as word of the party spreads. witness it"
222935,74.358971,307166834,125.0,the fault in our stars,7.6,3759,"romance drama amsterdam basedonnovel supportgroup cancer teenager starcrossedlovers teendrama oxygentank basedonyoungadultnovel despite the tumor-shrinking medical miracle that has bought her a few years, hazel has never been anything but terminal, her final chapter inscribed upon diagnosis. but when a patient named augustus waters suddenly appears at cancer kid support group, hazel's story is about to be completely rewritten. one sick love story"
205220,29.019504,100129872,98.0,philomena,7.4,579,"drama mother washingtond.c. journalist adoption forgiveness son faith search church ireland basedontrueevents nuns a woman searches for her adult son, who was taken away from her decades ago when she was forced to live in a convent. these two unlikely companions are on a journey to find her long lost son."
286565,64.610671,85512300,109.0,paper towns,6.1,1937,"drama mystery romance friendship highschool teenager classmate basedonyoungadultnovel quentin jacobsen has spent a lifetime loving the magnificently adventurous margo roth spiegelman from afar. so when she cracks open a window and climbs back into his life-dressed like a ninja and summoning him for an ingenious campaign of revenge-he follows. after their all-nighter ends and a new day breaks, q arrives at school to discover that margo, always an enigma, has now become a mystery. but q soon learns that there are clues-and they're for him. urged down a disconnected path, the closer he gets, the less q sees of the girl he thought he knew. get lost. get found."
129670,29.223881,17654912,115.0,nebraska,7.4,636,"drama adventure montana smalltown dementia aging roadtrip fword pickuptruck lincolnnebraska nebraska sweepstakes confrontingthepast an aging, booze-addled father takes a trip from montana to nebraska with his estranged son in order to claim what he believes to be a million-dollar sweepstakes prize. life's not about winning or losing. it's about how you get there in the end."
1948,47.992817,42931041,88.0,crank,6.6,1151,"action thriller crime poison helicopter assassin nudity hitman adrenalin fistfight swimmingpool revenge shootout motorcycle drug cellphone carchase thoughguy pharmacy defibrillation hospitalgown emergencyroom aftercreditsstinger sweatshop run epinephrine professional assassin chev chelios learns his rival has injected him with a poison that will kill him if his heart rate drops. there are a thousand ways to raise your adrenaline. today, chev chelios will need every single one."
387,26.967494,85000000,149.0,das boot,7.9,613,"action drama history war adventure terror submarine basedonnovel atlanticocean gibraltar worldwarii duty warcorrespondent torpedo drinking sailor convoy uboat destroyer depthcharge comrade germansubmarine navalbattle periscope suicidalmission a german submarine hunts allied ships during the second world war, but it soon becomes the hunted. the crew tries to survive below the surface, while stretching both the boat and themselves to their limits. when the hunters become the hunted"
122906,74.817641,87100449,123.0,about time,7.8,2067,"comedy drama sciencefiction londonengland fathersonrelationship timetravel the night after another unsatisfactory new year party, tim's father tells his son that the men in his family have always had the ability to travel through time. tim can't change history, but he can change what happens and has happened in his own life – so he decides to make his world a better place... by getting a girlfriend. sadly, that turns out not to be as easy as he thinks. what if every moment in life came with a second chance?"
227719,32.940597,32248241,106.0,project almanac,6.4,933,"sciencefiction thriller timetravel timemachine teenager foundfootage a group of teens discover secret plans of a time machine, and construct one. however, things start to get out of control. today is better the second time around"
1255,27.65527,88489643,119.0,the host,6.7,537,"horror drama sciencefiction river mobilephone bravery archer daughter sewerage pollution formaldehyde snackbar family gang-du is a dim-witted man working at his father's tiny snack bar near the han river. one day, gang-du's one and only daughter hyun-seo comes back from school irritated. she is angry at her uncle, nam-il, who visited her school as her guardian shamelessly drunk. ignoring her father's excuses for nam-il, hyun-seo is soon engrossed in her aunt nam-joo's archery tournament on tv. meanwhile, outside of the snack bar, people are fascinated by an unidentified object hanging onto a bridge. in an instant, the object reveals itself as a terrifying creature turning the riverbank into a gruesome sea of blood¡¦ amid the chaos, hyun-seo is helplessly snatched up by the creature right before gang-du's eyes. these unforeseen circumstances render the government powerless to act. but receiving a call of help from hyun-seo, the once-ordinary citizen gang-du and his family are thrust into a battle with the monster to rescue their beloved hyun-seo. monsters are real."
1255,27.65527,88489643,119.0,the host,6.7,537,"horror drama sciencefiction river mobilephone bravery archer daughter sewerage pollution formaldehyde snackbar family gang-du is a dim-witted man working at his father's tiny snack bar near the han river. one day, gang-du's one and only daughter hyun-seo comes back from school irritated. she is angry at her uncle, nam-il, who visited her school as her guardian shamelessly drunk. ignoring her father's excuses for nam-il, hyun-seo is soon engrossed in her aunt nam-joo's archery tournament on tv. meanwhile, outside of the snack bar, people are fascinated by an unidentified object hanging onto a bridge. in an instant, the object reveals itself as a terrifying creature turning the riverbank into a gruesome sea of blood¡¦ amid the chaos, hyun-seo is helplessly snatched up by the creature right before gang-du's eyes. these unforeseen circumstances render the government powerless to act. but receiving a call of help from hyun-seo, the once-ordinary citizen gang-du and his family are thrust into a battle with the monster to rescue their beloved hyun-seo. monsters are real."
179144,32.523573,8371085,142.0,the great beauty,7.3,720,"comedy drama alcohol rome vatican basedonnovel birthday nightclub nudity artist beauty party love church art drug jep gambardella has seduced his way through the lavish nightlife of rome for decades, but after his 65th birthday and a shock from the past, jep looks past the nightclubs and parties to find a timeless landscape of absurd, exquisite beauty. "
86825,27.322212,12077441,99.0,stoker,6.5,882,"drama horror thriller mystery after india's father dies, her uncle charlie, who she never knew existed, comes to live with her and her unstable mother. she comes to suspect this mysterious, charming man has ulterior motives and becomes increasingly infatuated with him. innocence ends."
26466,25.496926,0,99.0,triangle,6.9,612,"horror ocean florida autism key yacht ax ship ghostship murder timeloop maskedkiller blood storm throatslitting singlemother heavyrain axemurder caribbean attemptedstrangulation the story revolves around the passengers of a yachting trip in the atlantic ocean who, when struck by mysterious weather conditions, jump to another ship only to experience greater havoc on the open seas. a passage to hell"
107,53.595686,83557872,103.0,snatch,7.7,2912,"thriller crime gypsy bareknuckleboxing slang trailerpark pig sport receivingofstolengoods cockneyaccent diamond pikey the second film from british director guy ritchie. snatch tells an obscure story similar to his first fast-paced crazy character-colliding filled film “lock, stock and two smoking barrels.” there are two overlapping stories here – one is the search for a stolen diamond, and the other about a boxing promoter who’s having trouble with a psychotic gangster. stealin' stones and breakin' bones."
927,45.072136,153083102,106.0,gremlins,6.9,1596,"fantasy horror comedy holiday monster smalltown departmentstore barsandrestaurants humananimalrelationship pet sunlight chainsaw salesperson midnight fur banking puppet skunk kidsandfamily gremlin ymca when billy peltzer is given a strange but adorable pet named gizmo for christmas, he inadvertently breaks the three important rules of caring for a mogwai, and unleashes a horde of mischievous gremlins on a small town. don't get him wet, keep him out of bright light, and never feed him after midnight."
11,126.393695,775398007,121.0,star wars,8.1,6624,"adventure action sciencefiction android galaxy hermit deathstar lightsaber jedi rescuemission empire rebellion planet smuggler theforce spaceopera galacticwar stormtrooper totalitarianism princess leia is captured and held hostage by the evil imperial forces in their effort to take over the galactic empire. venturesome luke skywalker and dashing captain han solo team together with the loveable robot duo r2-d2 and c-3po to rescue the beautiful princess and restore peace and justice in the empire. a long time ago in a galaxy far, far away..."
291870,56.805781,94073028,102.0,dirty grandpa,5.7,1406,"comedy grandfathergrandsonrelationship grandfather roadtrip wedding retired pervert armygeneral sexcomedy jason kelly is one week away from marrying his boss's uber-controlling daughter, putting him on the fast track for a partnership at the law firm. however, when the straight-laced jason is tricked into driving his foul-mouthed grandfather, dick, to daytona for spring break, his pending nuptials are suddenly in jeopardy. between riotous frat parties, bar fights, and an epic night of karaoke, dick is on a quest to live his life to the fullest and bring jason along for the ride. this is jason. he's a little worried about his grandpa."
11887,21.801188,0,116.0,high school musical 3: senior year,6.2,821,"comedy drama family music romance musical music highschool comingofage teenager highschoolstudent duringcreditsstinger it's almost graduation day for high school seniors troy, gabriella, sharpay, chad, ryan and taylor ― and the thought of heading off in separate directions after leaving east high has these wildcats thinking they need to do something they'll remember forever. together with the rest of the wildcats, they stage a spring musical reflecting their hopes and fears about the future and their unforgettable experiences growing up together. but with graduation approaching and college plans in question, what will become of the dreams, romances, and friendships of east high's senior wildcats? "
45317,31.019381,93617009,116.0,the fighter,7.2,1486,"drama sport irishamerican documentarycrew lowellmassachusetts bluecollarworker churchbells documentaryfilmmaking boxershorts jumpingrope shadowboxing duringcreditsstinger the fighter, is a drama about boxer ""irish"" micky ward's unlikely road to the world light welterweight title. his rocky-like rise was shepherded by half-brother dicky, a boxer-turned-trainer who rebounded in life after nearly being ko'd by drugs and crime. every dream deserves a fighting chance."
249164,31.162838,78874843,106.0,if i stay,7.3,1368,"drama coma musician teenagegirl caraccident teenager outofbodyexperience teendrama basedonyoungadultnovel based on gayle forman's novel of the same name. ""if i stay"" is the story of the gifted classical musician mia and her boyfriend, adam, an up and coming indie-rock star. torn between two paths in life, her art or her relationship, mia is forced to make an even starker choice between life and death when she is caught in a fatal car accident with her family one snowy morning in oregon. live for love."
1817,38.018085,97837138,81.0,phone booth,6.7,1062,"thriller drama terrorist phonebooth psychopath a slick new york publicist who picks up a ringing receiver in a phone booth is told that if he hangs up, he'll be killed... and the little red light from a laser rifle sight is proof that the caller isn't kidding. no options. no lies. no fear. no deals. just keep talking."
10229,33.283554,41227069,101.0,a walk to remember,7.5,1018,"drama romance basedonnovel theatregroup northcarolina theatremilieu highschool cancer comingofage tragiclove teenager starcrossedlovers when the popular, restless landon carter is forced to participate in the school drama production he falls in love with jamie sullivan, the daughter of the town's minister. jamie has a ""to-do"" list for her life and also a very big secret she must keep from landon. she didn't belong. she was misunderstood. and she would change him forever."
796,23.449703,75902208,97.0,cruel intentions,6.6,827,"drama romance thriller upperclass sexualobsession sex bet sadistic drugabuse brothersisterrelationship cynic cocaine virgin manipulation seduction loveletter privateschool innocence addiction love psychotherapy slaking a thirst for dangerous games, kathryn challenges her stepbrother, sebastian, to deflower their headmaster's daughter before the summer ends. if he succeeds, the prize is the chance to bed kathryn. but if he loses, kathryn will claim his most prized possession. in the game of seduction, there is only one rule: never fall in love."
22804,31.900899,68233629,90.0,saw vi,6.0,722,"horror mystery aftercreditsstinger special agent strahm is dead, and detective hoffman has emerged as the unchallenged successor to jigsaw's legacy. however, when the fbi draws closer to hoffman, he is forced to set a game into motion, and jigsaw's grand scheme is finally understood. the game has come full circle"
167073,39.337949,62076141,111.0,brooklyn,7.2,1213,"drama romance lovetriangle basedonnovel homesickness vororte ship community marriage workingclass boardinghouse ireland brooklynnewyorkcity journey duallife irishimmigrant 1950s in 1950s ireland and new york, young ellis lacey has to choose between two men and two countries. two countries, two loves, one heart"
3175,29.543331,20000000,184.0,barry lyndon,7.7,505,"drama romance war palace britisharmy fencing epic debt ireland britishsoldier sevenyearswar nobility prussia in the eighteenth century, in a small village in ireland, redmond barry is a young farm boy in love with his cousin nora brady. when nora engages to the british captain john quin, barry challenges him for a duel of pistols. he wins and escapes to dublin, but is robbed on the road. without any other alternative, barry joins the british army to fight in the seven years war. at long last redmond barry became a gentleman - and that was his tragedy."
766,33.758281,0,81.0,army of darkness,7.3,838,"fantasy horror comedy prophecy witch swordplay supermarket castle catapult chainsaw timeframe skeleton pit windmill incantation timetravel undead knight zombie middleages goodandbad necronomicon doppelganger a man is accidentally transported to 1300 a.d., where he must battle an army of the dead and retrieve the necronomicon so he can return home. trapped in time. surrounded by evil. low on gas."
1587,33.282794,30000000,118.0,what's eating gilbert grape,7.5,919,"romance drama brotherbrotherrelationship mentallydisabled iowa widow dysfunctionalfamily independentfilm gilbert has to care for his brother arnie and his obese mother, which gets in the way when love walks into his life. a film about the love you find...in the last place you look."
86829,36.319205,32935319,105.0,inside llewyn davis,7.2,834,"drama music folkmusic performance aspiringsinger newyorkcity recording merchantmarine 1960s in greenwich village in the early 1960s, gifted but volatile folk musician llewyn davis struggles with money, relationships, and his uncertain future following the suicide of his singing partner. "
11917,32.943848,113857533,92.0,saw v,5.9,820,"horror thriller crime bloodsplatter serialkiller pigmask nazi jigsaw swastikatattoo detective hoffman is seemingly the last person alive to carry on the jigsaw legacy. but when his secret is threatened, he must go on the hunt to eliminate all the loose ends. you won't believe how it ends"
80271,31.763201,0,97.0,lol,5.9,881,"drama comedy romance comingofage motherdaughterrelationship teenmovie teenager basedonfilm workingmom womandirector in a world connected by youtube, itunes, and facebook, lola and her friends navigate the peer pressures of high school romance and friendship while dodging their sometimes overbearing and confused parents. when lola's mom, anne, ""accidentally"" reads her teenage daughter's racy journal, she realizes just how wide their communication gap has grown. you can change your status, but not your heart."
62,86.201184,68700000,149.0,2001: a space odyssey,7.9,2998,"sciencefiction mystery adventure moon jupiter artificialintelligence manvsmachine technology supercomputer humanbeing spacetravel spacemission moonbase astronaut evolution monolith spacestation humanity finds a mysterious object buried beneath the lunar surface and sets off to find its origins with the help of hal 9000, the world's most advanced super computer. an epic drama of adventure and exploration"
601,56.105798,792910554,115.0,e.t. the extra-terrestrial,7.3,3269,"sciencefiction adventure family fantasy farewell homesickness nasa extraterrestrialtechnology operation spacemarine lossoffather hidingplace ridingabicycle flyingsaucer prosecution halloween flowerpot finger single after a gentle alien becomes stranded on earth, the being is discovered and befriended by a young boy named elliott. bringing the extraterrestrial into his suburban california house, elliott introduces e.t., as the alien is dubbed, to his brother and his little sister, gertie, and the children decide to keep its existence a secret. soon, however, e.t. falls ill, resulting in government intervention and a dire situation for both elliott and the alien. he is afraid. he is alone. he is three million light years from home."
304410,25.302978,0,105.0,the bélier family,7.0,766,"comedy drama music deafness music comingofage teenagegirl singing family signlanguage the whole bélier family is deaf, except for sixteen year old paula who is the important translator in her parents' day to day life especially when it comes to matters concerning the family farm. when her music teacher discovers she has a fantastic singing voice and she gets an opportunity to enter a big radio france contest the whole family's future is set up for big changes. "
489,43.734886,225933435,126.0,good will hunting,7.9,2811,"drama baseball boston professor m.i.t. harvarduniversity ambition mathematics genius love friends janitor irish psychologist university courtroom flashback prodigy will hunting has a genius-level iq but chooses to work as a janitor at mit. when he solves a difficult graduate-level math problem, his talents are discovered by professor gerald lambeau, who decides to help the misguided youth reach his potential. when will is arrested for attacking a police officer, professor lambeau makes a deal to get leniency for him if he will get treatment from therapist sean maguire. some people can never believe in themselves, until someone believes in them."
214,33.124871,163876815,108.0,saw iii,6.1,1071,"horror thriller crime braintumor nudity suffocation mutilation severedfoot famoustheme shotintheface jigsaw has disappeared. along with his new apprentice amanda, the puppet-master behind the cruel, intricate games that have terrified a community and baffled police has once again eluded capture and vanished. while city detective scramble to locate him, doctor lynn denlon and jeff reinhart are unaware that they are about to become the latest pawns on his vicious chessboard. suffering? you haven't seen anything yet..."
1588,14.754281,90449929,98.0,bring it on,5.8,568,"comedy cheerleader sport highschool teenagegirl cheerleading cheeringcrowd duringcreditsstinger the toro cheerleading squad from rancho carne high school in san diego has got spirit, spunk, sass and a killer routine that's sure to land them the national championship trophy for the sixth year in a row. but for newly-elected team captain, the toros' road to total cheer glory takes a shady turn when she discovers that their perfectly-choreographed routines were in fact stolen. may the best moves win."
316727,53.727146,118587880,105.0,the purge: election year,6.1,1306,"action horror thriller dystopia sequel legalizedmurder two years after choosing not to kill the man who killed his son, former police sergeant leo barnes has become head of security for senator charlene roan, the front runner in the next presidential election due to her vow to eliminate the purge. on the night of what should be the final purge, a betrayal from within the government forces barnes and roan out onto the street where they must fight to survive the night. keep america great"
663,29.244768,139352633,93.0,saw iv,5.9,903,"horror thriller crime ice victim pain games psychopath blood electricchair doctor torture violence policeofficer fbiagent femalecorpse jigsaw and his apprentice amanda are dead. now, upon the news of detective kerry's murder, two seasoned fbi profilers, agent strahm and agent perez, arrive in the terrified community to assist the veteran detective hoffman in sifting through jigsaw's latest grisly remains and piecing together the puzzle. however, when swat commander rigg is abducted and thrust into a game, the last officer untouched by jigsaw has but ninety minutes to overcome a series of demented traps and save an old friend...or face the deadly consequences. you think it is over...but the games have just begun"
1970,35.695442,183474602,92.0,the grudge,5.8,865,"horror mystery thriller malenudity nurse japanese house remake curse oldwoman catatonia ghostchild remakeofjapanesefilm american nurse, karen davis moves to tokyo and encounters a vengeful supernatural spirit known as the grudge that often possesses its victims. when a series of horrifying and mysterious deaths occur – with the spirit passing its curse onto each victim - karen must find away to break the spell before she becomes the spirit's next victim. it never forgives. it never forgets."
9614,26.598884,41205099,92.0,happy gilmore,6.5,755,"comedy lossofmother lossoffather golf sport taxes failed hockey player-turned-golf whiz happy gilmore -- whose unconventional approach and antics on the grass courts the ire of rival shooter mcgavin -- is determined to win a pga tournament so he can save his granny's house with the prize money. meanwhile, an attractive tour publicist tries to soften happy's image. he doesn't play golf... he destroys it."
8922,23.316208,59217789,90.0,jeepers creepers,6.1,720,"horror thriller massmurder song brother sister aftercreditsstinger a college-age brother and sister get more than they bargained for on their road trip home from spring break. when the bickering siblings witness a creepy truck driver tossing body bags into a sewer near an abandoned church, they investigate. bad move! opening a pandora's box of unspeakable evil, the pair must flee for their lives -- with a monstrous ""shape"" in hot pursuit. what’s eating you?"
9355,36.582038,36230219,107.0,mad max beyond thunderdome,5.9,748,"action adventure sciencefiction arena sandstorm dystopia oasis sequel postnuclear ozploitation mad max becomes a pawn in a decadent oasis of a technological society, and when exiled, becomes the deliverer of a colony of children. two men enter. one man leaves."
10999,34.224204,57500000,90.0,commando,6.4,742,"action adventure thriller kidnapping lonewolf daughter father rescuemission john matrix, the former leader of a special commando strike force that always got the toughest jobs done, is forced back into action when his young daughter is kidnapped. to find her, matrix has to fight his way through an array of punks, killers, one of his former commandos, and a fully equipped private army. with the help of a feisty stewardess and an old friend, matrix has only a few hours to overcome his greatest challenge: finding his daughter before she's killed. somewhere... somehow... someone's going to pay."
321258,38.179483,64188367,97.0,the boy,5.8,1102,"horror mystery thriller suicide england fire countryhouse shower nanny mask boy murder mansion violence doll burnvictim secretpassageway brokenmirror lossofachild a nanny, working for a family whose son has just passed away, finds herself put in charge of caring for a lifelike doll that the couple treat as a real child. every child needs to feel loved."
44040,30.934688,33583175,80.0,devil,5.8,816,horror mystery thriller claustrophobia trappedinanelevator a group of people trapped in a elevator realizes that the devil is among them. bad things happen for a reason
280092,45.946524,104303851,97.0,insidious: chapter 3,6.2,983,"drama horror thriller sequel a twisted new tale of terror begins for a teenage girl and her family, predating the haunting of the lambert family in the earlier movies and revealing more mysteries of the otherworldly realm the further. this is how you die"
1832,14.543435,30652890,130.0,dogma,6.8,823,"fantasy comedy adventure angel wisconsin churchservice church aftercreditsstinger duringcreditsstinger the latest battle in the eternal war between good and evil has come to new jersey in the late, late 20th century. angels, demons, apostles and prophets (of a sort) walk among the cynics and innocents of america and duke it out for the fate of humankind. it can be hell getting into heaven"
294272,31.974359,143695338,102.0,pete's dragon,6.2,679,"adventure family fantasy feralchild remake dragon orphan 1980s liveactionandanimation pete is a mysterious 10-year-old with no family and no home who claims to live in the woods with a giant, green dragon named elliott. with the help of natalie, an 11-year-old girl whose father jack owns the local lumber mill, forest ranger grace sets out to determine where pete came from, where he belongs, and the truth about this dragon. some secrets are too big to keep."
283445,26.090495,52882018,97.0,sinister 2,5.4,581,"horror hauntedhouse sequel twins a young mother and her twin sons move into a rural house that's marked for death. be careful, children at play."
11545,18.289303,17096053,93.0,rushmore,7.5,676,"comedy drama privateschool lonewolf theatreplay theatregroup theatredirector independentfilm when a beautiful first-grade teacher arrives at a prep school, she soon attracts the attention of an ambitious teenager named max, who quickly falls in love with her. max turns to the father of two of his schoolmates for advice on how to woo the teacher. however, the situation soon gets complicated when max's new friend becomes involved with her, setting the two pals against one another in a war for her attention. love. expulsion. revolution."
42684,26.268209,66821036,100.0,skyline,4.7,507,"sciencefiction missile light transformation low-budget alien fireplace losangeles cellphone rooftop duringcreditsstinger when strange lights descend on the city of los angeles, people are drawn outside like moths to a flame where an extraterrestrial force threatens to swallow the entire human population off the face of the earth. now the band of survivors must fight for their lives as the world unravels around them. don't look up"
9362,32.579697,48572000,96.0,tremors,6.6,864,"action horror nevada smalltown tractor stranded cultfavorite tentacle rural graboids seismologist binoculars maneatenbymonster giantworm hick handymen val mckee and earl bassett can barely eke out a living in the nevada hamlet of perfection, so they decide to leave town -- despite an admonition from a shapely seismology coed who's picking up odd readings on her equipment. before long, val and earl discover what's responsible for those readings: 30-foot-long carnivorous worms with a proclivity for sucking their prey underground. the monster movie that breaks new ground."
9902,33.555764,28650575,84.0,wrong turn,6.0,635,"horror thriller lifeanddeath deathofafriend partsofdeadbody chris crashes into a carload of other young people, and the group of stranded motorists is soon lost in the woods of west virginia, where they're hunted by three cannibalistic mountain men who are grossly disfigured by generations of inbreeding. it's the last one you'll ever take."
103731,17.663353,21587700,130.0,mud,7.0,1068,drama river snake arkansas fugitive riverboat two teenage boys encounter a fugitive and make a pact to help him escape from an island in the mississippi. 
328425,27.247013,58978653,108.0,the gift,6.7,1049,"thriller mystery detective stalker gift bully psychologicalthriller a husband and wife try to reinvigorate their relationship but their lives are threatened by a ""friend"" from the husband's past who holds a horrifying secret about him, sending their world into a tailspin. not every gift is welcome."
1542,18.366362,12827813,89.0,office space,7.4,1050,comedy crime suburbia downsizing softwareengineer burnout dallastexas beachresort coworkerrelationship laziness duringcreditsstinger businessrivalry three office workers strike back at their evil employers by hatching a hapless attempt to embezzle money. work sucks.
87093,28.570174,28883511,105.0,big eyes,6.8,1196,"drama wifehusbandrelationship artist courtcase the story of the awakening of the painter, margaret keane, her phenomenal success in the 1950s, and the subsequent legal difficulties she had with her husband, who claimed credit for her works in the 1960s. she created it. he sold it. and they bought it."
87818,35.350303,32438988,90.0,movie 43,4.4,797,"comedy slapstick ensemblecast duringcreditsstinger womandirector laxative the film is composed of multiple comedy shorts presented through an overarching segment titled ""the pitch"", in which charlie wessler, a mad screenwriter, is attempting to pitch a script to film executive griffin schraeder. after revealing several of the stories in his script, wessler becomes agitated when schraeder dismisses his outrageous ideas, and he pulls a gun on him and forces him to listen to multiple other stories before making schraeder consult his manager, bob mone, to purchase the film. the biggest cast ever assembled for the most outrageous comedy ever made."
88005,30.863082,9636289,101.0,seeking a friend for the end of the world,6.3,700,"comedy drama romance sciencefiction asteroid roadtrip endoftheworld womandirector as an asteroid nears earth, a man finds himself alone after his wife leaves in a panic. he decides to take a road trip to reunite with his high school sweetheart. accompanying him is a neighbor who inadvertently puts a wrench in his plan. nice knowing you."
73,73.567232,23875127,119.0,american history x,8.2,3016,"drama usa neo-nazi prison skinhead brotherbrotherrelationship rape fascism brother basketball jail school swastika losangeles family hate neonazism xenophobia interracialfriendship nazism prisonrape derek vineyard is paroled after serving 3 years in prison for killing two thugs who tried to break into/steal his truck. through his brother, danny vineyard's narration, we learn that before going to prison, derek was a skinhead and the leader of a violent white supremacist gang that committed acts of racial crime throughout l.a. and his actions greatly influenced danny. reformed and fresh out of prison, derek severs contact with the gang and becomes determined to keep danny from going down the same violent path as he did. some legacies must end."
1640,28.223163,98410061,112.0,crash,7.2,1149,"drama racepolitics daughter installer police fall carcrash racism losangeles bigotry socialservices collision los angeles citizens with vastly separate lives collide in interweaving stories of race, loss and redemption. you think you know who you are. you have no idea."
16614,19.978021,17164377,107.0,adventureland,6.4,737,"comedy comedy cheatingonpartner amusementpark summerjob carny marijuanajoint baldness pickingone'snose recklessdriving reconciliation pushingacar marijuanapipe ticketbooth scene raisedmiddlefinger jobseeking leavinghome druggedcookie duringcreditsstinger youngadult 1980s in the summer of 1987, a college graduate takes a 'nowhere' job at his local amusement park, only to find it's the perfect course to get him prepared for the real world. nothing brings people together like a crappy summer job."
667,28.675891,111584787,117.0,you only live twice,6.5,531,action thriller adventure londonengland japan england assassination helicopter vulkan assassin asia secretidentity nasa island russia missile warship ninjafighter secretbase secretmission secretorganization secretintelligenceservice phantom villain sumoringer volcano funeral space soldier killer secretservice blast a mysterious space craft kidnaps a russian and american space capsule and brings the world on the verge of another world war. james bond investigates the case in japan and meets with his archenemy blofeld. the fifth film from the legendary james bond series starring sean connery as the british super agent. you only live twice...and twice is the only way to live!
62215,36.173598,21817298,136.0,melancholia,7.0,885,drama sciencefiction weddingreception poweroutage destructionofplanet weddingtoast two sisters find their already strained relationship challenged as a mysterious new planet threatens to collide with earth. enjoy it while it lasts
348,94.184658,104931801,117.0,alien,7.9,4470,"horror action thriller sciencefiction android countdown spacemarine spacesuit beheading dystopia biology cowardice spaceship space alien femaleprotagonist outerspace parasite h.r.giger xenomorph during its return to the earth, commercial spaceship nostromo intercepts a distress signal from a distant planet. when a three-member team of the crew discovers a chamber containing thousands of eggs on the planet, a creature inside one of the eggs attacks an explorer. the entire crew is unaware of the impending nightmare set to descend upon them when the alien parasite planted inside its unfortunate host is birthed. in space no one can hear you scream."
30497,29.262427,30859000,83.0,the texas chain saw massacre,7.2,590,horror gasstation texas van gore midnightmovie surpriseending shockintheend leatherface hitchhiker slaughterhouse slasher chainsaw family polaroid cannibals proto-slasher five friends visiting their grandfather's house in the country are hunted and terrorized by a chain-saw wielding killer and his family of grave-robbing cannibals. who will survive and what will be left of them?
660,31.036,141195658,130.0,thunderball,6.5,562,adventure action thriller paris florida fighterpilot sanatorium secretorganization nuclearmissile coralreef bahamas scubadiving scuba britishsecretservice a criminal organization has obtained two nuclear bombs and are asking for a 100 million pound ransom in the form of diamonds in seven days or they will use the weapons. the secret service sends james bond to the bahamas to once again save the world. look up!  look down!  look out!
10585,27.600843,44196684,87.0,child's play,6.3,581,"horror thriller gun birthday voodoo toy stalker murder blood slasher explosion killer doll evil toycomestolife ginger a single mother gives her son a beloved doll for his birthday, only to discover that it is possessed with the soul of a serial killer. chucky is one mean s.o.b."
238636,82.975841,108782847,104.0,the purge: anarchy,6.6,1954,"horror thriller bus assaultrifle sniper machete dystopia psychopath sequel revenge murder survival motorcycle violence oneday maskedman apartment death survivalhorror gatlinggun three groups of people are trying to survive purge night, when their stories intertwine and are left stranded in the purge trying to survive the chaos and violence that occurs. welcome to america, where one night a year, all crime is legal."
11282,18.514292,23936908,88.0,harold & kumar go to white castle,6.6,693,"comedy adventure brotherbrotherrelationship amsterdam trip roadtrip cannabis marijuana policechase smokingmarijuana buddy stoner fastfood onenight buddycomedy munchies cropcircle richparents carsiren bloodspurting sometimes, it takes a strange night to put everything else into focus. and that's exactly what happens to harold and his roommate, kumar, when they set out to get the best stoner fix money can buy: white castle hamburgers. both guys are at a crossroads, about to make major decisions that will affect the course of their lives. yet they arrive at wisdom by accident as they drive around new jersey in search of fast food. fast food. high times."
1621,34.022209,90400000,116.0,trading places,7.1,738,comedy christmastree fromragstoriches broker beggar dollar wager fishoutofwater millionaire commodities investor bigshot hoodlum wrongfularrest santahat a snobbish investor and a wily street con-artist find their positions reversed as part of a bet by two callous millionaires. some very funny business.
9671,16.072466,328203506,97.0,crocodile dundee,6.3,503,"adventure comedy newyork prostitute hotel journalist cultureclash subway crocodile wilderness knife tourist limousine poacher city australianoutback kangaroo when a new york reporter plucks crocodile hunter dundee from the australian outback for a visit to the big apple, it's a clash of cultures and a recipe for good-natured comedy as naïve dundee negotiates the concrete jungle. dundee proves that his instincts are quite useful in the city and adeptly handles everything from wily muggers to high-society snoots without breaking a sweat. there's a little of him in all of us."
1547,24.750909,32222567,97.0,the lost boys,6.8,538,horror comedy streetgang smalltown vampire comicbook boardwalk single amusementpark mothersonrelationship a mother and her two teenage sons move to a seemingly nice and quiet small coastal california town yet soon find out that it's overrun by bike gangs and vampires. a couple of teenage friends take it upon themselves to hunt down the vampires that they suspect of a few mysterious murders and restore peace and calm to their town. sleep all day. party all night. never grow old. never die. it's fun to be a vampire.
272693,40.28709,43528634,100.0,the duff,6.8,1322,"romance comedy highschool teenager popularity highschoolstudent teencomedy duringcreditsstinger girlnextdoor basedonyoungadultnovel bianca's universe turns upside down when she learns that her high school refers to her as a ‘duff' (designated ugly fat friend). hoping to erase that label, she enlists the help of a charming jock and her favorite teacher. together they'll face the school's mean girl and remind everyone that we are all someone's duff… and that's totally fine. you either know one, you have one, or you are one."
152747,28.540614,6108720,106.0,all is lost,6.6,671,"action adventure drama yacht sailor stormatsea unconsciousness liferaft container emergency distress verylittledialogue deep into a solo voyage in the indian ocean, an unnamed man (redford) wakes to find his 39-foot yacht taking on water after a collision with a shipping container left floating on the high seas. with his navigation equipment and radio disabled, the man sails unknowingly into the path of a violent storm. despite his success in patching the breached hull, his mariner's intuition and a strength that belies his age, the man barely survives the tempest. using only a sextant and nautical maps to chart his progress, he is forced to rely on ocean currents to carry him into a shipping lane in hopes of hailing a passing vessel. but with the sun unrelenting, sharks circling and his meager supplies dwindling, the ever-resourceful sailor soon finds himself staring his mortality in the face. never give up."
680,121.463076,213928762,154.0,pulp fiction,8.3,8428,"thriller crime transporter brothel drugdealer boxer massage stolenmoney crimeboss dancecontest junkyard kamikaze ambiguousending briefcase redemption heirloom pulpfiction referencetoalgreen theft brutality a burger-loving hit man, his philosophical partner, a drug-addled gangster's moll and a washed-up boxer converge in this sprawling, comedic crime caper. their adventures unfurl in three stories that ingeniously trip back and forth in time. just because you are a character doesn't mean you have character."
242582,89.095538,38697217,117.0,nightcrawler,7.6,3395,"crime drama thriller journalism underground tvstation sociopath homeinvasion carchase tvnews employeremployeerelationship ethics stringer when lou bloom, desperate for work, muscles into the world of l.a. crime journalism, he blurs the line between observer and participant to become the star of his own story. aiding him in his effort is nina, a tv-news veteran. the city shines brightest at night"
15121,37.960289,286214286,174.0,the sound of music,7.4,941,drama family music romance resistance austria worldwarii musical musiccompetition salzburg basedonplay classic alps governess convent musiccontest novice puppetshow nuninlove nazioccupation 1930s film adaptation of a classic rodgers and hammerstein musical based on a nun who becomes a governess for an austrian family. the happiest sound in all the world!
773,14.793177,100523181,102.0,little miss sunshine,7.5,1686,"comedy drama california brothersisterrelationship wifehusbandrelationship family'sdailylife oscaraward highway professorforliterature beautycontest beautyqueencontest roadtrip familyrelationships familyholiday roadmovie womandirector beautypageant a family loaded with quirky, colorful characters piles into an old van and road trips to california for little olive to compete in a beauty pageant. a family on the verge of a breakdown"
235,51.109279,52287414,89.0,stand by me,7.8,1522,"crime drama basedonnovel friendship comingofage railroadtrack storywithinthestory  flippingcoin campfirestory referencetosuperman normandybeach child 1950s boys after the death of a friend, a writer recounts a boyhood journey to find the body of a missing boy. for some, it's the last real taste of innocence, and the first real taste of life. but for everyone, it's the time that memories are made of."
170,45.490374,82719885,113.0,28 days later,7.1,1777,"horror thriller sciencefiction londonengland manchestercity submachinegun gasstation survivor daughter zombie virus twenty-eight days after a killer virus was accidentally unleashed from a british research facility, a small group of london survivors are caught in a desperate struggle to protect themselves from the infected. carried by animals and humans, the virus turns those it infects into homicidal maniacs -- and it's absolutely impossible to contain. his fear began when he woke up alone. his terror began when he realised he wasn't."
10734,26.356697,43000000,111.0,escape from alcatraz,7.2,561,"crime drama prison basedonnovel island mouse alcatraz biography prisonwarden escapeeconvict pubichair escapefromprison dummy inmate nudefight 1960s escape from alcatraz tells the story of the only three men ever to escape from the infamous maximum security prison at alcatraz. in 29 years, the seemingly impenetrable federal penitentiary, which housed al capone and ""birdman"" robert stroud, was only broken once - by three men never heard of again. no one has ever escaped from alcatraz...and no one ever will!"
40807,33.372828,39187783,100.0,50/50,7.0,1261,"comedy drama painter fathersonrelationship therapist cancer psychologist bestfriend doctor patient vomiting driver'slicense chemotherapy therapistpatientrelationship inspired by a true story, a comedy centered on a 27-year-old guy who learns of his cancer diagnosis, and his subsequent struggle to beat the disease. it takes a pair to beat the odds."
225565,37.821106,26049082,94.0,that awkward moment,6.1,1004,"comedy romance malefriendship friendship dating relationship duringcreditsstinger youngadult best pals jason and daniel indulge in casual flings and revel in their carefree, unattached lives. after learning that the marriage of their friend mikey is over, they gladly welcome him back into their circle. the three young men make a pact to have fun and avoid commitment. however, when all three find themselves involved in serious relationships, they must keep their romances secret from one another. when you realize getting some means wanting more."
1359,45.310443,34266564,102.0,american psycho,7.3,2066,"thriller drama crime basedonnovel wallstreet psychopath whitecollar harvardbusinessschool childofdivorce unreliablenarrator womandirector voiceimitation a wealthy new york investment banking executive hides his alternate psychopathic ego from his co-workers and friends as he escalates deeper into his illogical, gratuitous fantasies. i think my mask of sanity is about to slip."
37735,45.395839,74952305,92.0,easy a,6.7,2210,"comedy lie highschool school teenmovie rumor after a little white lie about losing her virginity gets out, a clean cut high school girl sees her life paralleling hester prynne's in ""the scarlet letter,"" which she is currently studying in school - until she decides to use the rumor mill to advance her social and financial standing. the rumour-filled totally false account of how i ruined my flawless reputation."
43923,13.143045,6491240,101.0,it's kind of a funny story,6.9,672,comedy drama suicide depression independentfilm comingofage teenmovie teenager psychiatricward womandirector basedonyoungadultnovel a clinically depressed teenager gets a new start after he checks himself into an adult psychiatric ward. sometimes what's in your head isn't as crazy as you think.
198277,35.735689,63464861,104.0,begin again,7.3,1254,"comedy music romance drama  gretta's celebrity boyfriend breaks up with her after a long-term relationship, leaving the singer to find success on her own. with the help of record producer, dan and hip-hop celebrity, trouble gum, gretta strives to fulfil her musical ambitions. you're only as strong as your next move."
149,39.338097,553171,124.0,akira,7.8,773,"sciencefiction animation savingtheworld totaldestruction megacity streetgang underground general stadium experiment atomicbomb mutation dystopia army cyberpunk anime motorcyclegangs childhood friends tetsuo and kaneda are pulled into the post-apocalyptic underworld of neo-tokyo and forced to fight for their very survival. kaneda is a bike gang leader, and tetsuo is a member of a tough motorcycle crew who becomes involved in a covert government project called akira. but a bloody battle ensues when kaneda sets out to save his friend. neo-tokyo is about to e.x.p.l.o.d.e."
9388,29.01153,24793509,92.0,thank you for smoking,7.1,664,"comedy drama fathersonrelationship capitalism basedonnovel smoking lie cigarette research law health marketing politics politician tobacco liar darkcomedy cancer independentfilm money morality socialsatire cigarettesmoking business advertising guilt humiliation lobby bribe corporation lungcancer lobbyist tobaccoindustry nicotine the chief spokesperson and lobbyist nick naylor is the vice-president of the academy of tobacco studies. he is talented in speaking and spins argument to defend the cigarette industry in the most difficult situations. his best friends are polly bailey that works in the moderation council in alcohol business, and bobby jay bliss of the gun business own advisory group safety. they frequently meet each other in a bar and they self-entitle the mod squad a.k.a. merchants of death, disputing which industry has killed more people. nick's greatest enemy is vermont's senator ortolan finistirre, who defends in the senate the use a skull and crossed bones in the cigarette packs. nick's son joey naylor lives with his mother, and has the chance to know his father in a business trip. when the ambitious reporter heather holloway betrays nick disclosing confidences he had in bed with her, his life turns upside-down. but nick is good in what he does for the mortgage. tobacco lobbyist nick naylor is trying to save your ash!"
7735,25.281197,19000000,107.0,the wave,7.5,841,drama thriller dictator trainer classroom fascism groupdynamics education nationalsocialism training squatter anarchist group gymnasium learningandteaching violenceinschools homepage socialexperiment a school teacher discusses types of government with his class. his students find it too boring to repeatedly go over national socialism and believe that dictatorship cannot be established in modern germany. he starts an experiment to show how easily the masses can become manipulated. evil is something that you learn
301365,38.150787,1333124,117.0,the neon demon,6.4,887,"thriller horror model when aspiring model jesse moves to los angeles, her youth and vitality are devoured by a group of beauty-obsessed women who will take any means necessary to get what she has. beauty is vicious."
7326,19.782725,231411584,96.0,juno,7.0,2244,"comedy drama romance sexuality becominganadult puberty firsttime oscaraward pregnancyandbirth pregnantminor precocity partnership teenager teenagepregnancy a young girl named juno gets herself pregnant and tries to stand on her own, but soon learns a few lessons about being grown up. a comedy about growing up... and the bumps along the way."
681,34.634181,116019547,120.0,diamonds are forever,6.3,553,adventure action thriller spy fight secretorganization satellite secretagent plasticsurgery smuggling murder extortion violence millionaire fingerprints dirtbike womandrowned casinoowner oldwomanmurdered highdive genderdisguise aftercreditsstinger mastervillain diamonds are stolen only to be sold again in the international market. james bond infiltrates a smuggling mission to find out who’s guilty. the mission takes him to las vegas where bond meets his archenemy blofeld. the man who made 007 a household number
238,143.659698,245066411,175.0,the godfather,8.4,5893,"drama crime italy loveatfirstsight lossoffather patriarch organizedcrime mafia lawyer italianamerican crimefamily risetopower mobboss 1940s spanning the years 1945 to 1955, a chronicle of the fictional italian-american corleone crime family. when organized crime family patriarch, vito corleone barely survives an attempt on his life, his youngest son, michael steps in to take care of the would-be killers, launching a campaign of bloody revenge. an offer you can't refuse."
19913,45.610993,60722734,95.0,(500) days of summer,7.2,2904,"comedy drama romance date sex jealousy fight architect gallery interview sister party love friends fate losangeles summer ikea year heartache tom (joseph gordon-levitt), greeting-card writer and hopeless romantic, is caught completely off-guard when his girlfriend, summer (zooey deschanel), suddenly dumps him. he reflects on their 500 days together to try to figure out where their love affair went sour, and in doing so, tom rediscovers his true passions in life. it was almost like falling in love."
77930,35.897151,167221571,110.0,magic mike,6.1,1040,"drama comedy dancing florida stripclub malestripper novice mike, an experienced stripper, takes a younger performer called the kid under his wing and schools him in the arts of partying, picking up women, and making easy money. work all day. work it all night."
253,30.465138,161777836,121.0,live and let die,6.4,533,adventure action thriller londonengland newyork bomb england spy sheriff dualidentity secretidentity drugtraffic tarotcards heroin crocodile jamaica secretmission secretintelligenceservice motorboat drugsmuggle voodoo tombstone aftercreditsstinger james bond must investigate a mysterious murder case of a british agent in new orleans. soon he finds himself up against a gangster boss named mr. big. roger moore is james bond.
8390,29.173266,55447968,112.0,"definitely, maybe",6.7,620,"comedy romance lovesickness loveofone'slife narration lovers kiss daughter affection relation makeamatch sexeducation relationship divorce fatherdaughterrelationship pastrelationship when will decides to tell his daughter the story of how he met her mother, he discovers that a second look at the past might also give him a second chance at the future. three relationships. three disasters. one last chance."
8068,25.511217,25405445,104.0,desperado,6.8,881,"thriller action crime gunslinger antiterror ambush mexico showdown guitar nudity hitman bartender revenge tragichero shootout mariachi explosion extremeviolence brutality druglord legbrace concealedweapon flashback bookstore a gunslinger is embroiled in a war with a local drug runner. when the smoke clears, it just means he's reloading."
682,30.214716,97572000,125.0,the man with the golden gun,6.3,524,adventure action thriller londonengland england martialarts assassin exoticisland gold hitman secretmission villain bangkok thailand floatplane karate hongkong duel pistol secretservice aftercreditsstinger a golden bullet has 007 engraved on it as it smashes into the secret service headquarters. the bullet came from the professional killer scaramanga who has yet to miss a target and james bond begins a mission to try and stop him. the man with the golden gun is ready to assassinate james bond.
9392,23.413188,0,99.0,the descent,6.8,1005,"adventure horror mutant expedition cave darkness rope climbing bestie appalachia friends femaleprotagonist survivalhorror after a tragic accident, six friends reunite for a caving expedition. their adventure soon goes horribly wrong when a collapse traps them deep underground and they find themselves pursued by bloodthirsty creatures. as their friendships deteriorate, they find themselves in a desperate struggle to survive the creatures and each other. scream your last breath."
308639,29.761163,17986781,103.0,dope,7.2,691,"crime drama comedy california hip-hop harvarduniversity geek comingofage teenager drug highschoolstudent malcolm is carefully surviving life in a tough neighborhood in los angeles while juggling college applications, academic interviews, and the sat. a chance invitation to an underground party leads him into an adventure that could allow him to go from being a geek, to being dope, to ultimately being himself. it's hard out here for a geek."
71859,21.276864,6038942,112.0,we need to talk about kevin,7.4,677,"drama thriller suburb violence killingspree prisonvisit guineapig brokenarm pottytraining womandirector the mother of a teenage sociopath who went on a high-school killing spree recalls her son's deranged behavior during childhood, as she deals with her grief. "
8374,34.917447,30471,108.0,the boondock saints,7.2,837,"action thriller crime arbitrarylaw boston twinbrother russianmafia prologue irish policestation pager duringcreditsstinger with a god-inspired moral obligation to act against evil, twin brothers conner and murphy set out to rid boston of criminals. however, rather than working within the system, these irish americans decide to take swift retribution into their own hands. thy kingdom come. thy will be done."
9571,26.181753,7993039,102.0,dazed and confused,7.4,583,"comedy drama 1970s texas highschool comedy comingofage summer teenager perioddrama greatsoundtrack the adventures of a group of texas teens on their last day of school in 1976, centering on student randall floyd, who moves easily among stoners, jocks and geeks. floyd is a star athlete, but he also likes smoking weed, which presents a conundrum when his football coach demands he sign a ""no drugs"" pledge. see it with a bud."
13649,21.01755,7000000,104.0,high school musical 2,6.1,843,"comedy drama family music musical music summer teenager summerjob countryclub the east high wildcats are ready to have the time of their lives. troy (zac efron) is thrilled when he’s offered a job in a country club, but it’s all part of sharpay’s (ashley tisdale) plot to lure him away from gabriella (vanessa hudgens). how will it all turn out? all questions are answered on the night of the club’s talent show. "
82505,25.613197,44287131,101.0,house at the end of the street,5.6,555,"horror thriller motherdaughterrelationship crossdressing violence mothersonrelationship fathersonconflict a mother and daughter move to a new town and find themselves living next door to a house where a young girl murdered her parents. when the daughter befriends the surviving son, she learns the story is far from over. fear reaches out... for the girl next door."
7347,23.604936,0,115.0,elite squad,7.8,504,"drama action crime slum policebrutality brazilian warondrugs riodejaneiro drugtraffic drugdealer torturebythepolice specialforces lawenforcement in 1997, before the visit of the pope to rio de janeiro, captain nascimento from bope (special police operations battalion) is assigned to eliminate the risks of the drug dealers in a dangerous slum nearby where the pope intends to be lodged. on the streets of rio only the elite survive"
250546,60.225219,255273813,99.0,annabelle,5.6,1517,"horror prequel evildoll killerdoll spinoff doll demonicpossession killertoys toycomestolife john form has found the perfect gift for his expectant wife, mia - a beautiful, rare vintage doll in a pure white wedding dress. but mia's delight with annabelle doesn't last long. on one horrific night, their home is invaded by members of a satanic cult, who violently attack the couple. spilled blood and terror are not all they leave behind. the cultists have conjured an entity so malevolent that nothing they did will compare to the sinister conduit to the damned that is now... annabelle. before the conjuring, there was annabelle."
76025,40.688426,17693675,100.0,shame,7.0,875,"drama pornography brothersisterrelationship sexaddiction newyorkcity thirtysomething sexaddict brandon is a new yorker who shuns intimacy with women but feeds his desires with a compulsive addiction to sex. when his wayward younger sister moves into his apartment stirring memories of their shared painful past, brandon's insular life spirals out of control. "
4836,24.0034,11850214,105.0,layer cake,7.0,559,"drama thriller crime kidnapping ecstasy drugtraffic drugmule hitman missionofmurder plannedmurder drugsmuggle exit murder when a seemingly straight-forward drug deal goes awry, xxxx has to break his die-hard rules and turn up the heat, not only to outwit the old regime and come out on top, but to save his own skin... "
218,74.234793,78371200,108.0,the terminator,7.3,4128,"action thriller sciencefiction savingtheworld artificialintelligence rebel cyborg shotgun killerrobot sunglasses dystopia carchase lasergun urbansetting futurewar in the post-apocalyptic future, reigning tyrannical supercomputers teleport a cyborg assassin known as the ""terminator"" back to 1984 to kill sarah connor, whose unborn son is destined to lead insurgents against 21st century mechanical hegemony. meanwhile, the human-resistance movement dispatches a lone warrior to safeguard sarah. can he stop the virtually indestructible killing machine? your future is in his hands."
338,11.086001,79384880,121.0,"good bye, lenin!",7.4,586,comedy drama romance bureaucracy berlinwall policestate coma lossofmother wifehusbandrelationship patriotism germandemocraticrepublic socialism newsbroadcast lossoffather lenin single   filmescontraocomunismo an affectionate and refreshing east/west-germany comedy about a boy who’s mother was in a coma while the berlin wall fell and when she wakes up he must try to keep her from learning what happen (since she was an avid communist supporter) to avoid shocking her which could lead to another heart attack. the german democratic republic lives on -- in 79 square meters!
621,67.608041,181813770,110.0,grease,7.2,1581,"romance flyingcar streetgang running graduation musical rivalry gossip makeover basedonstagemusical automobileracing nostalgic greaser wolfwhistle schooldance animatedcredits peprally wrongsideofthetracks mooning schoolprincipal australian good girl sandy and greaser danny fell in love over the summer. but when they unexpectedly discover they're now in the same high school, will they be able to rekindle their romance despite their eccentric friends? grease is the word"
792,49.802914,138530565,120.0,platoon,7.5,1205,"drama war action famousscore hero mine vietnamwar village gore jungle fword soldier battle combat 1960s as a young and naive recruit in vietnam, chris taylor faces a moral crisis when confronted with the horrors of war and the duality of man. the first casualty of war is innocence."
642,24.499996,102308889,110.0,butch cassidy and the sundance kid,7.4,650,"history drama western crime wyoming historicalfigure lootsharing in late 1890s wyoming, butch cassidy is the affable, clever and talkative leader of the outlaw hole in the wall gang. his closest companion is the laconic dead-shot 'sundance kid'. as the west rapidly becomes civilized, the law finally catches up to butch, sundance and their gang.  chased doggedly by a special posse, the two decide to make their way to south america in hopes of evading their pursuers once and for all. not that it matters, but most of it is true."
433,59.961523,102272727,139.0,mary poppins,7.4,1183,"comedy family fantasy londonengland dancing parentskidsrelationship bank brothersisterrelationship famousscore confidence nanny laughing magic chimneysweeper musical liveactionandanimation the movie combines a diverting story, songs, color and sequences of live action blended with the movements of animated figures. mary poppins is a kind of super-nanny who flies in with her umbrella in response to the request of the banks children and proceeds to put things right with the aid of her rather extraordinary magical powers before flying off again. it's supercalifragilisticexpialidocious!"
629,64.025031,23341568,106.0,the usual suspects,8.1,3254,"drama crime thriller law relatives theft criminal criminalmastermind hungarian sibling held in an l.a. interrogation room, verbal kint attempts to convince the feds that a mythic crime lord, keyser soze, not only exists, but was also responsible for drawing him and his four partners into a multi-million dollar heist that ended with an explosion in san pedro harbor – leaving few survivors. verbal lures his interrogators with an incredible story of the crime lord's almost supernatural prowess. five criminals. one line up. no coincidence."
11452,35.108498,38275483,92.0,national lampoon’s van wilder,5.9,858,"comedy romance malenudity femalenudity sex college lockerroom doggystyle flirting exposé pug bonbon fraternitypledge greekletter laxative van wilder has been attending college for far too many years and is scared to graduate, but van’s father eventually realizes what is going on. when he stops paying his son's tuition fees, van must come up with the money if he wants to stay in college, so he and his friends come up with a great fund-raising idea – throwing parties. however, when the college magazine finds out and reporter, gwen is sent to do a story on van wilder, things get a little complicated. don't graduate. celebrate."
12163,40.196514,44703995,109.0,the wrestler,7.3,1000,"drama romance supermarket heartattack ambition daughter wrestling sport stripper steroids fame barbedwire wrestler redemption aging wrestler randy ""the ram"" robinson is long past his prime but still ready and rarin' to go on the pro-wrestling circuit. after a particularly brutal beating, however, randy hangs up his tights, pursues a serious relationship with a long-in-the-tooth stripper, and tries to reconnect with his estranged daughter. but he can't resist the lure of the ring and readies himself for a comeback. love. pain. glory."
1103,24.351305,50244700,99.0,escape from new york,6.9,703,"sciencefiction action taxi streetgang usapresident warveteran hostage kidnapping liberationofprisoners antihero gangsterboss dystopia policeoperation attempttoescape cyberpunk reluctanthero in 1997, the island of manhattan has been walled off and turned into a giant maximum security prison within which the country's worst criminals are left to form their own anarchic society. however, when the president of the united states crash lands on the island, the authorities turn to a former soldier and current convict, snake plissken, to rescue him. 1997. new york city is now a maximum security prison. breaking out is impossible. breaking in is insane."
1523,26.286954,48027970,121.0,the last king of scotland,7.4,558,"drama dictator 1970s general kidnapping naivety luxury oscaraward charisma polygamy uganda dictatorship young scottish doctor, nicholas garrigan decides it's time for an adventure after he finishes his formal education, so he decides to try his luck in uganda, and arrives during the downfall of president obote. general idi amin comes to power and asks garrigan to become his personal doctor. charming. magnetic. murderous."
1443,26.218912,10409377,97.0,the virgin suicides,7.1,817,"drama romance michigan 1970s youth family womandirector a group of male friends become obsessed with five mysterious sisters who are sheltered by their strict, religious parents. beautiful, mysterious, haunting, invariably fatal. just like life."
455,22.054546,76578641,112.0,bend it like beckham,6.2,578,"comedy drama romance londonengland tradition indianlead cultureclash immigration roleofwomen sikh women'ssoccer soccer family womandirector jess bhamra, the daughter of a strict indian couple in london, is not permitted to play organized soccer, even though she is 18. when jess is playing for fun one day, her impressive skills are seen by jules paxton, who then convinces jess to play for her semi-pro team. jess uses elaborate excuses to hide her matches from her family while also dealing with her romantic feelings for her coach, joe. sometimes, to follow your dreams... you've got to bend the rules!"
9277,28.500913,159616327,129.0,the sting,7.9,622,comedy crime drama chicago bet horserace repayment conman mafiaboss violence ragtime referencetomuttandjeff offtrackbetting stingoperation alley 1930s 20thcentury set in the 1930's this intricate caper deals with an ambitious small-time crook and a veteran con man who seek revenge on a vicious crime lord who murdered one of their gang. ...all it takes is a little confidence.
138697,33.296684,0,90.0,don jon,5.9,1671,"romance comedy drama pornography sex sexaddiction malefemalerelationship internetporn malemasturbation masturbation a new jersey guy dedicated to his family, friends, and church, develops unrealistic expectations from watching porn and works to find happiness and intimacy with his potential true love. everyone loves a happy ending."
5528,20.982455,0,96.0,the chorus,7.5,526,"drama penalty choir diary musical boy'schoir dormitory music boardingschool children principal boys'boardingschool 1940s set in 1940's france, a new teacher at a school for disruptive boys gives hope and inspiration. "
979,32.476098,792,97.0,irreversible,7.1,538,"drama thriller crime mystery paris prostitute rape sex nudity trauma knife assault police love revenge unsimulatedsex cruelty brutality violence drug dark evil boyfriend rapeandrevenge underpass newfrenchextremism events over the course of one traumatic night in paris unfold in reverse-chronological order as the beautiful alex is brutally raped and beaten by a stranger in the underpass. her boyfriend and ex-lover take matters into their own hands by hiring two criminals to help them find the rapist so that they can exact revenge. a simultaneously beautiful and terrible examination of the destructive nature of cause and effect, and how time destroys everything. time destroys everything."
91586,48.375848,0,106.0,insidious: chapter 2,6.5,1211,horror thriller hauntedhouse possession demon family ghost brideinblack the haunted lambert family seeks to uncover the mysterious childhood secret that has left them dangerously connected to the spirit world. it will take what you love most.
215,42.187986,152925093,92.0,saw ii,6.3,1251,"horror riddle serialkiller when a new murder victim is discovered with all the signs of jigsaw's hand, detective eric matthews begins a full investigation and apprehends jigsaw with little effort. but for jigsaw, getting caught is just another part of his plan. eight more of his victims are already fighting for their lives and now it's time for matthews to join the game... oh yes... there will be blood."
333371,53.698683,108286421,103.0,10 cloverfield lane,6.8,2468,"thriller sciencefiction drama kidnapping bunker paranoia basement survivalist apocalypse caraccident captive after a car accident, michelle awakens to find herself in a mysterious bunker with two men named howard and emmett. howard offers her a pair of crutches to help her remain mobile with her leg injury sustained from the car crash and tells her to ""get good on those"" before leaving the bunker. she has been given the information that there has been an alien attack and the outside world is poisoned. however, howard and emmett's intentions soon become questionable and michelle is faced with a question: is it better in here or out there? monsters come in many forms."
345911,48.170508,44107032,81.0,lights out,6.3,1129,"horror thriller suicide darkness basement basedonshortstory fearofthedark ghost when rebecca left home, she thought she left her childhood fears behind. growing up, she was never really sure of what was and wasn’t real when the lights went out…and now her little brother, martin, is experiencing the same unexplained and terrifying events that had once tested her sanity and threatened her safety. a frightening entity with a mysterious attachment to their mother, sophie, has reemerged. "
72571,29.15813,205703818,83.0,paranormal activity 3,5.9,669,"horror witch sistersisterrelationship sequel prequel haunting foundfootage in 1988, evil begins to terrorize young sisters katie and kristi for the first time when an invisible entity resides in their home. it runs in the family"
242512,56.30466,103590271,89.0,ouija,4.9,983,horror deathofafriend swimmingpool ouija ouijaboard teenager basedonboardgame ghost spiritualism supernaturalhorror a group of friends must confront their most terrifying fears when they awaken the dark powers of an ancient spirit board. keep telling yourself it's just a game
82990,20.326337,142817992,95.0,paranormal activity 4,5.2,563,"horror garage poltergeist webcam imaginaryfriend bathtub tricycle foundfootage laptopcomputer videotape evilchild levitation aftercreditsstinger neighborneighborrelationship adoptedchild it has been five years since the disappearance of katie and hunter, and a suburban family witness strange events in their neighborhood when a woman and a mysterious child move in. it's closer than you think"
1955,30.271066,26010864,124.0,the elephant man,7.9,719,"drama history exploitation biography hospital curiosity sideshow disfigurement physicaldeformity freak 19thcentury dignity a victorian surgeon rescues a heavily disfigured man being mistreated by his ""owner"" as a side-show freak. behind his monstrous façade, there is revealed a person of great intelligence and sensitivity. based on the true story of joseph merrick (called john merrick in the film), a severely deformed man in 19th century london. i am not an animal! i am a human being! i... am... a man!"
152532,59.454473,55198285,117.0,dallas buyers club,7.9,2886,"drama history women aids biography basedontruestory hiv drug 1980s loosely based on the true-life tale of ron woodroof, a drug-taking, women-loving, homophobic man who in 1986 was diagnosed with hiv/aids and given thirty days to live. sometimes it takes a hustler to change the world"
243940,20.304235,64110728,83.0,the lazarus effect,5.1,505,"thriller horror terror experiment afterlife paranormal violence death evil researcher possesion medical researcher frank, his fiancee zoe and their team have achieved the impossible: they have found a way to revive the dead. after a successful, but unsanctioned, experiment on a lifeless animal, they are ready to make their work public. however, when their dean learns what they've done, he shuts them down. zoe is killed during an attempt to recreate the experiment, leading frank to test the process on her. zoe is revived -- but something evil is within her. evil will rise."
77,60.715151,39723096,113.0,memento,8.1,4028,"mystery thriller individual insulin tattoo waitress amnesia motel insurancesalesman revenge memoryloss polaroid flashback neo-noir suffering short-term memory loss after a head injury, leonard shelby embarks on a grim quest to find the lowlife who murdered his wife in this gritty, complex thriller that packs more knots than a hangman's noose. to carry out his plan, shelby snaps polaroids of people and places, jotting down contextual notes on the backs of photos to aid in his search and jog his memory. he even tattoos his own body in a desperate bid to remember. some memories are best forgotten."
157547,35.871248,44030246,104.0,oculus,6.3,1050,horror hallucination supernatural mirror skepticism ghost a woman tries to exonerate her brother's murder conviction by proving that the crime was committed by a supernatural phenomenon. you see what it wants you to see
71,20.428237,110000000,110.0,billy elliot,7.4,750,"drama comedy music workers'quarter dancingclass strike northernengland scholarship ballet set against the background of the 1984 miner's strike, billy elliot is an 11 year old boy who stumbles out of the boxing ring and onto the ballet floor. he faces many trials and triumphs as he strives to conquer his family's set ways, inner conflict, and standing on his toes! inside every one of us is a special talent waiting to come out. the trick is finding it."
147773,32.14444,23198652,103.0,the way way back,7.1,688,"comedy drama shyness beach bicycle conversation friendship stepfather vacation job neighbor summer teenager waterpark awkwardness over the course of his summer break, a teenager comes into his own thanks in part to the friendship he strikes up with one of the park's managers. we've all been there."
256274,26.510558,40100000,93.0,"as above, so below",6.1,766,"horror thriller paris treasure catacombs scientist singinginacar archaeologist lossoffriend subjectivecamera foundfootage thickaccent femalearcheologist burningcar philosopher'sstone frenchaccent rappinginacar when a team of explorers ventures into the catacombs that lie beneath the streets of paris, they uncover the dark secret that lies within this city of the dead. the only way out is down."
284293,35.307577,43884652,99.0,still alice,7.5,1104,"drama mother professor illness alice howland, happily married with three grown children, is a renowned linguistics professor who starts to forget words. when she receives a devastating diagnosis, alice and her family find their bonds tested. "
8346,18.115566,368744044,95.0,my big fat greek wedding,6.2,671,comedy drama romance usa parentskidsrelationship greece cultureclash midlifecrisis restaurant badmother-in-law mother-in-law parents-in-law son-in-law father-in-law patriarch badfather-in-law greek wedding family xenophobia a young greek woman falls in love with a non-greek and struggles to get her family to accept him while she comes to terms with her heritage and cultural identity. love is here to stay... so is her family.
122081,62.554173,31724284,94.0,spring breakers,5.0,1551,"drama crime femalenudity sex florida drugdealer nudity femalefriendship party arthouse drug springbreak youngadult after four college girls rob a restaurant to fund their spring break in florida, they get entangled with a weird dude with his own criminal agenda. a little sun can bring out your dark side."
747,49.12486,30039392,99.0,shaun of the dead,7.5,2420,"horror comedy recordcollection flower cheese pub surrey romanticcomedy zombie english tvshowinfilm cricketbat brokenbottle survivalhorror britishpub englishpub you'vegotredonyou shaun lives a supremely uneventful life, which revolves around his girlfriend, his mother, and, above all, his local pub. this gentle routine is threatened when the dead return to life and make strenuous attempts to snack on ordinary londoners. a romantic comedy. with zombies."
192141,38.006982,54418872,103.0,no escape,6.7,777,"action thriller hotel revolution raceagainsttime engineer coup survival rebellion execution american family americanabroad u.s.embassy foreign in their new overseas home, an american family soon finds themselves caught in the middle of a coup, and they frantically look for a safe escape in an environment where foreigners are being immediately executed. no rescue. no refuge."
335,49.333137,5321508,175.0,once upon a time in the west,8.1,1128,western showdown bounty bountyhunter lossofbrother sadness blackmail harmonica antihero auction dyinganddeath peasant insanity spaghettiwestern this classic western masterpiece is an epic film about a widow whose land and life are in danger as the railroad is getting closer and closer to taking them over. a mysterious harmonica player joins forces with a desperado to protect the woman and her land. there were three men in her life. one to take her... one to love her... and one to kill her.
17431,46.114184,9760104,97.0,moon,7.6,1794,"sciencefiction drama moon artificialintelligence clone isolation future dystopia space cloning moonbase with only three weeks left in his three year contract, sam bell is getting anxious to finally return to earth. he is the only occupant of a moon-based manufacturing facility along with his computer and assistant, gerty. when he has an accident however, he wakens to find that he is not alone. the last place you'd ever expect to find yourself."
4553,35.252056,8203235,101.0,the machinist,7.3,1247,"thriller drama factory insomnia postit machinist cleaningbathroomtile osha taunting manhole onearmedman torment departmentofmotorvehicles mother'sday losingweight oldphotograph dostoevsky the machinist is the story of trevor reznik, a lathe-operator who is dying of insomnia. in a machine shop, occupational hazards are bad enough under normal circumstances; yet for trevor the risks are compounded by fatigue. trevor has lost the ability to sleep. this is no ordinary insomnia... a little guilt goes a long way..."
313922,30.001024,3220371,95.0,green room,6.7,683,horror crime thriller skinhead heroin music cover-up murder suspense gore ducttape swastika pitbull witnesstomurder meatcleaver bittenintheneck neonazi punkband fireextinguisher mumblegore killerdog mauling boxcutter feedback micstand a young punk rock band find themselves trapped in a secluded venue after stumbling upon a horrific act of violence. one way in. no way out.
46838,19.940245,5476793,89.0,tucker and dale vs evil,7.3,847,"comedy horror cabin chainsaw hillbilly bodyinchipper cutoffjeans two hillbillies are suspected of being killers by a group of paranoid college kids camping near the duo's west virginian cabin. as the body count climbs, so does the fear and confusion as the college kids try to seek revenge against the pair. evil just messed with the wrong hillbillies."
298312,38.94708,98450062,94.0,the visit,6.0,1360,"horror thriller rapmusic pennsylvania brothersisterrelationship farm grandparents murder children independentfilm farmhouse singlemother violence oven foundfootage hideandseek diaper the terrifying story of a brother and sister who are sent to their grandparents' remote pennsylvania farm for a weeklong trip. once the children discover that the elderly couple is involved in something deeply disturbing, they see their chances of getting back home are growing smaller every day. no one loves you like your grandparents."
1690,38.83192,80578934,94.0,hostel,5.7,887,"horror bathroom sex amsterdam europe brothel slovakia backpacker horror gore blood torture businesscard doberman hostel surgery eliteclub fingers three backpackers head to a slovakian city that promises to meet their hedonistic expectations, with no idea of the hell that awaits them. welcome to your worst nightmare"
77987,35.754865,10337387,90.0,only god forgives,5.6,862,"drama thriller crime bangkok suicidal arthouse neo-noir drugtrafficker verylittledialogue emasculation julian, who runs a thai boxing club as a front organization for his family's drug smuggling operation, is forced by his mother jenna to find and kill the individual responsible for his brother's recent death. time to meet the devil"
9336,15.002502,146198896,96.0,police academy,6.5,602,"comedy crime trainer recruit shenanigan policeacademy new rules enforced by the lady mayoress mean that sex, weight, height and intelligence need no longer be a factor for joining the police force. this opens the floodgates for all and sundry to enter the police academy, much to the chagrin of the instructors. not everyone is there through choice, though. social misfit mahoney has been forced to sign up as the only alternative to a jail sentence and it doesn't take long before he falls foul of the boorish lieutenant harris. but before long, mahoney realises that he is enjoying being a police cadet and decides he wants to stay... while harris decides he wants mahoney out! what an institution!"
712,29.834065,254700832,117.0,four weddings and a funeral,6.6,632,comedy drama romance upperclass loveatfirstsight weddingvows marriageproposal yuppie loveofone'slife lonewolf snob witness bride bridegroom bridesmaid funeral clumsyfellow friendship wedding gaycouple four weddings and a funeral is a british comedy about a british man named charles and an american woman named carrie who go through numerous weddings before they determine if they are right for one another. five good reasons to stay single.
1429,30.196039,13060843,135.0,25th hour,7.2,629,"crime drama prison prisoner dream drugdealer nightclub americandream malefriendship melancholy girlfriend friendship aftercreditsstinger the filmed adaptation from david benioff's novel of the same name. set in new york, a convicted drug dealer named monty has one day left of freedom before he is sent to prison. anger, blame, frustration, betrayal, guilt and loneliness are themes on this last day of friends, family, parties, saying goodbye, and setting things straight. a spike lee joint. this life was so close to never happening."
641,11.573034,7390108,102.0,requiem for a dream,7.9,2443,crime drama drugaddiction junkie heroin speed diet unsociability illegalprostitution the hopes and dreams of four ambitious people are shattered when their drug addictions begin spiraling out of control. a look into addiction and how it overcomes the mind and body. 
141,61.210016,1270522,113.0,donnie darko,7.7,3452,"fantasy drama mystery parentskidsrelationship airplane timetravel schoolpresentation schoolperformance suburbia vision morality teenager after narrowly escaping a bizarre accident, a troubled teenager is plagued by visions of a large bunny rabbit that manipulates him to commit a series of crimes. you can never go too far"
510,127.525581,108981275,133.0,one flew over the cuckoo's nest,8.2,2919,"drama individual rebel self-destruction wheelchair lunaticasylum dyinganddeath rageandhate freedom insanity basicrightsandhumanrights psychiatrist while serving time for insanity at a state mental hospital, implacable rabble-rouser, randle patrick mcmurphy inspires his fellow patients to rebel against the authoritarian rule of head nurse, mildred ratched. if he's crazy, what does that make you?"
10947,16.536374,0,98.0,high school musical,6.1,1000,"comedy drama family music tvmovie becominganadult musical music highschool schoolperformance highschoolsports jock teenager clique theater peerpressure teenageromance troy (zac efron), the popular captain of the basketball team, and gabriella (vanessa anne hudgens), the brainy and beautiful member of the academic club, break all the rules of east high society when they secretly audition for the leads in the school's musical. as they reach for the stars and follow their dreams, everyone learns about acceptance, teamwork, and being yourself. and it's all set to fun tunes and very cool dance moves! this school rocks like no other!"
10331,25.666029,30000000,96.0,night of the living dead,7.5,580,"horror brothersisterrelationship cemetery gun gasstation lossoffather cellar house barricade zombie trapped bitten a group of people try to survive an attack of bloodthirsty zombies while trapped in a rural pennsylvania farmhouse. although not the first zombie film, night of the living dead is the progenitor of the contemporary ""zombie apocalypse"" horror film, and it greatly influenced the modern pop-culture zombie archetype. if it doesn't scare you, you're already dead!"
153,45.66662,119723856,102.0,lost in translation,7.3,1895,"drama upperclass hotelroom agedifference commercial karaoke homesickness cultureclash jetlag popstar unsociability aftercreditsstinger womandirector two lost souls visiting tokyo -- the young, neglected wife of a photographer and a washed-up movie star shooting a tv commercial -- find an odd solace and pensive freedom to be real in each other's company, away from their lives in america. everyone wants to be found."
703,35.892034,38251425,93.0,annie hall,7.8,1010,"comedy drama romance narration neurosis comedian jobinterview love singer jewish breakingthefourthwall talkingtotheaudience volkswagenbeetle in the city of new york, comedian alvy singer falls in love with the ditsy annie hall. a nervous romance."
287424,40.016306,187112,95.0,maggie,5.2,593,"horror post-apocalyptic dystopia zombie there's a deadly zombie epidemic threatening humanity, but wade, a small-town farmer and family man, refuses to accept defeat even when his daughter maggie becomes infected. as maggie's condition worsens and the authorities seek to eradicate those with the virus, wade is pushed to the limits in an effort to protect her. joely richardson co-stars in this post-apocalyptic thriller. don't get bitten"
241251,24.161735,52425855,91.0,the boy next door,4.1,1022,"thriller malenudity femalenudity sex adultery infidelity obsession blackmail villain hiddencamera blinddate deathofafriend insanity highschool stalker sociopath unrequitedlove neighbor unfaithfulness losangeles principal caraccident violence sexscene extramaritalaffair tiedup carexplosion highschoolteacher fatalattraction mothersonrelationship olderwomanyoungermanrelationship criticallybashed lossoffriend womaninjeopardy cryingwoman damselindistress eroticthriller muscular a recently cheated on married woman falls for a younger man who has moved in next door, but their torrid affair soon takes a dangerous turn. a moment she couldn't resist. an obsession he can't control."
39781,15.338211,34705850,106.0,the kids are all right,6.5,506,"comedy drama lesbianrelationship lesbian dinner motorcycle argument biologicalfather artificialinsemination controlfreak vegetablegarden womandirector lgbtfamily two women, nic and jules, brought a son and daughter into the world through artificial insemination. when one of their children reaches age, both kids go behind their mothers' backs to meet with the donor. life becomes so much more interesting when the father, two mothers and children start to become attached to each other. nic and jules had the perfect family, until they met the man who made it all possible."
8337,29.852608,13008928,94.0,they live,7.1,550,"action horror sciencefiction thriller dystopia socialcommentary alieninvasion sunglasses brawl nada, a down-on-his-luck construction worker, discovers a pair of special sunglasses. wearing them, he is able to see the world as it really is: people being bombarded by media and government with messages like ""stay asleep"", ""no imagination"", ""submit to authority"". even scarier is that he is able to see that some usually normal-looking people are in fact ugly aliens in charge of the massive campaign to keep humans subdued. who are they? and what do they want?"
5925,35.061467,11744471,172.0,the great escape,7.8,717,"adventure drama history thriller war basedonnovel optimism switzerland baseball famousscore prisoner shower worldwarii prisonersofwar claustrophobia nazis machinegun attempttoescape uniform freedom basedontruestory prisonguard escape swastika barbedwire solitaryconfinement motorcycle motorcyclejump alps the nazis, exasperated at the number of escapes from their prison camps by a relatively small number of allied prisoners, relocates them to a high-security 'escape-proof' camp to sit out the remainder of the war. undaunted, the prisoners plan one of the most ambitious escape attempts of world war ii. based on a true story. put a fence in front of these men... and they'll climb it!"
85350,43.40352,44349000,164.0,boyhood,7.5,1971,"drama dailylife family'sdailylife urbanlife growingup domesticabuse comingofage parenting divorce family divorcedparents abusivehusband the film tells a story of a divorced couple trying to raise their young son. the story follows the boy for twelve years, from first grade at age 6 through 12th grade at age 17-18, and examines his relationship with his parents as he grows. 12 years in the making."
6537,29.071955,44000000,105.0,the orphanage,7.1,633,"horror drama thriller schizophrenia suppressedpast wife a woman brings her family back to her childhood home, which used to be an orphanage, intent on reopening it. before long, her son starts to communicate with a new invisible friend. a tale of love.  a story of horror."
5,22.87623,4300000,98.0,four rooms,6.5,530,"crime comedy hotel newyear'seve witch bet hotelroom sperm losangeles hoodlum womandirector episodefilm it's ted the bellhop's first night on the job...and the hotel's very unusual guests are about to place him in some outrageous predicaments. it seems that this evening's room service is serving up one unbelievable happening after another. twelve outrageous guests. four scandalous requests. and one lone bellhop, in his first day on the job, who's in for the wildest new year's eve of his life."
770,48.98255,400176459,238.0,gone with the wind,7.7,970,drama romance war lifeanddeath civilwar southernusa lossofchild marriageproposal atlanta luxury plantation typhus businesswoman marriagecrisis an american classic in which a manipulative woman and a roguish man carry on a turbulent love affair in the american south during the civil war and reconstruction. the greatest romance of all time!
813,46.116885,83453539,88.0,airplane!,7.1,1074,"comedy chicago alcohol cataclysm guitar medicine taxidriver passenger saxophone stewardess pilot airplane fearofflying aircontroller landing autopilot kiss spoof losangeles alcoholabuse aftercreditsstinger anarchiccomedy alcoholic pilot, ted striker has developed a fear of flying due to wartime trauma, but nevertheless boards a passenger jet in an attempt to woo back his stewardess girlfriend. food poisoning decimates the passengers and crew, leaving it up to striker to land the plane with the help of a glue-sniffing air traffic controller and striker's vengeful former air force captain, who must both talk him down. what's slower than a speeding bullet, and able to hit tall buildings at a single bound?"
10634,25.5748,28215918,91.0,friday,7.0,503,"comedy rapmusic parentskidsrelationship rapper job craig and smokey are two guys in los angeles hanging out on their porch on a friday afternoon, smoking and drinking, looking for something to do. a lot can go down between thursday and saturday..."
310131,50.319662,40423945,92.0,the witch,6.3,1434,"mystery horror witch newengland 17thcentury new england in the 1630s: william and katherine lead a devout christian life with five children, homesteading on the edge of an impassable wilderness. when their newborn son vanishes and crops fail, the family turns on one another. beyond their worst fears, a supernatural evil lurks in the nearby wood. evil takes many forms."
25376,25.894065,33965843,129.0,the secret in their eyes,7.8,626,crime drama mystery romance rape secret writing homicide kidnapping passion suspect investigation police partner murder tension argentina justice eyes a retired legal counselor writes a novel hoping to find closure for one of his past unresolved homicide cases and for his unreciprocated love with his superior - both of which still haunt him decades later. 
765,35.674774,5923044,84.0,evil dead ii,7.6,742,horror comedy fantasy deer bloodsplatter taperecorder chainsaw spirit violence overthetop shotinthearm bookofthedead evildead eyeball necronomicon tarmac meatcleaver shotthroughawall ash williams and his girlfriend linda find a log cabin in the woods with a voice recording from an archeologist who had recorded himself reciting ancient chants from “the book of the dead.” as they play the recording an evil power is unleashed taking over linda’s body. the sequel to the ultimate experience in grueling terror
46146,12.982319,4159678,103.0,troll hunter,6.7,583,"fantasy horror hunter mountains wilderness adventure forest secretgovernmentorganization huntingtrip wildlife conspiracy troll mockumentary foundfootage aftercreditsstinger a group of students investigates a series of mysterious bear killings, but learns that there are much more dangerous things going on. they start to follow a mysterious hunter, learning that he is actually a troll hunter. you believe it when you see it!"
50839,26.259389,19504039,107.0,margin call,6.7,524,thriller drama capitalism brokerage wallstreet downsizing financialcrisis stockmarket stockmarketcrash 21stcentury investment a thriller that revolves around the key people at an investment bank over a 24-hour period during the early stages of the financial crisis. be first. be smarter. or cheat.
244786,192.528841,13092000,105.0,whiplash,8.3,4254,"drama jazz obsession conservatory musicteacher newyorkcity violence montage drummer publichumiliation jazzband youngadult musicschool under the direction of a ruthless instructor, a talented young drummer begins to pursue perfection at any cost, even his humanity. the road to greatness can take you to the edge."
598,44.356711,30641770,130.0,city of god,8.1,1814,"drama crime malenudity streetgang brazilian photographer 1970s puberty ghetto gangwar comingofage womandirector 1980s cidade de deus is a shantytown that started during the 1960s and became one of rio de janeiro’s most dangerous places in the beginning of the 1980s. to tell the story of this place, the movie describes the life of various characters, all seen by the point of view of the narrator, buscapé. buscapé was raised in a very violent environment. despite the feeling that all odds were against him, he finds out that life can be seen with other eyes: the eyes of an artist. by accident, he becomes a professional photographer, gaining his freedom. if you run you're dead... if you stay, you're dead again. period."
103663,21.826888,16800000,115.0,the hunt,7.9,927,"drama fathersonrelationship denmark lie pedophilia kindergarten father deer children teacher school pedophile divorce hunting a teacher lives a lonely life, all the while struggling over his son’s custody. his life slowly gets better as he finds love and receives good news from his son, but his new luck is about to be brutally shattered by an innocent little lie. the lie is spreading."
805,26.180367,33395426,136.0,rosemary's baby,7.5,863,horror drama mystery anti-christ contemporarysetting laundry occult demonicpossession sataniccult luckycharm womaninjeopardy eatingdisorder catholicpriest a young couple moves into an infamous new york apartment building to start a family. things become frightening as rosemary begins to suspect her unborn baby isn't safe around their strange neighbors. pray for rosemary's baby
658,47.812466,124881062,110.0,goldfinger,7.2,987,"adventure action thriller secretorganization secretintelligenceservice nuclearradiation fortknox astonmartin secretlab kentucky gasattack airplane britishsecretservice duringcreditsstinger special agent 007 (sean connery) comes face to face with one of the most notorious villains of all time, and now he must outwit and outgun the powerful tycoon to prevent him from cashing in on a devious scheme to raid fort knox -- and obliterate the world's economy. everything he touches turns into excitement!"
1585,42.868495,9644124,130.0,it's a wonderful life,8.0,1076,"drama family fantasy holiday angel basedonnovel bank suicideattempt smalltown christmastree greatdepression christmaseve feel-goodending guardianangel christmas george bailey has spent his entire life giving of himself to the people of bedford falls. he has always longed to travel but never had the opportunity in order to prevent rich skinflint mr. potter from taking over the entire town. all that prevents him from doing so is george's modest building and loan company, which was founded by his generous father. but on christmas eve, george's uncle billy loses the business's $8,000 while intending to deposit it in the bank. potter finds the misplaced money, hides it from billy, and george's troubles begin. it's a wonderful laugh! it's a wonderful love!"
627,63.513324,16491080,93.0,trainspotting,7.8,2655,"drama crime londonengland alcohol sex basedonnovel drugaddiction drugdealer nightclub junkie heroin coldturkey modernsociety hallucination friendship surrealism darkcomedy stealing monologue cultfilm recoveringdrugaddict illegaldrugs drugdeal drugrehabilitation drugculture antihero renton, deeply immersed in the edinburgh drug scene, tries to clean up and get out, despite the allure of the drugs and influence of friends. choose life."
41436,22.789649,177512032,91.0,paranormal activity 2,5.7,722,"horror thriller ouijaboard haunting demonicpossession foundfootage duringcreditsstinger just as dan and kristi welcome a newborn baby into their home, a demonic presence begins terrorizing them, tearing apart their perfect world and turning it into an inescapable nightmare. security cameras capture the torment, making every minute horrifyingly real. in 2009 you demanded it. nothing can prepare you for what's next."
158015,54.403033,89328627,86.0,the purge,6.0,2428,"sciencefiction horror thriller dystopia barricade homeinvasion constitutionalconvention legalizedmurder socialallegory given the country's overcrowded prisons, the u.s. government begins to allow 12-hour periods of time in which all illegal activity is legal. during one of these free-for-alls, a family must protect themselves from a home invasion. one night a year, all crime is legal."
82507,41.045084,77712439,110.0,sinister,6.7,1573,"horror thriller mystery drowning pennsylvania childmurderer carsetonfire murder bagoverhead massacre poweroutage hangedman heldcaptive hanging death attic noopeningcredits super-8 ghostchild filmedkilling crimenovelist found footage helps a true-crime novelist realize how and why a family was murdered in his new home, though his discoveries put his entire family in the path of a supernatural entity. once you see him, nothing can save you."
826,23.109959,33300000,161.0,the bridge on the river kwai,7.7,542,"drama history war japan resistance japanese river prisonersofwar thailand bridge officer the classic story of english pows in burma forced to build a bridge to aid the war effort of their japanese captors. british and american intelligence officers conspire to blow up the structure, but col. nicholson , the commander who supervised the bridge's construction, has acquired a sense of pride in his creation and tries to foil their plans. it spans a whole new world of entertainment!"
132344,23.299907,11176469,108.0,before midnight,7.4,568,romance drama hotel airport hotelroom greece dream greek friends author writer summervacation twins we meet jesse and celine nine years on in greece. almost two decades have passed since their first meeting on that train bound for vienna. everything's better with maturity.
252,23.981601,4000000,100.0,willy wonka & the chocolate factory,7.4,798,family fantasy chocolate factoryworker basedonnovel candy tvaddictedperson overweightchild grandfathergrandsonrelationship factory musical single teacher eccentric candy man willy wonka prompts a worldwide frenzy when he announces that golden tickets hidden inside five of his delicious candy bars will admit their lucky holders into his top-secret confectionary. but does wonka have an agenda hidden amid a world of oompa loompas and chocolate rivers? it's scrumdiddlyumptious!
670,56.76349,14980005,120.0,oldboy,8.0,1945,"drama thriller mystery action sushirestaurant rageandhate notebook daughter hostility sin revenge loneliness urination anger catholic incest southhypnosis with no clue how he came to be imprisoned, drugged and tortured for 15 years, a desperate businessman seeks revenge on his captors. 15 years of imprisonment, five days of vengeance"
239,39.30982,25000000,122.0,some like it hot,8.0,808,"comedy romance chicago witness musician mafia crossdressing band spats allgirlband st.valentine'sdaymassacre sugar valentine'sday dressing two musicians witness a mob hit and struggle to find a way out of the city before they are found by the gangsters. their only opportunity is to join an all-girl band as they leave on a tour. to make their getaway they must first disguise themselves as women, then keep their identities secret and deal with the problems this brings - such as an attractive bandmate and a very determined suitor. the movie too hot for words!"
630,67.417542,33754967,102.0,the wizard of oz,7.4,1642,"adventure family fantasy witch adolescence basedonnovel secretidentity clock dream lion tornado scarecrow musical crow music kansas classic imaginaryland cowardliness sepiacolor young dorothy finds herself in a magical world where she makes friends with a lion, a scarecrow and a tin man as they make their way along the yellow brick road to talk with the wizard and ask for the things they miss most in their lives. the wicked witch of the west is the only thing that could stop them. we're off to see the wizard, the wonderful wizard of oz!"
3034,36.444894,86273333,106.0,young frankenstein,7.7,854,"comedy sciencefiction experiment castle assistant bride frankenstein laboratory madscientist mobster spoof horrorspoof scientist frankenstein'smonster a young neurosurgeon inherits the castle of his grandfather, the famous dr. victor von frankenstein. in the castle he finds a funny hunchback, a pretty lab assistant and the elderly housekeeper. young frankenstein believes that the work of his grandfather was delusional, but when he discovers the book where the mad doctor described his reanimation experiment, he suddenly changes his mind. the scariest comedy of all time!"
11072,22.793929,119500000,93.0,blazing saddles,7.2,609,"western comedy gun saloon governor marchingband comedy western spoof interruptedhanging railroad cowboy westerntown westernspoof ceremony frontiertown lookingatthecamera saloongirl movierealitycrossover nietzsche coot self-referential femalesinger anarchiccomedy a town – where everyone seems to be named johnson – is in the way of the railroad and, in order to grab their land, hedley lemar, a politically connected nasty person, sends in his henchmen to make the town unlivable. after the sheriff is killed, the town demands a new sheriff from the governor, so hedley convinces him to send the town the first black sheriff in the west. never give a saga an even break!"
872,36.556954,7200000,103.0,singin' in the rain,7.8,727,"comedy music romance fan morning musical talkie partner movieinmovie broadway audience chorusgirl dictioncoach pearlnecklace flapper in 1927 hollywood, don lockwood and lina lamont are a famous on-screen romantic pair in silent movies, but lina mistakes the on-screen romance for real love. when their latest film is transformed into a musical, don has the perfect voice for the songs, but strident voice faces the studio to dub her voice. aspiring actress, kathy selden is brought in and, while she is working on the movie, don falls in love with her. what a glorious feeling!"
139038,18.661541,60141683,86.0,a haunted house,5.4,516,"comedy horror horrorspoof foundfootage duringcreditsstinger a spoof of all the ""found-footage/documentary style"" films released in recent years. this $*%! ain't paranormal."
401,30.583959,26781723,102.0,garden state,7.1,618,"comedy drama romance newjersey paraplegic lossofmother expensiverestaurant popculture ecstasy strangeness epilepsy lethargy answeringmachine difficultchildhood unsociability single marijuana losangeles psychiatrist gravedigger andrew returns to his hometown for the funeral of his mother, a journey that reconnects him with past friends. the trip coincides with his decision to stop taking his powerful antidepressants. a chance meeting with sam - a girl also suffering from various maladies - opens up the possibility of rekindling emotional attachments, confronting his psychologist father, and perhaps beginning a new life. "
76,23.672571,5535405,105.0,before sunrise,7.7,959,"drama romance dialogue sunrise talking soulmates walking austria traveller danube bittersweet romantic vienna a dialogue marathon of a film, this fairytale love story of an american boy and french girl. during a day and a night together in vienna their two hearts collide. can the greatest romance of your life last only one night?"
157386,25.722747,6854611,95.0,the spectacular now,6.8,1048,"comedy drama romance alcoholism comingofage teenager highschoolstudent basedonyoungadultnovel a hard-partying high school senior's philosophy on life changes when he meets the not-so-typical ""nice girl."" from the writers of (500) days of summer"
7512,27.940093,495303,84.0,idiocracy,6.3,664,"adventure comedy sciencefiction prostitute capitalism usapresident arena congress future humanexperimentation dystopia army stupidity hibernation darkcomedy socialsatire brainwashing surveillance u.s.congress dystopicfuture massmedia to test its top-secret human hibernation project, the pentagon picks the most average americans it can find - an army private and a prostitute - and sends them to the year 2505 after a series of freak events. but when they arrive, they find a civilization so dumbed-down that they're the smartest people around. in the future, intelligence is extinct."
756,32.875469,83320000,124.0,fantasia,7.2,808,"animation family music orchestra classicalmusic musicalsegments walt disney's timeless masterpiece is an extravaganza of sight and sound! see the music come to life, hear the pictures burst into song and experience the excitement that is fantasia over and over again. the most sensational sound you'll ever see!"
8329,31.691617,30448000,78.0,[rec],7.1,934,horror mystery terror obsession camcorder firemen religionandsupernatural realitytv bite cinematographer attempttoescape lodger live-reportage foundfootage a television reporter and cameraman follow emergency workers into a dark apartment building and are quickly locked inside with something terrifying. one witness. one camera
657,41.298723,78898765,115.0,from russia with love,6.9,760,"action thriller adventure venice londonengland terror england assassination spy assassin istanbul russia secretmission secretorganization secretintelligenceservice kgb orientexpress zagreb gondola phantom villain duringcreditsstinger agent 007 is back in the second installment of the james bond series, this time battling a secret crime organization known as spectre. russians rosa klebb and kronsteen are out to snatch a decoding device known as the lektor, using the ravishing tatiana to lure bond into helping them. bond willingly travels to meet tatiana in istanbul, where he must rely on his wits to escape with his life in a series of deadly encounters with the enemy the world's masters of murder pull out all the stops to destroy agent 007!"
270303,100.876794,14674076,100.0,it follows,6.6,1832,"horror thriller chase supernatural friends vision school youngadult followed for 19-year-old jay, fall should be about school, boys and weekends out at the lake. but a seemingly innocent physical encounter turns sour and gives her the inescapable sense that someone, or something, is following her. faced with this burden, jay and her teenage friends must find a way to escape the horror that seems to be only a few steps behind. it doesn't think, it doesn't feel, it doesn't give up"
595,22.139842,13129846,129.0,to kill a mockingbird,8.0,657,"crime drama blackpeople basedonnovel brothersisterrelationship becominganadult isolation arbitrarylaw sociallydeprivedfamily treehouse wrongaccusal farmworker intolerance exclusion courtcase defence rightandjustice court child in a small alabama town in the 1930s, scrupulously honest and highly respected lawyer, atticus finch puts his career on the line when he agrees to represent tom robinson, a black man accused of rape. the trial and the events surrounding it are seen through the eyes of finch's six-year-old daughter, scout. while robinson's trial gives the movie its momentum, there are plenty of anecdotal occurrences before and after the court date: scout's ever-strengthening bond with older brother, jem, her friendship with precocious young dill harris, her father's no-nonsense reactions to such life-and-death crises as a rampaging mad dog, and especially scout's reactions to, and relationship with, boo radley, the reclusive 'village idiot' who turns out to be her salvation when she is attacked by a venomous bigot. "
8810,37.117362,24600832,95.0,mad max 2: the road warrior,7.3,957,"adventure action thriller sciencefiction explosive boomerang pilot chase post-apocalyptic dystopia deal survivor feralchild australia community ex-cop truck sequel independentfilm oil wasteland gangrape violence dog desolate oilrefinery disfigurementmask musicbox oiltanker wanderer ozploitation motorcyclegangs max rockatansky returns as the heroic loner who drives the dusty roads of a postapocalyptic australian outback in an unending search for gasoline. arrayed against him and the other scraggly defendants of a fuel-depot encampment are the bizarre warriors commanded by the charismatic lord humungus, a violent leader whose scruples are as barren as the surrounding landscape. when all that's left is one last chance, pray that he's still out there ... somewhere!"
582,34.938177,70000000,137.0,the lives of others,7.9,958,"drama thriller germany berlin suicide berlinwall corruption germandemocraticrepublic stasi blackmail coldwar sovietunion nudity propaganda freedomofspeech housesearch artists'life spying arts government interrogation surveillance ministerforeducation heartbreak eastgermany communism mfs a tragic love story set in east berlin with the backdrop of an undercover stasi controlled culture. stasi captain wieler is ordered to follow author dreyman and plunges deeper and deeper into his life until he reaches the threshold of doubting the system. before the fall of the berlin wall, east germany's secret police listened to your secrets."
80,14.799323,15992615,80.0,before sunset,7.6,718,drama romance paris journalist dialogue talking soulmates walking bookshop loveofone'slife author nine years ago two strangers met by chance and spent a night in vienna that ended before sunrise. they are about to meet for the first time since. now they have one afternoon to find out if they belong together. what if you had a second chance with the one that got away?
55,23.281616,20908467,154.0,amores perros,7.6,521,drama thriller homelessperson mexicocity daughter secretlove dogfight money dog nonlineartimeline multiplestorylines newmexicancinema three different people in mexico city are catapulted into dramatic and unforeseen circumstances in the wake of a terrible car crash: a young punk stumbles into the sinister underground world of dog fighting; an injured supermodel's designer pooch disappears into the apartment's floorboards; and an ex-radical turned hit man rescues a gunshot rotweiler. love. betrayal. death.
39013,20.834883,13831503,100.0,winter's bone,6.8,565,"drama father court bail drugtrade girl aftercreditsstinger duringcreditsstinger womandirector 17 year-old ree dolly sets out to track down her father, who put their house up for his bail bond and then disappeared. if she fails, ree and her family will be turned out into the ozark woods. challenging her outlaw kin's code of silence and risking her life, ree hacks through the lies, evasions and threats offered up by her relatives and begins to piece together the truth. talking just causes witnesses"
301351,28.819424,11122090,96.0,we are your friends,6.3,658,"drama music romance dj young cole carter dreams of hitting the big time as a hollywood disc jockey, spending his days and nights hanging with buddies and working on the one track that will set the world on fire. opportunity comes knocking when he meets james reed, a charismatic dj who takes the 23-year-old under his wing. soon, his seemingly clear path to success gets complicated when he starts falling for his mentor's girlfriend, jeopardizing his new friendship and the future he seems destined to fulfill. the world is yours."
26388,32.841229,19152480,94.0,buried,6.6,827,"drama thriller mystery isolation coffin raceagainsttime buriedalive survival terrorism danger cellphone desert psychological aftercreditsstinger captivity chasesandraces mindandsoul confined paul is a u.s. truck driver working in iraq. after an attack by a group of iraqis he wakes to find he is buried alive inside a coffin. with only a lighter and a cell phone it's a race against time to escape this claustrophobic death trap. 170,000 sq miles of desert. 90 minutes of oxygen. no way out."
935,41.996783,9440272,95.0,dr. strangelove or: how i learned to stop worrying and love the bomb,8.0,1442,"drama comedy war usapresident general coldwar strategicaircommand nuclearmissile warroom bomberpilot nuclearweapons exnazi doomsdaydevice absurdism insane general jack d. ripper initiates a nuclear strike on the soviet union. as soon as the actions of general ""buck"" turgidson are discovered, a war room full of politicians, generals and a russian diplomat all frantically try to stop the nuclear strike. near the end is a scene that is probably the most uniquely unforgettable performance of slim pickens in his movie career. peter sellers plays multiple roles in this film. the hot-line suspense comedy"
104,27.36562,7267585,81.0,run lola run,7.2,664,"action drama thriller berlin casino nun redhair running homelessperson supermarket ambulance subway daughter money fate lola receives a phone call from her boyfriend manni. he lost 100,000 dm in a subway train that belongs to a very bad guy. she has 20 minutes to raise this amount and meet manni. otherwise, he will rob a store to get the money. three different alternatives may happen depending on some minor event along lola's run. every second of every day you're faced with a decision that can change your life."
43947,26.281839,572809,108.0,i spit on your grave,6.3,519,"thriller crime horror rape fondling revenge writer strangulation femalewriter gardenshears rapeandrevenge a remake of the 1979 controversial cult classic, i spit on your grave retells the horrific tale of writer jennifer hills who takes a retreat from the city to a charming cabin in the woods to start on her next book. but jennifer's presence in the small town attracts the attention of a few morally deprived locals led by johnny, the town's service station owner, his two co-workers, andy and stanley, who along with their socially and mentally challenged friend matthew, set out one night to teach this city girl a lesson. it's date night"
49018,58.594852,97009150,103.0,insidious,6.8,1737,"horror thriller medium evilspirit housewarming aftercreditsstinger a family discovers that dark spirits have invaded their home after their son inexplicably falls into an endless sleep. when they reach out to a professional for help, they learn things are a lot more personal than they thought. it's not the house that's haunted."
3082,28.27648,8500000,87.0,modern times,8.1,856,"drama comedy factory ambulance invention tramp greatdepression industrialrevolution slapstick machine pardon guilty the tramp struggles to live in modern industrial society with the help of a young homeless woman. he stands alone as the greatest entertainer of modern times! no one on earth can make you laugh as heartily or touch your heart as deeply...the whole world laughs, cries and thrills to his priceless genius!"
408,80.171283,184925486,83.0,snow white and the seven dwarfs,6.9,1914,"fantasy animation family poison witch becominganadult sadness queen attemptedmurder dyinganddeath appearance princess candlelightvigil snowwhite a beautiful girl, snow white, takes refuge in the forest in the house of seven dwarfs to hide from her stepmother, the wicked queen. the queen is jealous because she wants to be known as ""the fairest in the land,"" and snow white's beauty surpasses her own. the happiest, dopiest, grumpiest, sneeziest movie of the year."
100,16.032594,3897569,105.0,"lock, stock and two smoking barrels",7.5,1648,comedy crime ambush alcohol shotgun tea joint machismo cocktail rifle marijuana cockneyaccent potsmoking hatchet antique cardsharp anger carjacking piano stripshow highstakes a card sharp and his unwillingly-enlisted friends need to make a lot of cash quick after losing a sketchy poker match. to do this they decide to pull a heist on a small-time gang who happen to be operating out of the flat next door. a disgrace to criminals everywhere.
176,63.655973,103911669,103.0,saw,7.2,2184,"horror mystery crime shotgun basedonshortfilm sadist pistol chained bludgeoning gameofdeath obsessed with teaching his victims the value of life, a deranged, sadistic serial killer abducts the morally wayward. once captured, they must face impossible choices in a horrific game of survival. the victims must fight to win their lives back, or die trying... live or die. make your choice."
500,66.925866,14661007,99.0,reservoir dogs,8.0,3697,"crime thriller traitor jewelry psychopath thief heist betrayal mystery escape gang plangonewrong warehouse ensemblecast allmalecast toldinflashback heistgonewrong foreshadowing rendezvous iconic setinoneroom uneasyalliance ragtaggroup a botched robbery indicates a police informant, and the pressure mounts in the aftermath at a warehouse. crime begets violence as the survivors -- veteran mr. white, newcomer mr. orange, psychopathic parolee mr. blonde, bickering weasel mr. pink and nice guy eddie -- unravel. every dog has his day."
429,88.377076,6000000,161.0,"the good, the bad and the ugly",8.1,2311,"western bountyhunter refugee gold antihero gallows hitman army outlaw shootout moralambiguity spaghettiwestern while the civil war rages between the union and the confederacy, three men – a quiet loner, a ruthless hit man and a mexican bandit – comb the american southwest in search of a strongbox containing $200,000 in stolen gold. for three men the civil war wasn't hell. it was practice."
94329,40.285095,4105187,101.0,the raid,7.3,1055,"action thriller crime crimeboss tenement highrise monitor towerblock jakartaindonesia swat swatteam deep in the heart of jakarta's slums lies an impenetrable safe house for the world's most dangerous killers and gangsters. until now, the run-down apartment block has been considered untouchable to even the bravest of police. cloaked under the cover of pre-dawn darkness and silence, an elite swat team is tasked with raiding the safe house in order to take down the notorious drug lord that runs it.  but when a chance encounter with a spotter blows their cover and news of their assault reaches the drug lord, the building's lights are cut and all the exits blocked. stranded on the sixth floor with no way out, the unit must fight their way through the city's worst to survive their mission. starring indonesian martial arts sensation iko uwais. 1 ruthless crime lord, 20 elite cops, 30 floors of hell"
289,43.729123,10462500,102.0,casablanca,7.9,1422,"drama romance lovetriangle corruption spy resistance casablanca emigration visa patriotism nationalism concentrationcamp nazis war melodrama filmnoir in casablanca, morocco in december 1941, a cynical american expatriate meets a former lover, with unforeseen complications. they had a date with fate in casablanca!"
1366,72.19808,117235147,119.0,rocky,7.5,1791,"drama underdog philadelphia transporter italo-american fight loveofone'slife publicity boxer independence boxingmatch training lovers surprise worldchampion amateur victory when world heavyweight boxing champion, apollo creed wants to give an unknown fighter a shot at the title as a publicity stunt, his handlers choose palooka rocky balboa, an uneducated collector for a philadelphia loan shark. rocky teams up with trainer  mickey goldmill to make the most of this once in a lifetime break. his whole life was a million-to-one shot."
277685,41.972329,62882090,82.0,unfriended,5.5,1047,"horror thriller computer bullying revenge internet teenager violence internetchat humiliation death extramaritalaffair vengefulghost computerscreen ghost onenight foundfootage skype facebook blender while video chatting one night, six high school friends receive a skype message from a classmate who killed herself exactly one year ago. a first they think it's a prank, but when the girl starts revealing the friends' darkest secrets, they realize they are dealing with something out of this world, something that wants them dead. told entirely from a young girl's computer desktop, unfriended redefines 'found footage' for a new generation of teens. online, your memories last forever. but so do your mistakes."
103,58.845025,28262574,114.0,taxi driver,8.0,2535,"crime drama vietnamveteran taxi obsession drugdealer nightshift vigilante alienation misanthrope shottodeath illegalprostitution loner a mentally unstable vietnam war veteran works as a night-time taxi driver in new york city where the perceived decadence and sleaze feeds his urge for violent action, attempting to save a preadolescent prostitute in the process. on every street in every city, there's a nobody who dreams of being a somebody."
646,48.901542,59600000,110.0,dr. no,6.9,940,"adventure action thriller londonengland england assassination spy casino exoticisland cardgame spacemarine intelligence jamaica secretbase secretmission baccarat secretorganization secretintelligenceservice nuclearradiation villain secretagent atomicreactor in the film that launched the james bond saga, agent 007 battles mysterious dr. no, a scientific genius bent on destroying the u.s. space program. as the countdown to disaster begins, bond must go to jamaica, where he encounters beautiful honey ryder, to confront a megalomaniacal villain in his massive island headquarters. now meet the most extraordinary gentleman spy in all fiction!"
46705,26.881611,16566240,112.0,blue valentine,6.9,890,"drama romance dancing nurse depression classroom bridge marriage truck love dysfunctionalfamily children dean and cindy live a quiet life in a modest neighborhood. they appear to have the world at their feet at the outset of the relationship. however, his lack of ambition and her retreat into self-absorption cause potentially irreversible cracks in their marriage. nobody baby but you and me"
244267,37.555398,336472,106.0,i origins,7.5,1063,"sciencefiction drama independentfilm eyes molecularbiologist i origins follows a molecular biologist studying the evolution of the human eye.  he finds his work permeating his life after a brief encounter with an exotic young woman who slips away from him.  as his research continues years later with his lab partner, they make a stunning scientific discovery that has far reaching implications and complicates both his scientific and and spiritual beliefs.  traveling half way around the world, he risks everything he has ever known to validate his theory. "
2652,25.918007,7022209,103.0,hard candy,6.8,701,"drama thriller suicide rape agedifference photographer ice shower menace lie pedophilia manipulation bedroom sadism electricshock coffeeshop castration insanity vigilante sociopath deception neighbor teenagegirl crying torture sadist pedophile cruelty oldermanyoungerwomanrelationship oneday justice drinking rooftop heldcaptive mentalillness threat sexualtorture screaming electricaltorture childhoodsexualabuse photostudio verbalabuse a mature 14-year old girl meets a charming 32-year old photographer on the internet. suspecting that he is a pedophile, she goes to his home in an attempt to expose him. strangers shouldn't talk to little girls."
3170,47.651878,267447150,70.0,bambi,6.8,1405,"animation drama family forest comingofage bestfriend lossoflovedone bambi's tale unfolds from season to season as the young prince of the forest learns about life, love, and friends. a great love story."
84332,25.186002,4007792,85.0,safety not guaranteed,6.8,556,comedy romance sciencefiction drama timetravel three magazine employees head out on an assignment to interview a guy who placed a classified ad seeking a companion for time travel. what would you go back for?
2667,41.690578,248000000,81.0,the blair witch project,6.3,1055,"horror mystery witch voodoo legend sorcery maryland forest footage horror true student lost foundfootage film in october of 1994 three student filmmakers disappeared in the woods near burkittsville, maryland, while shooting a documentary. a year later their footage was found. the scariest movie of all time is a true story."
346,39.756748,271841,207.0,seven samurai,8.2,878,"action drama japan samurai peasant looting rice fencing village moralambiguity battle practice 16thcentury a samurai answers a village's request for protection after he falls on hard times. the town needs protection from bandits, so the samurai gathers six others to help him teach the people how to defend themselves, and the villagers provide the soldiers with food. a giant battle occurs when 40 bandits attack the village. the mighty warriors who became the seven national heroes of a small town"
43933,26.406001,4242978,94.0,monsters,6.2,587,"drama thriller sciencefiction monster pyramid radio dystopia infection forest low-budget alien alieninvasion centralamerica vigil cattle deadfish six years ago nasa discovered the possibility of alien life within our solar system. a probe was launched to collect samples, but crashed upon re-entry over central america. soon after, new life forms began to appear and half of mexico was quarantined as an infected zone. today, the american and mexican military still struggle to contain ""the creatures,"" while a journalist agrees to escort a shaken tourist through the infected zone in mexico to the safety of the u.s. border. after six years, they're no longer aliens. they're residents"
8193,23.603514,46118097,95.0,napoleon dynamite,6.7,554,"comedy underdog brotherbrotherrelationship idaho highschool chat independentfilm teenager schooldance socialoutcast aftercreditsstinger a listless and alienated teenager decides to help his new friend win the class presidency in their small western high school, while he must deal with his bizarre family life back home. he's out to prove he's got nothing to prove."
23827,47.456823,193355800,86.0,paranormal activity,5.9,1316,"horror mystery haunting psychic entity demonicpossession foundfootage after a young, middle class couple moves into a suburban 'starter' tract house, they become increasingly disturbed by a presence that may or may not be somehow demonic but is certainly most active in the middle of the night. especially when they sleep. or try to. what happens when you sleep?"
762,64.782984,5028948,91.0,monty python and the holy grail,7.8,1708,"adventure comedy fantasy holygrail monk scotlandyard swordplay camelot roundtable chapter aggressionbyanimal knight kingarthur weddingreception midnightmovie montypython knightsoftheroundtable anarchiccomedy king arthur, accompanied by his squire, recruits his knights of the round table, including sir bedevere the wise, sir lancelot the brave, sir robin the not-quite-so-brave-as-sir-lancelot and sir galahad the pure. on the way, arthur battles the black knight who, despite having had all his limbs chopped off, insists he can still fight. they reach camelot, but arthur decides not  to enter, as ""it is a silly place"". and now! at last! another film completely different from some of the other films which aren't quite the same as this one is."
9029,38.100488,170000000,99.0,what happens in vegas,5.8,923,"comedy romance casino hotel roommate fictitiousmarriage romanticcomedy rivalry wedding lasvegas during a wild vacation in las vegas, career woman joy mcnally and playboy jack fuller come to the sober realization that they have married each other after a night of drunken abandon. they are then compelled, for legal reasons, to live life as a couple for a limited period of time. at stake is a large amount of money. get lucky"
764,35.037625,29400000,85.0,the evil dead,7.3,894,"horror falselyaccused beheading audiotape logcabin chainsaw giantplant aggressionbyplant lodge friends stopmotion evil occult bookofthedead necronomicon demonicpossession videonasty unofficialremake when a group of college students finds a mysterious book and recording in the old wilderness cabin they've rented for the weekend, they unwittingly unleash a demonic force from the surrounding forest. the ultimate experience in grueling terror"
389,59.259204,1000000,96.0,12 angry men,8.2,2078,"drama judge jurors sultriness deathpenalty fathermurder puertorican anonymity courtcase heat group class innocence court courtroom the defense and the prosecution have rested and the jury is filing into the jury room to decide if a young spanish-american is guilty or innocent of murdering his father. what begins as an open and shut case soon becomes a mini-drama of each of the jurors' prejudices and preconceptions about the trial, the accused, and each other. life is in their hands. death is on their minds."
431,44.656151,501818,90.0,cube,6.9,1069,thriller sciencefiction mystery riddle autism claustrophobia maze primenumber entrapment mathematics murder escape violence numbers canuxploitation seven strangers are taken out of their daily lives and placed mysteriously in a deadly cube where they all agree they must find their way out. don't look for a reason... look for a way out.
29917,20.265518,0,101.0,exam,6.6,523,thriller mystery gun room suspicion guard pill job psychologist disease interrogation candidate narcissist corporation pandemic rules the final candidates for a highly desirable corporate job are locked together in an exam room and given a test so simple and confusing that tension begins to unravel. how far would you go to win the ultimate job?
18533,18.450613,2260712,92.0,bronson,6.9,733,"drama action crime prison isolation a young man who was sentenced to 7 years in prison for robbing a post office ends up spending 30 years in solitary confinement. during this time, his own personality is supplanted by his alter ego, charles bronson. the man. the myth. the celebrity."
9659,33.142185,100000000,93.0,mad max,6.6,1213,"adventure action thriller sciencefiction chain baby bridge post-apocalyptic dystopia matteroflifeanddeath benzine biker partner truck motorcycle motorcyclegang explodingcar ozploitation in a dystopian future australia, a vicious biker gang murders a cop's family, and makes his fight with them personal. the maximum force of the future"
391,38.771062,14500000,99.0,a fistful of dollars,7.6,883,"western gangwar victimofmurder greed hostility spaghettiwestern the man with no name enters the mexican village of san miguel in the midst of a power struggle among the three rojo brothers and sheriff john baxter. when a regiment of mexican soldiers bearing gold intended to pay for new weapons is waylaid by the rojo brothers, the stranger inserts himself into the middle of the long-simmering battle, selling false information to both sides for his own benefit. in his own way he is perhaps, the most dangerous man who ever lived!"
13363,31.339015,0,87.0,the man from earth,7.7,687,"sciencefiction drama philosophy secret birthday professor psychology bible time legend immortality history survival prehistoric memory anthropology religion church science cavemen an impromptu goodbye party for professor john oldman becomes a mysterious interrogation after the retiring scholar reveals to his colleagues he never ages and has walked the earth for 14,000 years. from one of the acclaimed writers of star trek and the twilight zone comes a story that transcends both time and space..."
55420,25.402697,1776935,92.0,another earth,6.8,527,"drama sciencefiction earth tragedy janitor planet duplicate cosmology ego solarsystem on the night of the discovery of a duplicate earth in the solar system, an ambitious young student and an accomplished composer cross paths in a tragic accident. "
473,27.788067,3221152,84.0,pi,7.1,586,"mystery drama thriller hacker mathematician helix headache chaostheory migraine mathematics insanity genius the debut film from darren aronofsky in which a mathematical genius maximilian cohen discovers a link in the connection between numbers and reality and thus believes he can predict the future. there will be no order, only chaos"
9372,10.400603,28575078,100.0,super size me,6.6,506,"documentary comedy drama experiment health junkfood foodindustry fastfood mcdonald'srestaurant morgan spurlock subjects himself to a diet based only on mcdonald's fast food three times a day for thirty days without exercising to try to prove why so many americans are fat or obese. he submits himself to a complete check-up by three doctors, comparing his weight along the way, resulting in a scary conclusion. the first ever reality-based movie ... everything begins and ends in 30 days!"
242095,27.662696,600896,95.0,the signal,5.8,631,"thriller sciencefiction hacker supernaturalpowers roadtrip independentfilm superpower boyfriendgirlfriendrelationship secretlaboratory three college students on a road trip across the southwest experience a detour – the tracking of a computer genius who has already hacked into mit and exposed security faults. when the trio find themselves drawn to an eerily isolated area, suddenly everything goes dark. when one of the students regains consciousness, he finds himself in a waking nightmare. r u agitated?"
2292,19.748658,3151130,92.0,clerks,7.4,755,"comedy salesclerk loser aftercreditsstinger convenience and video store clerks dante and randal are sharp-witted, potty-mouthed and bored out of their minds. so in between needling customers, the counter jockeys play hockey on the roof, visit a funeral home and deal with their love lives. just because they serve you doesn't mean they like you."
14337,23.307949,424760,77.0,primer,6.9,658,"sciencefiction drama thriller distrust garage identitycrisis timetravel timemachine mathematics independentfilm paradox mechanicalengineering friends/fledgling entrepreneurs invent a device in their garage that reduces the apparent mass of any object placed inside it, but they accidentally discover that it has some highly unexpected capabilities -- ones that could enable them to do and to have seemingly anything they want. taking advantage of this unique opportunity is the first challenge they face. dealing with the consequences is the next. what happens if it actually works?"
